time,flux
2882.334709312126,17143150.0
2882.33609824274,17142998.0
2882.337487172888,17169912.0
2882.3388761035017,17170732.0
2882.3402650341163,17172616.0
2882.341653964731,17169964.0
2882.3430428953457,17179628.0
2882.3444318259594,17194794.0
2882.345820756574,17186728.0
2882.347209687188,17196028.0
2882.3485986178025,17207104.0
2882.3499875484163,17201794.0
2882.351376479031,17212568.0
2882.3527654096447,17215648.0
2882.3541543402594,17207458.0
2882.355543270873,17212806.0
2882.356932201488,17229246.0
2882.3583211321015,17231218.0
2882.359710063182,17215626.0
2882.3610989937965,17241968.0
2882.362487924411,17247480.0
2882.363876855025,17233556.0
2882.3652657856387,17238654.0
2882.3666547162525,17244492.0
2882.368043646867,17247372.0
2882.3694325779466,17253846.0
2882.3708215085617,17254340.0
2882.372210439177,17251388.0
2882.3735993697906,17256296.0
2882.374988300871,17266612.0
2882.376377231484,17266202.0
2882.3777661620975,17266962.0
2882.379155092712,17269454.0
2882.3805440237925,17276510.0
2882.381932954407,17262266.0
2882.383321885022,17275338.0
2882.3847108161012,17281832.0
2882.386099746716,17287680.0
2882.3874886773297,17281418.0
2882.38887760841,17289064.0
2882.3902665390233,17266450.0
2882.391655470103,17294240.0
2882.393044400718,17295212.0
2882.394433331798,17281182.0
2882.395822262412,17295538.0
2882.3972111930266,17284656.0
2882.398600124106,17276632.0
2882.3999890547207,17314246.0
2882.401377985801,17298602.0
2882.4027669164157,17286210.0
2882.404155847495,17307410.0
2882.4055447785745,17275306.0
2882.4069337091883,17322510.0
2882.4083226402686,17294154.0
2882.4097115708823,17287166.0
2882.411100501963,17303380.0
2882.4124894325782,17294888.0
2882.4138783636577,17308310.0
2882.415267294738,17286054.0
2882.4166562253513,17296754.0
2882.4180451564303,17297322.0
2882.4194340875106,17301378.0
2882.4208230181243,17291102.0
2882.422211949205,17305280.0
2882.423600880286,17291560.0
2882.4249898108997,17302914.0
2882.42637874198,17297780.0
2882.4277676730594,17279946.0
2882.4291566041397,17305630.0
2882.4305455347526,17301338.0
2882.431934465833,17293976.0
2882.4333233969132,17288942.0
2882.434712327993,17296542.0
2882.436101259073,17292790.0
2882.4374901901524,17291116.0
2882.438879120767,17290670.0
2882.4402680518465,17282910.0
2882.441656982927,17290718.0
2882.4430459140062,17283202.0
2882.4444348450866,17288612.0
2882.445823776166,17285992.0
2882.4472127072463,17298480.0
2882.4486016383257,17276538.0
2882.449990569406,17291034.0
2882.4513795004855,17284774.0
2882.4527684311006,17288074.0
2882.4541573621814,17282292.0
2882.455546293261,17288468.0
2882.45693522434,17286128.0
2882.4583241554196,17285820.0
2882.4597130869647,17267908.0
2882.461102018045,17272628.0
2882.4624909491254,17291578.0
2882.4638798802057,17278434.0
2882.465268811286,17268094.0
2882.4666577423654,17286452.0
2882.4680466734458,17284704.0
2882.469435604525,17272814.0
2882.4708245356046,17269242.0
2882.472213466684,17274758.0
2882.4736023977644,17270570.0
2882.4749913293103,17281918.0
2882.4763802603907,17275126.0
2882.47776919147,17260752.0
2882.4791581225504,17281530.0
2882.48054705363,17260154.0
2882.481935985176,17272632.0
2882.4833249162552,17278668.0
2882.4847138473356,17277666.0
2882.486102778415,17273996.0
2882.487491709961,17270882.0
2882.4888806410404,17266492.0
2882.4902695721207,17261166.0
2882.4916585032,17273454.0
2882.4930474347466,17262526.0
2882.4944363658274,17286936.0
2882.4958252973724,17260224.0
2882.497214228452,17268872.0
2882.4986031595313,17274456.0
2882.4999920910764,17266324.0
2882.5013810221567,17269082.0
2882.502769953236,17277606.0
2882.5041588847826,17270180.0
2882.5055478158633,17263436.0
2882.5069367474084,17261602.0
2882.5083256784887,17275388.0
2882.5097146100334,17272968.0
2882.5111035411123,17267552.0
2882.5124924721927,17266456.0
2882.5138814037387,17272504.0
2882.515270334819,17265252.0
2882.516659266365,17282574.0
2882.5180481974444,17255796.0
2882.5194371289904,17273458.0
2882.5208260605355,17268350.0
2882.522214991616,17267568.0
2882.523603923161,17273150.0
2882.524992854241,17265570.0
2882.5263817857863,17272260.0
2882.5277707168666,17278934.0
2882.5291596484117,17273132.0
2882.5305485799577,17268650.0
2882.531937511037,17282160.0
2882.5333264425835,17262328.0
2882.53471537413,17274314.0
2882.536104305209,17283680.0
2882.5374932367536,17271554.0
2882.5388821682996,17262138.0
2882.540271099379,17291032.0
2882.541660030925,17255710.0
2882.54304896247,17263730.0
2882.5444378940165,17290798.0
2882.5458268250973,17275310.0
2882.5472157566423,17272312.0
2882.5486046881883,17286002.0
2882.549993619733,17282938.0
2882.551382550812,17268738.0
2882.552771482358,17278174.0
2882.554160413904,17281964.0
2882.55554934545,17277790.0
2882.556938276996,17281960.0
2882.5583272080753,17277304.0
2882.5597161396213,17281956.0
2882.5611050711664,17281680.0
2882.5624940027124,17274402.0
2882.5638829342574,17286536.0
2882.5652718658034,17286592.0
2882.5666607973485,17269948.0
2882.5680497288945,17291162.0
2882.5694386604396,17284696.0
2882.57082759152,17287704.0
2882.572216523065,17273718.0
2882.573605454611,17280298.0
2882.574994386157,17296836.0
2882.5763833177025,17272188.0
2882.577772249247,17271862.0
2882.579161180793,17289598.0
2882.580550112338,17298670.0
2882.581939043884,17285454.0
2882.5833279754293,17287284.0
2882.5847169069757,17277156.0
2882.586105838522,17281280.0
2882.587494770067,17294224.0
2882.588883701613,17295330.0
2882.5902726336235,17284250.0
2882.591661565168,17282828.0
2882.593050496714,17290396.0
2882.59443942826,17283570.0
2882.595828359806,17281492.0
2882.597217291352,17304130.0
2882.598606222897,17287084.0
2882.599995154443,17283574.0
2882.6013840859882,17300720.0
2882.602773017999,17270822.0
2882.604161949544,17292282.0
2882.60555088109,17271378.0
2882.606939812636,17300670.0
2882.608328744182,17297594.0
2882.6097176761928,17280690.0
2882.6111066077387,17304238.0
2882.612495539284,17289330.0
2882.61388447083,17285428.0
2882.615273402376,17304752.0
2882.616662334387,17285774.0
2882.6180512659316,17300008.0
2882.6194401974776,17293618.0
2882.6208291294884,17301272.0
2882.6222180610343,17279572.0
2882.6236069925794,17302386.0
2882.624995924126,17293616.0
2882.626384856138,17297280.0
2882.627773787683,17297828.0
2882.629162719229,17286584.0
2882.6305516512393,17292356.0
2882.631940582784,17302862.0
2882.6333295147956,17294348.0
2882.6347184463416,17300102.0
2882.6361073778876,17287204.0
2882.6374963098992,17290022.0
2882.6388852414443,17298200.0
2882.640274173456,17316020.0
2882.641663105001,17286042.0
2882.643052036546,17297792.0
2882.644440968557,17311124.0
2882.645829900103,17284984.0
2882.6472188321145,17306794.0
2882.6486077636605,17292570.0
2882.6499966956712,17309566.0
2882.651385627217,17329262.0
2882.652774559228,17284428.0
2882.654163490774,17305866.0
2882.6555524227856,17311108.0
2882.656941354331,17315732.0
2882.6583302863414,17303466.0
2882.6597192178874,17307496.0
2882.661108149898,17308568.0
2882.662497081444,17306460.0
2882.663886013455,17310614.0
2882.6652749450013,17301516.0
2882.6666638770134,17311444.0
2882.668052809024,17310288.0
2882.6694417405693,17301004.0
2882.67083067258,17326620.0
2882.672219604125,17297228.0
2882.6736085361367,17309226.0
2882.6749974681475,17327386.0
2882.676386399694,17309920.0
2882.677775331706,17294406.0
2882.679164263251,17320014.0
2882.6805531952627,17315536.0
2882.6819421272735,17308586.0
2882.6833310588186,17311108.0
2882.6847199908293,17301498.0
2882.686108922841,17310916.0
2882.6874978548526,17315520.0
2882.6888867863986,17339794.0
2882.6902757184093,17322518.0
2882.691664650421,17306030.0
2882.693053581966,17308258.0
2882.6944425139777,17329012.0
2882.6958314459894,17319974.0
2882.6972203780006,17321416.0
2882.698609309545,17317208.0
2882.699998241557,17363594.0
2882.7013871735676,17314038.0
2882.7027761055792,17326026.0
2882.70416503759,17322620.0
2882.7055539691364,17323010.0
2882.7069429011485,17324634.0
2882.7083318331593,17326774.0
2882.70972076517,17324126.0
2882.7111096971807,17344810.0
2882.712498628726,17333524.0
2882.7138875607375,17313440.0
2882.715276492748,17322248.0
2882.7166654247603,17347250.0
2882.7180543567724,17321084.0
2882.719443288783,17328932.0
2882.720832220795,17327326.0
2882.72222115234,17334344.0
2882.7236100843506,17330334.0
2882.7249990163614,17322502.0
2882.726387948373,17331788.0
2882.7277768803847,17324238.0
2882.7291658123963,17335704.0
2882.730554744407,17332522.0
2882.7319436764187,17340120.0
2882.7333326084295,17336358.0
2882.734721540441,17312358.0
2882.736110472452,17328082.0
2882.7374994044635,17343570.0
2882.7388883364742,17330790.0
2882.740277268486,17327254.0
2882.741666200031,17335366.0
2882.7430551325083,17327008.0
2882.744444064519,17322110.0
2882.745832996531,17332934.0
2882.7472219280776,17344340.0
2882.7486108600883,17327850.0
2882.7499997925647,17327162.0
2882.7513887245755,17349416.0
2882.752777656586,17332444.0
2882.754166588598,17345066.0
2882.7555555206086,17309924.0
2882.7569444526207,17345582.0
2882.758333384633,17320762.0
2882.7597223166435,17328746.0
2882.761111248655,17329264.0
2882.762500180666,17329268.0
2882.7638891126767,17319024.0
2882.7652780446874,17317600.0
2882.766666976699,17326278.0
2882.7680559087107,17324658.0
2882.7694448407224,17329364.0
2882.770833773199,17299666.0
2882.7722227052104,17333494.0
2882.773611637221,17331668.0
2882.775000569233,17318490.0
2882.7763895012436,17323440.0
2882.777778433255,17318922.0
2882.779167365266,17328832.0
2882.7805562977433,17313284.0
2882.781945229754,17326388.0
2882.7833341617657,17325640.0
2882.7847230937764,17323078.0
2882.7861120257885,17317138.0
2882.7875009578006,17311862.0
2882.788889890277,17320786.0
2882.7902788222877,17311898.0
2882.7916677542985,17331148.0
2882.7930566863092,17306638.0
2882.794445618321,17310242.0
2882.7958345507973,17314886.0
2882.7972234828094,17306312.0
2882.7986124148215,17327790.0
2882.8000013468322,17286400.0
2882.8013902793095,17326386.0
2882.80277921132,17297988.0
2882.80416814333,17305070.0
2882.8055570753418,17312868.0
2882.806946007819,17298720.0
2882.8083349398307,17331654.0
2882.8097238718424,17283742.0
2882.811112803853,17295170.0
2882.8125017363304,17301224.0
2882.813890668341,17297380.0
2882.815279600353,17303754.0
2882.816668532829,17313280.0
2882.818057464841,17296728.0
2882.8194463968516,17304146.0
2882.820835329329,17287776.0
2882.8222242613397,17308906.0
2882.8236131933513,17299108.0
2882.8250021258277,17289652.0
2882.82639105784,17305098.0
2882.827779989852,17286910.0
2882.8291689223283,17305776.0
2882.830557854339,17301310.0
2882.83194678635,17288346.0
2882.833335718826,17308314.0
2882.834724650838,17301216.0
2882.8361135828486,17286880.0
2882.8375025153264,17293694.0
2882.8388914473385,17310130.0
2882.840280379349,17281446.0
2882.8416693118265,17291080.0
2882.8430582438364,17297758.0
2882.8444471763128,17278568.0
2882.8458361083235,17291496.0
2882.847225040336,17277222.0
2882.8486139728134,17302022.0
2882.850002904825,17291554.0
2882.8513918373014,17283926.0
2882.8527807693126,17279208.0
2882.8541697017895,17276004.0
2882.8555586338002,17281726.0
2882.856947565812,17286808.0
2882.8583364982883,17288466.0
2882.8597254303,17283116.0
2882.8611143627763,17294966.0
2882.862503294788,17258600.0
2882.8638922272644,17270600.0
2882.865281159276,17303028.0
2882.8666700917533,17295190.0
2882.868059023765,17263966.0
2882.8694479562414,17272602.0
2882.870836888252,17278448.0
2882.872225820263,17266902.0
2882.87361475274,17281966.0
2882.875003684751,17277070.0
2882.8763926172282,17274974.0
2882.87778154924,17281924.0
2882.879170481717,17276222.0
2882.880559413729,17275046.0
2882.8819483462053,17270704.0
2882.883337278216,17261652.0
2882.8847262106924,17271350.0
2882.886115142703,17270580.0
2882.887504075181,17264928.0
2882.8888930076587,17268594.0
2882.8902819396694,17268620.0
2882.8916708721467,17265706.0
2882.8930598041575,17271458.0
2882.894448736635,17286040.0
2882.8958376686455,17261352.0
2882.897226601123,17249684.0
2882.8986155331336,17270988.0
2882.900004465611,17247090.0
2882.9013933976216,17267180.0
2882.902782330099,17272250.0
2882.9041712625753,17268484.0
2882.905560194587,17253636.0
2882.9069491270643,17260870.0
2882.908338059076,17263416.0
2882.9097269915524,17261834.0
2882.911115923563,17255318.0
2882.9125048560395,17255110.0
2882.913893788517,17252388.0
2882.9152827205276,17261680.0
2882.9166716530053,17270560.0
2882.9180605850174,17252414.0
2882.919449517494,17254576.0
2882.920838449971,17262592.0
2882.922227381982,17248554.0
2882.9236163144583,17247186.0
2882.925005246469,17251380.0
2882.9263941789454,17262446.0
2882.927783111423,17248308.0
2882.9291720434353,17244262.0
2882.9305609759117,17248054.0
2882.931949908389,17250048.0
2882.9333388403998,17256668.0
2882.934727772877,17239750.0
2882.9361167048874,17272636.0
2882.937505637364,17253836.0
2882.9388945698415,17237010.0
2882.940283501853,17240392.0
2882.9416724343296,17247152.0
2882.943061366807,17258932.0
2882.9444502988176,17244752.0
2882.945839231295,17247054.0
2882.9472281637723,17239078.0
2882.948617095784,17228664.0
2882.9500060282603,17252396.0
2882.9513949607367,17226832.0
2882.9527838927474,17239618.0
2882.9541728252248,17239344.0
2882.955561757701,17253690.0
2882.9569506897133,17228278.0
2882.958339622191,17238948.0
2882.9597285546674,17236852.0
2882.961117486679,17254174.0
2882.9625064191555,17232680.0
2882.963895351632,17233802.0
2882.9652842836426,17229392.0
2882.96667321612,17236102.0
2882.9680621485973,17230530.0
2882.969451080609,17226010.0
2882.9708400130853,17226918.0
2882.9722289455626,17226454.0
2882.973617878039,17230906.0
2882.9750068100507,17219144.0
2882.9763957425266,17233658.0
2882.9777846750035,17230474.0
2882.979173607015,17207762.0
2882.9805625394924,17235784.0
2882.981951471969,17213966.0
2882.9833404039805,17215478.0
2882.984729336457,17219438.0
2882.986118268934,17220876.0
2882.9875072014115,17216602.0
2882.988896133423,17214134.0
2882.9902850658996,17217374.0
2882.991673998376,17210756.0
2882.9930629303867,17200962.0
2882.994451862864,17220130.0
2882.9958407953404,17206644.0
2882.997229727818,17228942.0
2882.9986186598303,17199148.0
2883.0000075923067,17206496.0
2883.001396524784,17210976.0
2883.00278545726,17214414.0
2883.0041743892702,17203288.0
2883.0055633217476,17216946.0
2883.006952254225,17206372.0
2883.008341186702,17214064.0
2883.009730118714,17216600.0
2883.0111190511902,17202360.0
2883.0125079836675,17207520.0
2883.013896916144,17200634.0
2883.0152858481556,17213924.0
2883.016674780632,17177336.0
2883.0180637131093,17216290.0
2883.0194526455857,17186138.0
2883.0208415775974,17195082.0
2883.0222305100738,17192028.0
2883.023619442551,17195400.0
2883.0250083750275,17213182.0
2883.0263973070396,17181432.0
2883.0277862395174,17207698.0
2883.0291751719933,17191746.0
2883.0305641044692,17184386.0
2883.031953036481,17201600.0
2883.0333419689573,17204604.0
2883.0347309014346,17173186.0
2883.036119833911,17182320.0
2883.037508765923,17174594.0
2883.038897698401,17187416.0
2883.0402866308773,17178746.0
2883.0416755633546,17185466.0
2883.043064495365,17173692.0
2883.044453427841,17180990.0
2883.045842360318,17184472.0
2883.0472312927955,17174874.0
2883.0486202252728,17188922.0
2883.0500091572844,17166600.0
2883.051398089761,17172642.0
2883.052787022238,17180278.0
2883.0541759547145,17178932.0
2883.055564886726,17168174.0
2883.0569538192026,17162514.0
2883.05834275168,17183762.0
2883.0597316841563,17159032.0
2883.061120616168,17164816.0
2883.0625095486444,17175492.0
2883.0638984811217,17158548.0
2883.065287413598,17169396.0
2883.066676346076,17160394.0
2883.068065278088,17181404.0
2883.069454210564,17159334.0
2883.07084314304,17161766.0
2883.072232075517,17158892.0
2883.073621007528,17166014.0
2883.075009940005,17143590.0
2883.0763988724825,17140944.0
2883.07778780496,17160914.0
2883.079176737437,17153436.0
2883.080565669448,17158752.0
2883.081954601925,17154502.0
2883.083343534401,17155318.0
2883.084732466877,17159940.0
2883.0861213988887,17140596.0
2883.087510331366,17155334.0
2883.0888992638434,17138480.0
2883.0902881963207,17147440.0
2883.091677128797,17150476.0
2883.0930660608087,17153838.0
2883.094454993285,17128260.0
2883.0958439257615,17147132.0
2883.0972328582384,17139376.0
2883.098621790716,17135238.0
2883.100010722727,17137368.0
2883.101399655204,17136518.0
2883.1027885876806,17135468.0
2883.104177520158,17133476.0
2883.1055664521687,17146994.0
2883.1069553846464,17117176.0
2883.108344317124,17153028.0
2883.1097332496,17120114.0
2883.111122182076,17147420.0
2883.1125111140877,17120694.0
2883.113900046564,17130216.0
2883.1152889790415,17134588.0
2883.1166779115188,17120754.0
2883.1180668435304,17138060.0
2883.1194557760077,17123072.0
2883.120844708484,17120130.0
2883.1222336409614,17133326.0
2883.1236225734374,17124288.0
2883.1250115054477,17121474.0
2883.1264004379254,17130082.0
2883.127789370403,17121302.0
2883.1291783028796,17121980.0
2883.1305672348913,17125050.0
2883.1319561673677,17109518.0
2883.133345099845,17118316.0
2883.1347340323214,17122216.0
2883.136122964333,17125054.0
2883.1375118968094,17118586.0
2883.1389008292867,17114836.0
2883.140289761763,17121210.0
2883.1416786942405,17124554.0
2883.143067626251,17108944.0
2883.1444565587285,17127108.0
2883.145845491206,17109218.0
2883.147234423683,17107006.0
2883.148623355695,17114204.0
2883.1500122881707,17113472.0
2883.1514012206467,17115984.0
2883.152790153124,17120316.0
2883.1541790851347,17103554.0
2883.155568017612,17119132.0
2883.1569569500894,17112736.0
2883.1583458825667,17108984.0
2883.1597348145783,17104752.0
2883.1611237470547,17108216.0
2883.162512679531,17103016.0
2883.1639016120075,17115508.0
2883.1652905440183,17109622.0
2883.166679476496,17106230.0
2883.168068408974,17100630.0
2883.16945734145,17102942.0
2883.170846273462,17123288.0
2883.1722352059383,17105288.0
2883.1736241384156,17110046.0
2883.175013070892,17107160.0
2883.1764020029036,17119758.0
2883.17779093538,17098210.0
2883.1791798678573,17092230.0
2883.1805688003337,17121652.0
2883.1819577323454,17095688.0
2883.183346664822,17102266.0
2883.184735597299,17095734.0
2883.1861245297764,17120490.0
2883.187513461788,17092048.0
2883.1889023942654,17099982.0
2883.1902913267413,17110264.0
2883.1916802587516,17104026.0
2883.193069191229,17097656.0
2883.1944581237053,17085582.0
2883.195847056183,17101150.0
2883.197235988195,17082632.0
2883.1986249206716,17096580.0
2883.200013853149,17098954.0
2883.2014027851596,17090136.0
2883.202791717636,17099682.0
2883.2041806501124,17089838.0
2883.2055695825898,17095128.0
2883.2069585146014,17097412.0
2883.2083474470787,17086510.0
2883.209736379555,17090242.0
2883.211125311567,17095194.0
2883.212514244043,17104028.0
2883.2139031765205,17081072.0
2883.215292108998,17080670.0
2883.216681041009,17084526.0
2883.218069973485,17078204.0
2883.2194589059623,17086244.0
2883.220847837973,17092612.0
2883.2222367704503,17075344.0
2883.2236257029267,17070036.0
2883.225014634939,17095788.0
2883.2264035674166,17095068.0
2883.227792499893,17079318.0
2883.2291814319037,17073642.0
2883.23057036438,17090286.0
2883.2319592968565,17078404.0
2883.233348228868,17084360.0
2883.2347371613446,17064984.0
2883.2361260938223,17081320.0
2883.2375150258345,17088630.0
2883.238903958311,17069492.0
2883.240292890788,17066136.0
2883.241681822799,17082984.0
2883.2430707552753,17049818.0
2883.2444596877517,17087540.0
2883.2458486197634,17063446.0
2883.2472375522407,17053412.0
2883.248626484718,17079750.0
2883.2500154167287,17054584.0
2883.251404349206,17065792.0
2883.2527932816824,17057920.0
2883.254182213694,17068332.0
2883.2555711461714,17064938.0
2883.2569600786483,17051020.0
2883.2583490106585,17050850.0
2883.259737943136,17050420.0
2883.2611268751466,17068308.0
2883.262515807624,17048054.0
2883.2639047401003,17042446.0
2883.2652936721124,17051152.0
2883.26668260459,17043752.0
2883.2680715370666,17062148.0
2883.2694604690773,17054296.0
2883.2708494015537,17027236.0
2883.2722383335645,17047782.0
2883.273627266041,17041816.0
2883.275016198519,17045346.0
2883.2764051305307,17044642.0
2883.277794063008,17044754.0
2883.279182995019,17034980.0
2883.280571927496,17031594.0
2883.2819608599725,17031528.0
2883.2833497919833,17044234.0
2883.2847387244597,17035454.0
2883.2861276564713,17021312.0
2883.2875165889486,17036626.0
2883.2889055209594,17042728.0
2883.2902944534367,17026176.0
2883.291683385913,17044724.0
2883.2930723179247,17025228.0
2883.294461250402,17019120.0
2883.2958501824132,17035862.0
2883.297239114889,17016060.0
2883.298628046901,17025266.0
2883.3000169793772,17033240.0
2883.3014059118545,17016976.0
2883.3027948438653,17024498.0
2883.304183776343,17016070.0
2883.305572708355,17014228.0
2883.3069616408316,17024690.0
2883.308350572843,17017518.0
2883.309739505319,17016166.0
2883.3111284373294,17020220.0
2883.3125173698068,17014146.0
2883.3139063018184,17002724.0
2883.3152952342957,17011538.0
2883.3166841663074,17002136.0
2883.3180730987838,17017226.0
2883.3194620307954,17000374.0
2883.320850963272,17009058.0
2883.322239895749,17019574.0
2883.3236288277594,17005878.0
2883.3250177602363,17013916.0
2883.326406692248,17004518.0
2883.3277956247252,17012844.0
2883.329184556736,17001722.0
2883.3305734892133,17016180.0
2883.331962421224,17006170.0
2883.3333513532357,17005676.0
2883.334740285713,17000212.0
2883.336129217724,17003840.0
2883.3375181502,17009972.0
2883.338907082212,17007856.0
2883.340296014688,16997806.0
2883.3416849467,17009874.0
2883.3430738791762,16995516.0
2883.3444628111884,17000114.0
2883.345851743666,16999286.0
2883.347240675677,16997130.0
2883.348629608154,17007652.0
2883.3500185401645,17004984.0
2883.3514074721747,16990470.0
2883.352796404652,16994368.0
2883.3541853366637,17008058.0
2883.355574269141,16976348.0
2883.3569632011527,17005810.0
2883.358352133629,17002388.0
2883.3597410656407,16987482.0
2883.3611299976515,17008312.0
2883.362518930128,16997474.0
2883.363907862139,17010366.0
2883.365296794617,17005192.0
2883.3666857266276,16983178.0
2883.368074658639,16997076.0
2883.3694635911156,16991080.0
2883.3708525231273,17011614.0
2883.3722414556037,16997778.0
2883.373630387616,16994148.0
2883.375019319628,16974240.0
2883.376408252104,16980860.0
2883.377797184114,16971864.0
2883.3791861165914,16969820.0
2883.380575048602,16947490.0
2883.381963980614,16943416.0
2883.383352913091,16926694.0
2883.384741845103,16925256.0
2883.3861307771144,16898906.0
2883.387519709591,16883846.0
2883.3889086416025,16877622.0
2883.3902975736128,16856164.0
2883.3916865060887,16842060.0
2883.393075438101,16810246.0
2883.394464370113,16815098.0
2883.3958533025893,16786390.0
2883.397242234601,16770750.0
2883.3986311666117,16745630.0
2883.400020099089,16733770.0
2883.4014090311,16707539.0
2883.4027979631114,16684686.0
2883.404186895588,16664865.0
2883.4055758275995,16628277.0
2883.40696475961,16605002.0
2883.408353691622,16588750.0
2883.4097426240983,16557170.0
2883.41113155611,16523837.0
2883.4125204881216,16499046.0
2883.413909420599,16466812.0
2883.4152983526105,16428694.0
2883.416687284621,16390255.0
2883.418076216631,16359685.0
2883.4194651491084,16331367.0
2883.420854081119,16286836.0
2883.4222430131313,16250492.0
2883.4236319451434,16204586.0
2883.4250208776198,16142019.0
2883.4264098096314,16117836.0
2883.427798741642,16068572.0
2883.429187673653,16028525.0
2883.4305766061293,15970424.0
2883.431965538141,15922159.0
2883.4333544701526,15866714.0
2883.4347434021643,15816436.0
2883.436132334175,15755521.0
2883.4375212666523,15707886.0
2883.438910198663,15651947.0
2883.4402991306747,15585947.0
2883.4416880626854,15531356.0
2883.443076994697,15473442.0
2883.4444659271735,15412141.0
2883.445854859185,15345733.0
2883.447243791196,15283177.0
2883.4486327232075,15228337.0
2883.4500216552183,15170265.0
2883.45141058723,15096774.0
2883.4527995197072,15043479.0
2883.454188451719,14972209.0
2883.4555773837305,14907916.0
2883.456966315741,14845914.0
2883.458355247751,14784555.0
2883.4597441797628,14708610.0
2883.4611331117735,14649204.0
2883.4625220442513,14584391.0
2883.4639109762634,14518311.0
2883.465299908274,14448628.0
2883.4666888402858,14371379.0
2883.4680777722965,14314580.0
2883.4694667043073,14245628.0
2883.470855636318,14169209.0
2883.4722445683296,14110812.0
2883.4736335003413,14039669.0
2883.4750224328186,13970411.0
2883.4764113648293,13902206.0
2883.477800296841,13836419.0
2883.4791892288517,13756578.0
2883.4805781608634,13689766.0
2883.481967092875,13628527.0
2883.4833560248862,13555531.0
2883.4847449568965,13485974.0
2883.486133888908,13419574.0
2883.487522820919,13348655.0
2883.4889117529306,13279083.0
2883.4903006849413,13213483.0
2883.4916896169534,13142005.0
2883.4930785489655,13072555.0
2883.4944674809763,13003592.0
2883.495856412987,12933946.0
2883.4972453449977,12869508.0
2883.4986342770085,12794571.0
2883.50002320902,12734304.0
2883.501412141032,12663855.0
2883.5028010730434,12602927.0
2883.504190005055,12538213.0
2883.505578937066,12465300.0
2883.5069678690775,12401964.0
2883.508356801088,12327169.0
2883.509745733099,12241939.0
2883.51113466511,12168805.0
2883.5125235971223,12080466.0
2883.513912529133,12003776.0
2883.5153014611446,11918993.0
2883.5166903931554,11839168.0
2883.518079325167,11760792.0
2883.519468257178,11682882.0
2883.52085718919,11606395.0
2883.522246121201,11530687.0
2883.523635053212,11458622.0
2883.5250239852226,11380381.0
2883.5264129167685,11309961.0
2883.5278018487793,11235719.0
2883.529190780791,11162671.0
2883.5305797128026,11096917.0
2883.5319686448142,11026250.0
2883.533357576826,10958000.0
2883.5347465088366,10891841.0
2883.5361354408474,10827365.0
2883.537524372858,10764234.0
2883.538913304403,10699853.0
2883.5403022364153,10643095.0
2883.5416911684274,10580985.0
2883.543080100438,10523104.0
2883.54446903245,10469065.0
2883.5458579644605,10417310.0
2883.547246896472,10366519.0
2883.5486358280173,10313356.0
2883.550024760029,10267059.0
2883.5514136920397,10221001.0
2883.5528026240513,10176764.0
2883.554191556062,10138603.0
2883.555580487608,10097153.0
2883.556969419619,10063104.0
2883.5583583516304,10028397.0
2883.559747283642,9998026.0
2883.5611362156537,9968403.0
2883.562525147199,9940522.0
2883.5639140792096,9913461.0
2883.5653030112203,9892114.0
2883.566691943232,9872349.0
2883.5680808752427,9856697.0
2883.569469806789,9840951.0
2883.5708587388012,9828193.0
2883.572247670812,9822436.0
2883.5736366028236,9817020.0
2883.5750255343687,9810908.0
2883.5764144663794,9811819.0
2883.57780339839,9813768.0
2883.579192329936,9815933.0
2883.580581261948,9818583.0
2883.5819701939595,9829846.0
2883.58335912597,9842999.0
2883.584748057516,9856308.0
2883.586136989527,9870624.0
2883.5875259215386,9889364.0
2883.5889148530837,9913348.0
2883.5903037850953,9937889.0
2883.591692717106,9961633.0
2883.593081648652,9990571.0
2883.594470580663,10024413.0
2883.5958595126745,10059583.0
2883.5972484442195,10091834.0
2883.5986373762316,10128035.0
2883.6000263082437,10169323.0
2883.601415239789,10210428.0
2883.6028041717996,10254502.0
2883.6041931033446,10304030.0
2883.6055820353554,10350560.0
2883.606970967367,10402957.0
2883.608359898913,10457794.0
2883.6097488309247,10513441.0
2883.6111377624707,10569727.0
2883.6125266944814,10629327.0
2883.613915626493,10689281.0
2883.615304558038,10751897.0
2883.616693490049,10813939.0
2883.6180824215944,10878855.0
2883.6194713536065,10945963.0
2883.6208602851516,11014607.0
2883.6222492171632,11084607.0
2883.623638149174,11153474.0
2883.62502708072,11223498.0
2883.6264160127307,11301414.0
2883.627804944277,11368469.0
2883.6291938762884,11443102.0
2883.6305828078334,11519783.0
2883.631971739844,11595899.0
2883.63336067139,11674123.0
2883.634749603401,11747444.0
2883.636138534947,11832325.0
2883.6375274669585,11909930.0
2883.6389163985045,11992870.0
2883.640305330516,12069739.0
2883.6416942620613,12158120.0
2883.643083194072,12237073.0
2883.644472125617,12312652.0
2883.645861057162,12388842.0
2883.6472499891743,12456873.0
2883.6486389207207,12518816.0
2883.6500278527315,12594646.0
2883.6514167842774,12649968.0
2883.652805716288,12722012.0
2883.654194647834,12784477.0
2883.655583579379,12858001.0
2883.65697251139,12922260.0
2883.658361442936,12992370.0
2883.6597503749476,13063989.0
2883.6611393064927,13126564.0
2883.6625282380387,13204128.0
2883.6639171700494,13265904.0
2883.6653061015954,13332656.0
2883.666695033607,13406446.0
2883.668083965153,13462754.0
2883.669472896698,13542435.0
2883.670861828709,13611964.0
2883.672250760254,13675499.0
2883.6736396918,13753810.0
2883.6750286238107,13811698.0
2883.676417555357,13888380.0
2883.6778064869036,13945774.0
2883.6791954189143,14026189.0
2883.6805843504603,14088195.0
2883.6819732820054,14154338.0
2883.6833622135505,14230578.0
2883.684751145561,14294866.0
2883.686140077107,14359899.0
2883.687529008653,14434824.0
2883.688917940665,14488778.0
2883.69030687221,14569421.0
2883.691695803756,14622640.0
2883.693084735301,14702649.0
2883.6944736673126,14762325.0
2883.6958625988577,14834299.0
2883.6972515304037,14889830.0
2883.698640461949,14955912.0
2883.7000293939604,15018281.0
2883.7014183255055,15083786.0
2883.7028072570515,15149212.0
2883.7041961885966,15207977.0
2883.705585120143,15271018.0
2883.706974052155,15336884.0
2883.7083629837,15398544.0
2883.7097519152453,15456987.0
2883.7111408467904,15517139.0
2883.7125297783355,15569410.0
2883.7139187098805,15626793.0
2883.715307641893,15694785.0
2883.716696573439,15740761.0
2883.718085504985,15794947.0
2883.71947443653,15864170.0
2883.720863368076,15908944.0
2883.7222522996203,15960335.0
2883.7236412311654,16010065.0
2883.725030163177,16054303.0
2883.726419094723,16108496.0
2883.727808026269,16156704.0
2883.729196957814,16175694.0
2883.73058588936,16228296.0
2883.731974820905,16277927.0
2883.733363752451,16317193.0
2883.734752683997,16360059.0
2883.7361416155427,16362721.0
2883.7375305470873,16418022.0
2883.7389194786333,16453860.0
2883.7403084101784,16481779.0
2883.7416973417244,16523044.0
2883.7430862732695,16553165.0
2883.744475204816,16567414.0
2883.7458641363623,16611818.0
2883.747253068373,16637803.0
2883.748641999919,16659087.0
2883.7500309314637,16687957.0
2883.7514198630083,16711675.0
2883.7528087940887,16727770.0
2883.7541977256346,16755569.0
2883.7555866571806,16762727.0
2883.7569755887266,16793504.0
2883.7583645202717,16815806.0
2883.7597534518177,16841160.0
2883.7611423833628,16845632.0
2883.762531314908,16898758.0
2883.7639202464534,16874798.0
2883.765309178,16904058.0
2883.766698109545,16920756.0
2883.768087041091,16925984.0
2883.769475972636,16948496.0
2883.770864904182,16956402.0
2883.772253835727,16978924.0
2883.7736427672735,16975498.0
2883.7750316983543,16996512.0
2883.776420629899,17005348.0
2883.7778095614435,17007506.0
2883.7791984929895,17020770.0
2883.7805874245346,17026514.0
2883.7819763560806,17025252.0
2883.7833652876266,17031508.0
2883.784754218707,17034216.0
2883.786143150253,17026526.0
2883.787532081798,17024362.0
2883.788921013343,17039004.0
2883.790309944888,17041934.0
2883.791698876433,17023482.0
2883.793087807514,17047158.0
2883.7944767390604,17033642.0
2883.7958656706055,17036662.0
2883.7972546021515,17039798.0
2883.7986435336966,17041348.0
2883.800032464777,17051220.0
2883.801421396322,17027186.0
2883.802810327868,17053880.0
2883.804199259413,17057272.0
2883.8055881904934,17039076.0
2883.8069771220385,17032512.0
2883.8083660535845,17045248.0
2883.8097549851295,17049592.0
2883.81114391621,17042102.0
2883.812532847756,17064620.0
2883.813921779302,17042312.0
2883.815310710382,17046712.0
2883.816699641927,17054732.0
2883.8180885734714,17045648.0
2883.8194775045517,17048516.0
2883.820866436097,17054022.0
2883.8222553676433,17067702.0
2883.823644298724,17062418.0
2883.825033230269,17057058.0
2883.826422161815,17051766.0
2883.8278110928945,17056208.0
2883.8292000244396,17062498.0
2883.8305889559847,17066920.0
2883.831977887065,17055742.0
2883.833366818611,17067256.0
2883.8347557496913,17054460.0
2883.8361446812364,17059624.0
2883.8375336127824,17056018.0
2883.838922543862,17076410.0
2883.840311475408,17069834.0
2883.841700406488,17062230.0
2883.8430893380337,17071582.0
2883.8444782695783,17048172.0
2883.8458672006586,17077128.0
2883.8472561322037,17064862.0
2883.848645063284,17072884.0
2883.850033994829,17057124.0
2883.85142292591,17066586.0
2883.8528118574563,17070186.0
2883.8542007885358,17054954.0
2883.855589720081,17059824.0
2883.8569786511603,17067274.0
2883.8583675827053,17055024.0
2883.8597565137857,17062866.0
2883.8611454453317,17065294.0
2883.862534376412,17080352.0
2883.863923307958,17057170.0
2883.8653122390374,17059788.0
2883.8667011705834,17069796.0
2883.868090101663,17062892.0
2883.869479032742,17072622.0
2883.8708679642878,17069792.0
2883.8722568953685,17056504.0
2883.8736458269136,17089900.0
2883.875034757994,17055272.0
2883.8764236890734,17070176.0
2883.8778126206194,17066526.0
2883.8792015516988,17079054.0
2883.880590483245,17063510.0
2883.881979414326,17102484.0
2883.883368345405,17049302.0
2883.8847572769496,17074514.0
2883.88614620803,17067210.0
2883.8875351391093,17088584.0
2883.8889240706553,17064410.0
2883.8903130017356,17068924.0
2883.891701932816,17080092.0
2883.893090864362,17051190.0
2883.8944797954414,17082806.0
2883.895868726521,17060924.0
2883.897257658066,17072596.0
2883.8986465891453,17065088.0
2883.900035520226,17069598.0
2883.9014244517725,17090994.0
2883.902813382852,17062052.0
2883.9042023139323,17067108.0
2883.9055912450117,17080700.0
2883.9069801765577,17057586.0
2883.908369107637,17081424.0
2883.9097580387174,17069552.0
2883.911146969797,17081024.0
2883.912535901343,17066052.0
2883.9139248324223,17066616.0
2883.9153137635026,17085742.0
2883.916702694582,17087252.0
2883.9180916256623,17061430.0
2883.9194805572083,17072108.0
2883.9208694882886,17077094.0
2883.922258419368,17082180.0
2883.9236473504475,17071326.0
2883.925036281527,17101684.0
2883.9264252126072,17070312.0
2883.9278141441523,17081016.0
2883.929203075233,17080284.0
2883.930592006314,17084268.0
2883.9319809373933,17088800.0
2883.9333698684736,17078934.0
2883.934758799553,17081974.0
2883.9361477306325,17088436.0
2883.937536661712,17072578.0
2883.938925592792,17078650.0
2883.940314524338,17085994.0
2883.9417034554185,17060290.0
2883.943092386498,17098872.0
2883.9444813175783,17077652.0
2883.9458702486577,17081696.0
2883.947259179738,17085240.0
2883.9486481108183,17072902.0
2883.950037041898,17083214.0
2883.951425972977,17094736.0
2883.9528149040575,17090126.0
2883.954203835137,17088588.0
2883.9555927662173,17081948.0
2883.9569816972976,17088588.0
2883.958370628378,17087560.0
2883.9597595594582,17080988.0
2883.9611484905377,17105250.0
2883.962537421617,17080044.0
2883.9639263526965,17098472.0
2883.965315283776,17089290.0
2883.9667042148567,17092502.0
2883.9680931459375,17099634.0
2883.969482077017,17085948.0
2883.970871008097,17102096.0
2883.9722599391766,17087904.0
2883.9736488697913,17099252.0
2883.9750378008707,17085424.0
2883.976426731951,17082708.0
2883.9778156630305,17097908.0
2883.979204594111,17106164.0
2883.98059352519,17102542.0
2883.9819824562705,17094662.0
2883.98337138735,17092382.0
2883.9847603179646,17099574.0
2883.986149249045,17090328.0
2883.9875381801253,17089644.0
2883.9889271112047,17107726.0
2883.990316042284,17104136.0
2883.9917049733635,17103182.0
2883.993093903978,17095210.0
2883.9944828350576,17107136.0
2883.9958717661384,17106888.0
2883.997260697219,17111016.0
2883.9986496282986,17107242.0
2884.0000385589133,17107322.0
2884.0014274899927,17110870.0
2884.002816421072,17103156.0
2884.0042053521515,17111702.0
2884.005594282766,17124104.0
2884.0069832138465,17102658.0
2884.008372144927,17102636.0
2884.0097610760063,17102634.0
2884.011150006621,17118426.0
2884.0125389377004,17113928.0
2884.0139278687807,17110336.0
2884.0153167993944,17108330.0
2884.0167057304748,17112882.0
2884.018094661554,17128046.0
2884.0194835926345,17119170.0
2884.0208725232483,17114766.0
2884.0222614543286,17094636.0
2884.0236503849424,17130724.0
2884.025039316023,17106702.0
2884.026428247104,17124866.0
2884.0278171777177,17121564.0
2884.029206108797,17116134.0
2884.0305950398765,17121214.0
2884.0319839704903,17131292.0
2884.0333729015706,17121516.0
2884.0347618321853,17114762.0
2884.0361507632656,17129354.0
2884.037539694346,17128698.0
2884.0389286249597,17125000.0
2884.04031755604,17117474.0
2884.0417064866538,17138842.0
2884.043095417733,17121820.0
2884.0444843483474,17129292.0
2884.045873279428,17150030.0
2884.047262210042,17126568.0
2884.0486511411223,17139874.0
2884.050040071736,17134212.0
2884.0514290028163,17137768.0
2884.05281793343,17150624.0
2884.054206864511,17133652.0
2884.055595795125,17135956.0
2884.0569847262045,17130460.0
2884.0583736568183,17148064.0
2884.0597625878986,17136010.0
2884.0611515185124,17140974.0
2884.0625404495927,17144720.0
2884.0639293802074,17164228.0
2884.0653183112877,17143666.0
2884.0667072419023,17145694.0
2884.068096172516,17152794.0
2884.0694851035955,17149330.0
2884.0708740342093,17152522.0
2884.0722629652896,17156928.0
2884.0736518959043,17163494.0
2884.075040826519,17152576.0
2884.0764297575984,17171862.0
2884.077818688213,17153636.0
2884.0792076192924,17169146.0
2884.080596549907,17168666.0
2884.081985480521,17168518.0
2884.083374411601,17172212.0
2884.084763342215,17176224.0
2884.0861522728296,17169714.0
2884.087541203909,17185454.0
2884.0889301345237,17161464.0
2884.0903190651375,17184112.0
2884.0917079957526,17186226.0
2884.0930969268334,17174348.0
2884.094485857447,17169882.0
2884.095874788061,17193940.0
2884.0972637186746,17194820.0
2884.098652649754,17175852.0
2884.1000415803687,17196968.0
2884.1014305109834,17194294.0
2884.102819441598,17175008.0
2884.1042083726784,17199790.0
2884.105597303292,17206770.0
2884.106986233907,17197462.0
2884.1083751645206,17189076.0
2884.1097640951343,17202492.0
2884.111153026214,17199586.0
2884.1125419568293,17200460.0
2884.113930887443,17207316.0
2884.1153198180577,17217730.0
2884.1167087486715,17203000.0
2884.118097679286,17203376.0
2884.1194866103656,17215052.0
2884.1208755409807,17205482.0
2884.122264471595,17217420.0
2884.1236534022087,17204522.0
2884.1250423328224,17217070.0
2884.126431263437,17214890.0
2884.127820194051,17233636.0
2884.1292091246655,17217460.0
2884.13059805528,17232740.0
2884.131986985895,17215848.0
2884.133375916975,17206546.0
2884.134764847589,17233040.0
2884.1361537782027,17235792.0
2884.1375427088165,17227970.0
2884.13893163943,17228206.0
2884.1403205700453,17228742.0
2884.1417095006605,17225214.0
2884.143098431274,17233278.0
2884.144487361889,17233366.0
2884.1458762925026,17243654.0
2884.1472652231173,17250418.0
2884.1486541537306,17242948.0
2884.150043084345,17227536.0
2884.1514320149595,17244918.0
2884.152820945574,17253212.0
2884.154209876188,17231090.0
2884.1555988068026,17243252.0
2884.1569877369507,17253184.0
2884.1583766675653,17234248.0
2884.15976559818,17252656.0
2884.1611545287947,17233944.0
2884.1625434594084,17246196.0
2884.1639323900217,17242406.0
2884.165321320636,17246512.0
2884.1667102512497,17243652.0
2884.1680991818653,17242796.0
2884.1694881120143,17256652.0
2884.170877042629,17247348.0
2884.1722659732427,17258604.0
2884.173654903857,17241904.0
2884.175043834471,17258952.0
2884.1764327650844,17247046.0
2884.1778216956986,17250860.0
2884.1792106258476,17249474.0
2884.1805995564623,17264100.0
2884.181988487076,17238594.0
2884.1833774176907,17250276.0
2884.184766347839,17268710.0
2884.1861552784535,17239584.0
2884.187544209068,17244616.0
2884.1889331396824,17267536.0
2884.1903220702957,17237760.0
2884.1917110004447,17258968.0
2884.1930999310584,17260704.0
2884.194488861673,17234510.0
2884.195877791821,17255240.0
2884.1972667224363,17249628.0
2884.1986556530514,17250464.0
2884.200044583665,17244520.0
2884.201433513814,17243870.0
2884.2028224444275,17238232.0
2884.204211375041,17253096.0
2884.20560030519,17242030.0
2884.2069892358045,17260090.0
2884.208378166419,17252286.0
2884.209767096568,17241628.0
2884.211156027182,17257350.0
2884.212544957331,17229752.0
2884.2139338879447,17246132.0
2884.2153228185584,17256984.0
2884.216711748707,17229234.0
2884.218100679322,17246926.0
2884.21948960947,17245120.0
2884.220878540085,17256570.0
2884.2222674706986,17248774.0
2884.2236564008476,17250534.0
2884.2250453314614,17253916.0
2884.226434261611,17243446.0
2884.227823192226,17245676.0
2884.2292121223736,17248022.0
2884.230601052987,17248692.0
2884.231989983136,17233058.0
2884.2333789137497,17252110.0
2884.234767843899,17234514.0
2884.2361567745143,17256474.0
2884.2375457046624,17240518.0
2884.238934635277,17248106.0
2884.240323565425,17236836.0
2884.24171249604,17248426.0
2884.2431014261874,17245108.0
2884.2444903568016,17237564.0
2884.2458792869506,17249114.0
2884.2472682175653,17239108.0
2884.2486571477134,17237194.0
2884.2500460778624,17242524.0
2884.251435008476,17241134.0
2884.252823938625,17257682.0
2884.25421286924,17243548.0
2884.2556017993884,17242404.0
2884.256990729536,17232940.0
2884.2583796601507,17248170.0
2884.259768590299,17247920.0
2884.261157520448,17237432.0
2884.2625464510616,17256484.0
2884.263935381211,17250016.0
2884.2653243113605,17244716.0
2884.2667132419742,17229204.0
2884.2681021721232,17247526.0
2884.269491102271,17252972.0
2884.270880032884,17231198.0
2884.272268963033,17239448.0
2884.273657893182,17254680.0
2884.275046823331,17224712.0
2884.276435753946,17246090.0
2884.277824684094,17245482.0
2884.279213614243,17235568.0
2884.280602544391,17241520.0
2884.281991475005,17248184.0
2884.2833804051534,17237966.0
2884.284769335303,17246556.0
2884.286158265451,17236722.0
2884.2875471960656,17240042.0
2884.2889361262137,17254504.0
2884.2903250563627,17256026.0
2884.291713986511,17237538.0
2884.2931029166602,17234510.0
2884.2944918468097,17253842.0
2884.295880777423,17235036.0
2884.2972697075706,17264086.0
2884.2986586377197,17240068.0
2884.3000475678678,17235578.0
2884.301436498017,17241366.0
2884.3028254281667,17256650.0
2884.3042143583148,17245486.0
2884.3056032884638,17272724.0
2884.3069922190775,17263464.0
2884.3083811492265,17251142.0
2884.309770079374,17240092.0
2884.3111590095227,17254848.0
2884.3125479396717,17253116.0
2884.3139368698207,17267312.0
2884.315325799969,17245556.0
2884.316714730118,17260234.0
2884.318103660266,17257200.0
2884.319492590415,17256698.0
2884.320881520564,17252246.0
2884.3222704507125,17254816.0
2884.32365938086,17254748.0
2884.325048311009,17270616.0
2884.3264372411572,17245386.0
2884.3278261713062,17249536.0
2884.3292151014543,17270172.0
2884.330604031604,17251838.0
2884.3319929617533,17280808.0
2884.3333818919014,17234458.0
2884.3347708220504,17276620.0
2884.336159752198,17248962.0
2884.3375486823456,17274470.0
2884.338937612029,17251986.0
2884.340326542178,17272428.0
2884.341715472327,17267338.0
2884.343104402476,17254202.0
2884.344493332624,17268048.0
2884.345882262773,17269890.0
2884.347271192921,17271898.0
2884.3486601230693,17275692.0
2884.350049052752,17271854.0
2884.3514379829016,17268892.0
2884.3528269130497,17272360.0
2884.3542158431987,17272608.0
2884.355604773347,17274872.0
2884.35699370303,17275572.0
2884.3583826331783,17261402.0
2884.3597715633277,17267756.0
2884.361160493477,17286176.0
2884.362549423625,17257248.0
2884.363938353307,17290970.0
2884.365327283456,17244448.0
2884.366716213604,17286604.0
2884.3681051437534,17266700.0
2884.369494073437,17277904.0
2884.3708830035853,17272726.0
2884.3722719337343,17286530.0
2884.3736608634167,17279290.0
2884.3750497935657,17279164.0
2884.3764387237134,17270642.0
2884.377827653862,17275782.0
2884.3792165835453,17288122.0
2884.3806055136943,17280864.0
2884.3819944438424,17276642.0
2884.3833833735257,17280998.0
2884.384772303674,17261738.0
2884.386161233357,17294876.0
2884.387550163506,17266480.0
2884.3889390936547,17282988.0
2884.3903280233367,17299276.0
2884.3917169534857,17272056.0
2884.393105883634,17291582.0
2884.394494813317,17262920.0
2884.395883743465,17296492.0
2884.397272673149,17278492.0
2884.3986616032985,17284814.0
2884.400050532981,17286086.0
2884.40143946313,17281656.0
2884.402828392812,17267540.0
2884.4042173229595,17300188.0
2884.4056062531085,17284312.0
2884.406995182792,17276276.0
2884.408384112941,17269494.0
2884.4097730426242,17281702.0
2884.4111619727723,17285466.0
2884.4125509024557,17275890.0
2884.413939832138,17289788.0
2884.415328762287,17300806.0
2884.4167176919696,17281952.0
2884.4181066221186,17278156.0
2884.419495551801,17297500.0
2884.42088448195,17292854.0
2884.4222734116324,17280954.0
2884.4236623417814,17286030.0
2884.425051271465,17293284.0
2884.426440201148,17295078.0
2884.427829131297,17268232.0
2884.429218060979,17287046.0
2884.4306069911268,17285782.0
2884.43199592081,17276686.0
2884.4333848504925,17294206.0
2884.434773780642,17298224.0
2884.436162710326,17286484.0
2884.437551640008,17270406.0
2884.4389405701572,17286172.0
2884.4403294998397,17312482.0
2884.441718429523,17295000.0
2884.4431073596706,17289388.0
2884.4444962893535,17284048.0
2884.445885219037,17281746.0
2884.44727414872,17299374.0
2884.4486630788683,17260530.0
2884.4500520085517,17314468.0
2884.451440938234,17288530.0
2884.4528298679174,17291008.0
2884.4542187980664,17286514.0
2884.4556077277493,17282950.0
2884.4569966574313,17295734.0
2884.4583855871147,17263020.0
2884.4597745172628,17281602.0
2884.461163446946,17299100.0
2884.4625523766285,17284904.0
2884.4639413063123,17284628.0
2884.465330235996,17306266.0
2884.4667191656786,17279982.0
2884.4681080958276,17281802.0
2884.4694970255096,17287348.0
2884.4708859551915,17285924.0
2884.4722748848753,17283886.0
2884.473663814559,17298514.0
2884.4750527442416,17279498.0
2884.476441673925,17292510.0
2884.4778306036073,17286216.0
2884.4792195337563,17278896.0
2884.480608463439,17291022.0
2884.481997393122,17289498.0
2884.4833863228046,17281256.0
2884.484775252488,17294276.0
2884.4861641821703,17282812.0
2884.4875531118537,17295534.0
2884.488942041536,17279008.0
2884.4903309712195,17280044.0
2884.491719900903,17274280.0
2884.493108830586,17291044.0
2884.4944977602695,17287418.0
2884.4958866899515,17269894.0
2884.4972756196335,17280840.0
2884.498664549317,17324646.0
2884.5000534789992,17272382.0
2884.501442408683,17277112.0
2884.502831338367,17305320.0
2884.5042202680493,17267256.0
2884.5056091977326,17276060.0
2884.506998127415,17293856.0
2884.5083870570975,17298994.0
2884.50977598678,17262426.0
2884.5111649159976,17267290.0
2884.512553845681,17281958.0
2884.5139427753643,17286748.0
2884.5153317050467,17257834.0
2884.51672063473,17279008.0
2884.5181095644125,17289438.0
2884.5194984940963,17275928.0
2884.5208874233144,17286780.0
2884.5222763529964,17283412.0
2884.5236652826784,17285564.0
2884.5250542123617,17267744.0
2884.526443142044,17282842.0
2884.5278320717275,17277140.0
2884.529221000945,17263548.0
2884.5306099306285,17293938.0
2884.531998860312,17281486.0
2884.5333877899943,17271260.0
2884.534776719212,17285152.0
2884.536165648894,17283094.0
2884.537554578576,17254298.0
2884.5389435082598,17296906.0
2884.540332437478,17294452.0
2884.5417213671603,17257004.0
2884.5431102968437,17258322.0
2884.544499226526,17272484.0
2884.545888155744,17283000.0
2884.5472770854262,17254706.0
2884.5486660151096,17282356.0
2884.5500549443263,17255482.0
2884.5514438740097,17267026.0
2884.552832803692,17272184.0
2884.55422173291,17281214.0
2884.5556106625922,17254530.0
2884.556999592276,17286232.0
2884.558388521494,17250854.0
2884.5597774511766,17268344.0
2884.5611663803943,17276884.0
2884.5625553100763,17268282.0
2884.5639442397583,17272672.0
2884.565333168976,17266844.0
2884.5667220986593,17275112.0
2884.568111027877,17270400.0
2884.5694999575603,17268864.0
2884.570888886777,17255158.0
2884.5722778164604,17273544.0
2884.573666746143,17269232.0
2884.5750556753596,17266090.0
2884.5764446050425,17273520.0
2884.5778335342607,17266220.0
2884.579222463943,17244296.0
2884.580611393161,17274326.0
2884.582000322843,17279726.0
2884.583389252061,17267074.0
2884.5847781812777,17263012.0
2884.5861671109615,17276574.0
2884.5875560401796,17258172.0
2884.5889449698616,17277960.0
2884.590333899078,17278426.0
2884.5917228287612,17259024.0
2884.593111757978,17269950.0
2884.5945006876614,17262844.0
2884.595889616879,17262580.0
2884.5972785460967,17266422.0
2884.59866747578,17273792.0
2884.600056404997,17293388.0
2884.6014453342145,17255142.0
2884.6028342638965,17264388.0
2884.6042231931137,17269570.0
2884.6056121223314,17260182.0
2884.6070010520148,17284904.0
2884.6083899812315,17272964.0
2884.609778910449,17260442.0
2884.6111678401317,17273664.0
2884.6125567693493,17285548.0
2884.613945698567,17263116.0
2884.61533462825,17281828.0
2884.6167235574662,17287002.0
2884.618112486684,17272948.0
2884.6195014159007,17272440.0
2884.620890345584,17283976.0
2884.622279274801,17267692.0
2884.623668204019,17279888.0
2884.625057133237,17298712.0
2884.6264460629195,17257152.0
2884.627834992137,17294790.0
2884.629223921353,17268422.0
2884.63061285057,17266076.0
2884.6320017797866,17285652.0
2884.633390709471,17294216.0
2884.6347796386885,17272542.0
2884.6361685679058,17276228.0
2884.637557497123,17277736.0
2884.6389464263398,17299012.0
2884.6403353555575,17287676.0
2884.641724284774,17302126.0
2884.6431132144576,17251412.0
2884.6445021436743,17296726.0
2884.645891072892,17282246.0
2884.647280002109,17288046.0
2884.6486689313265,17274712.0
2884.6500578605433,17308736.0
2884.6514467897614,17289276.0
2884.6528357189795,17297710.0
2884.6542246481963,17296182.0
2884.655613577413,17271484.0
2884.65700250663,17294902.0
2884.6583914358466,17287728.0
2884.6597803650643,17290226.0
2884.661169294282,17269562.0
2884.6625582234997,17300934.0
2884.6639471527174,17283710.0
2884.665336081934,17292010.0
2884.666725011152,17295706.0
2884.6681139403686,17297842.0
2884.6695028695854,17305592.0
2884.6708917988026,17287456.0
2884.6722807280207,17287990.0
2884.6736696572375,17276534.0
2884.675058586455,17300982.0
2884.676447515672,17276666.0
2884.6778364448896,17292174.0
2884.6792253741073,17270786.0
2884.680614303325,17307414.0
2884.682003232076,17301966.0
2884.683392161293,17277674.0
2884.6847810905097,17306992.0
2884.6861700197273,17286572.0
2884.687558948944,17300098.0
2884.6889478781623,17276730.0
2884.6903368073804,17282942.0
2884.6917257361315,17287886.0
2884.693114665349,17296156.0
2884.694503594566,17292092.0
2884.6958925237827,17292882.0
2884.6972814529995,17297724.0
2884.6986703817515,17287412.0
2884.700059310969,17281318.0
2884.701448240187,17305578.0
2884.7028371694037,17301442.0
2884.7042260981557,17285738.0
2884.7056150273725,17294454.0
2884.70700395659,17291318.0
2884.708392885807,17292972.0
2884.709781814559,17291186.0
2884.7111707437757,17291602.0
2884.7125596729934,17302226.0
2884.7139486017445,17270180.0
2884.715337530962,17279536.0
2884.71672646018,17284794.0
2884.718115388932,17301224.0
2884.7195043181496,17299016.0
2884.7208932473663,17262934.0
2884.7222821761175,17283686.0
2884.7236711053342,17285582.0
2884.725060034551,17279644.0
2884.7264489633035,17283960.0
2884.7278378925216,17281372.0
2884.7292268217384,17285834.0
2884.7306157504904,17268826.0
2884.732004679707,17305170.0
2884.733393608459,17285416.0
2884.734782537676,17279748.0
2884.736171466428,17265560.0
2884.737560395645,17300618.0
2884.738949324397,17270722.0
2884.7403382536136,17299830.0
2884.7417271828313,17269850.0
2884.7431161115824,17275948.0
2884.7445050408,17304286.0
2884.745893969552,17278486.0
2884.7472828987698,17275362.0
2884.748671827521,17281326.0
2884.750060756272,17276822.0
2884.7514496854888,17288386.0
2884.7528386142408,17304320.0
2884.7542275434585,17273422.0
2884.7556164722105,17269340.0
2884.757005401428,17281896.0
2884.7583943301793,17274972.0
2884.759783259397,17306044.0
2884.761172188148,17256760.0
2884.762561116899,17276928.0
2884.7639500461164,17265470.0
2884.765338974869,17280102.0
2884.7667279040857,17287462.0
2884.7681168328377,17273432.0
2884.769505761589,17269098.0
2884.7708946908065,17279444.0
2884.7722836195576,17283082.0
2884.77367254831,17281504.0
2884.7750614775273,17275924.0
2884.7764504062784,17280866.0
2884.7778393350295,17284014.0
2884.7792282637815,17260738.0
2884.7806171929983,17292214.0
2884.7820061217503,17289820.0
2884.7833950505023,17282220.0
2884.78478397972,17303540.0
2884.786172908472,17258658.0
2884.787561837223,17275390.0
2884.7889507659743,17271602.0
2884.790339695191,17286050.0
2884.791728623943,17280884.0
2884.793117552695,17277248.0
2884.794506481447,17293210.0
2884.795895410198,17281468.0
2884.797284339416,17265618.0
2884.798673268167,17286312.0
2884.800062196919,17272670.0
2884.801451125671,17300494.0
2884.8028400544226,17292310.0
2884.8042289831733,17283828.0
2884.805617912391,17287318.0
2884.807006841142,17292770.0
2884.808395769894,17278542.0
2884.809784698645,17296390.0
2884.8111736273977,17286820.0
2884.81256255615,17276410.0
2884.8139514849013,17288646.0
2884.8153404136524,17280860.0
2884.8167293424035,17281288.0
2884.8181182711546,17277800.0
2884.8195071999066,17268062.0
2884.8208961286587,17278448.0
2884.8222850574107,17278028.0
2884.8236739866284,17290290.0
2884.8250629153795,17269636.0
2884.8264518441315,17264294.0
2884.8278407728826,17279144.0
2884.8292297016346,17271784.0
2884.8306186303857,17291590.0
2884.832007558672,17260974.0
2884.833396487423,17258048.0
2884.8347854161752,17262150.0
2884.8361743449263,17262742.0
2884.8375632736784,17271768.0
2884.8389522024304,17256542.0
2884.8403411311824,17247242.0
2884.8417300599335,17257880.0
2884.8431189886846,17252128.0
2884.8445079174357,17263788.0
2884.8458968461878,17242200.0
2884.847285774939,17232588.0
2884.8486747036914,17243104.0
2884.850063631978,17234558.0
2884.8514525607293,17240158.0
2884.8528414894813,17234712.0
2884.8542304182324,17224568.0
2884.8556193469835,17216538.0
2884.857008275735,17237420.0
2884.858397204022,17212192.0
2884.859786132773,17208624.0
2884.861175061525,17204572.0
2884.862563990276,17219082.0
2884.863952919028,17205688.0
2884.8653418473136,17199190.0
2884.866730776066,17191112.0
2884.8681197048186,17186866.0
2884.8695086335692,17196706.0
2884.8708975618542,17193670.0
2884.8722864906063,17178172.0
2884.8736754193574,17171450.0
2884.8750643481094,17172182.0
2884.8764532763958,17169416.0
2884.8778422051478,17168654.0
2884.8792311339,17156122.0
2884.8806200621852,17140488.0
2884.8820089909364,17168540.0
2884.8833979196875,17124228.0
2884.884786847973,17148036.0
2884.8861757767254,17149956.0
2884.887564705478,17152534.0
2884.8889536337633,17133586.0
2884.8903425625153,17129096.0
2884.891731490801,17128266.0
2884.893120419553,17120912.0
2884.894509348305,17109676.0
2884.8958982765907,17100324.0
2884.8972872053414,17120032.0
2884.8986761336278,17088088.0
2884.900065062379,17076178.0
2884.9014539906652,17106984.0
2884.9028429194163,17100178.0
2884.904231848169,17059302.0
2884.9056207764556,17074080.0
2884.9070097052067,17052114.0
2884.908398633492,17086736.0
2884.9097875622433,17056372.0
2884.9111764905288,17038748.0
2884.912565419281,17055702.0
2884.913954347567,17039584.0
2884.915343276319,17043684.0
2884.9167322046055,17045960.0
2884.918121132891,17028382.0
2884.919510061643,17013962.0
2884.9208989899284,17017710.0
2884.9222879186805,17015524.0
2884.923676846966,17014242.0
2884.925065775718,17016294.0
2884.9264547040034,16991470.0
2884.9278436322898,16991990.0
2884.929232561041,16994552.0
2884.930621489327,16997140.0
2884.9320104176136,16964618.0
2884.9333993463656,16986130.0
2884.934788274652,16954356.0
2884.9361772034026,16973090.0
2884.9375661316876,16970056.0
2884.938955059974,16972886.0
2884.9403439882594,16963586.0
2884.941732917012,16941490.0
2884.9431218452987,16969618.0
2884.944510773584,16932394.0
2884.945899702336,16945266.0
2884.9472886306216,16931216.0
2884.948677558907,16918270.0
2884.950066487193,16917166.0
2884.9514554159455,16924664.0
2884.952844344231,16904582.0
2884.9542332725173,16915948.0
2884.9556222008027,16888168.0
2884.9570111295548,16892580.0
2884.95840005784,16910678.0
2884.959788986127,16903588.0
2884.961177914414,16882992.0
2884.962566842699,16881660.0
2884.9639557714495,16896540.0
2884.965344699736,16848908.0
2884.9667336280213,16877284.0
2884.9681225563077,16883748.0
2884.969511484594,16865514.0
2884.9709004128804,16847304.0
2884.9722893411667,16870870.0
2884.973678269452,16862510.0
2884.9750671982033,16840248.0
2884.9764561264888,16854314.0
2884.977845054775,16850426.0
2884.9792339830615,16848788.0
2884.980622911348,16839618.0
2884.9820118396333,16855480.0
2884.9834007679196,16834102.0
2884.984789696205,16823272.0
2884.9861786244915,16847478.0
2884.987567552778,16843152.0
2884.9889564810637,16827422.0
2884.9903454093487,16839326.0
2884.991734337635,16835812.0
2884.9931232659205,16821068.0
2884.994512194207,16830336.0
2884.9959011224923,16828744.0
2884.997290050779,16840836.0
2884.998678979066,16828076.0
2885.0000679073514,16824666.0
2885.001456835637,16839616.0
2885.0028457639223,16826736.0
2885.004234692208,16812596.0
2885.005623620494,16816778.0
2885.0070125487805,16827326.0
2885.008401476601,16812930.0
2885.0097904048876,16816530.0
2885.011179333173,16838026.0
2885.0125682614594,16817680.0
2885.013957189745,16829924.0
2885.015346118031,16830376.0
2885.0167350463166,16842558.0
2885.0181239741373,16797856.0
2885.019512902423,16854298.0
2885.020901830709,16831154.0
2885.0222907589946,16828272.0
2885.023679687281,16828810.0
2885.0250686155673,16830344.0
2885.026457543388,16835988.0
2885.0278464716744,16851166.0
2885.0292353999594,16839904.0
2885.0306243282444,16837846.0
2885.032013256065,16836682.0
2885.0334021843505,16833354.0
2885.0347911126373,16865924.0
2885.036180040924,16865532.0
2885.037568968744,16828344.0
2885.0389578970303,16859148.0
2885.0403468253157,16840586.0
2885.0417357531355,16853196.0
2885.0431246814214,16857864.0
2885.0445136097082,16883024.0
2885.045902537528,16839626.0
2885.0472914658144,16893020.0
2885.0486803941,16863776.0
2885.0500693219205,16893490.0
2885.051458250206,16873548.0
2885.052847178493,16882128.0
2885.054236106314,16895380.0
2885.055625034599,16897546.0
2885.0570139624183,16908776.0
2885.0584028907047,16888702.0
2885.05979181899,16911578.0
2885.061180746811,16896578.0
2885.062569675097,16914926.0
2885.063958602918,16908274.0
2885.065347531204,16920352.0
2885.066736459024,16937160.0
2885.0681253873095,16929048.0
2885.0695143151293,16936370.0
2885.0709032434156,16924530.0
2885.0722921712363,16945574.0
2885.0736810995227,16935148.0
2885.0750700273425,16964762.0
2885.076458955629,16954880.0
2885.0778478834486,16963066.0
2885.079236811735,16969632.0
2885.0806257395557,16973926.0
2885.0820146678416,16975492.0
2885.083403595661,16985338.0
2885.0847925239473,16996720.0
2885.086181451767,16985640.0
2885.0875703795878,16994282.0
2885.088959307873,17004780.0
2885.0903482356944,17009872.0
2885.091737163981,16993934.0
2885.093126091801,17053102.0
2885.0945150196217,17009288.0
2885.0959039479067,17013240.0
2885.097292875726,17026712.0
2885.0986818035467,17039942.0
2885.100070731834,17035772.0
2885.1014596596538,17048160.0
2885.1028485874745,17054988.0
2885.10423751576,17056566.0
2885.1056264435806,17059640.0
2885.1070153714004,17069356.0
2885.1084042996863,17065190.0
2885.1097932275065,17091486.0
2885.1111821553263,17066874.0
2885.112571083147,17077846.0
2885.1139600114325,17092246.0
2885.115348939253,17099580.0
2885.116737867073,17091280.0
2885.118126794894,17104068.0
2885.1195157227153,17120154.0
2885.1209046510007,17109684.0
2885.1222935788205,17119492.0
2885.1236825066403,17130224.0
2885.12507143446,17122234.0
2885.1264603622813,17119594.0
2885.127849290568,17144218.0
2885.129238218388,17148836.0
2885.1306271462086,17150558.0
2885.1320160740283,17153130.0
2885.133405001849,17162810.0
2885.1347939296684,17167544.0
2885.1361828574886,17173754.0
2885.1375717853093,17171806.0
2885.1389607135957,17178538.0
2885.1403496414155,17174782.0
2885.141738569236,17183544.0
2885.143127497056,17191624.0
2885.144516424877,17188336.0
2885.1459053526983,17198542.0
2885.147294280518,17201168.0
2885.148683208338,17186238.0
2885.1500721361576,17237490.0
2885.1514610639774,17197576.0
2885.152849991798,17223298.0
2885.154238919619,17222764.0
2885.1556278474395,17222204.0
2885.15701677526,17239600.0
2885.15840570308,17245816.0
2885.1597946309007,17237772.0
2885.1611835587205,17230468.0
2885.1625724865403,17243786.0
2885.1639614143605,17243534.0
2885.1653503421817,17264490.0
2885.1667392700015,17268496.0
2885.1681281973565,17251740.0
2885.1695171251763,17275944.0
2885.170906052997,17251924.0
2885.1722949808177,17259594.0
2885.1736839086384,17283324.0
2885.175072836458,17282316.0
2885.176461764278,17267230.0
2885.1778506920978,17277548.0
2885.179239619453,17292656.0
2885.1806285472726,17276364.0
2885.1820174750937,17303606.0
2885.183406402915,17286808.0
2885.1847953307347,17283622.0
2885.1861842585554,17290218.0
2885.1875731859095,17317164.0
2885.1889621137293,17292448.0
2885.190351041549,17311494.0
2885.19173996937,17298530.0
2885.193128896725,17327424.0
2885.1945178245455,17327696.0
2885.1959067523653,17289502.0
2885.197295680186,17318720.0
2885.19868460754,17328172.0
2885.2000735353613,17330624.0
2885.2014624631815,17323494.0
2885.2028513910013,17335032.0
2885.2042403183555,17317584.0
2885.205629246176,17312702.0
2885.207018173996,17338654.0
2885.208407101351,17315492.0
2885.2097960291717,17326378.0
2885.2111849569924,17334414.0
2885.2125738843474,17347716.0
2885.213962812167,17327622.0
2885.2153517395213,17335920.0
2885.216740667341,17338756.0
2885.218129595161,17343890.0
2885.2195185225164,17326888.0
2885.2209074503376,17333654.0
2885.2222963776917,17354764.0
2885.2236853055124,17343730.0
2885.225074233332,17350150.0
2885.226463160687,17334220.0
2885.227852088508,17327074.0
2885.2292410158625,17332110.0
2885.230629943682,17355570.0
2885.232018871037,17339842.0
2885.2334077988567,17336210.0
2885.2347967262117,17334298.0
2885.2361856540315,17342418.0
2885.237574581387,17362396.0
2885.238963509208,17310616.0
2885.2403524365623,17323780.0
2885.241741364382,17351344.0
2885.243130291736,17336412.0
2885.2445192190903,17338322.0
2885.2459081469115,17342262.0
2885.247297074267,17336176.0
2885.2486860020867,17341912.0
2885.250074929442,17348422.0
2885.2514638572616,17344782.0
2885.2528527846166,17334166.0
2885.2542417119707,17334748.0
2885.2556306397914,17344394.0
2885.2570195671456,17346438.0
2885.2584084945006,17323606.0
2885.2597974223204,17340934.0
2885.2611863496754,17333916.0
2885.2625752770296,17338390.0
2885.2639642048503,17342910.0
2885.2653531322053,17321692.0
2885.2667420595603,17326714.0
2885.26813098738,17359286.0
2885.2695199147342,17325268.0
2885.2709088420884,17345530.0
2885.2722977694434,17357036.0
2885.273686697264,17334212.0
2885.275075624619,17316650.0
2885.276464551974,17330308.0
2885.2778534793283,17347208.0
2885.279242407149,17336780.0
2885.280631334503,17338502.0
2885.2820202618573,17343294.0
2885.283409189212,17348188.0
2885.2847981165673,17334526.0
2885.286187044387,17315306.0
2885.287575971742,17350268.0
2885.2889648990963,17325468.0
2885.2903538264513,17360110.0
2885.2917427538055,17327548.0
2885.293131681161,17339302.0
2885.294520608982,17332718.0
2885.295909536336,17341058.0
2885.2972984636895,17344232.0
2885.2986873910445,17338258.0
2885.3000763183986,17325166.0
2885.301465245754,17353622.0
2885.3028541731096,17335658.0
2885.3042431004637,17340128.0
2885.305632027819,17336006.0
2885.307020955173,17327966.0
2885.308409882527,17340774.0
2885.309798809881,17340510.0
2885.311187737236,17352662.0
2885.3125766645912,17325308.0
2885.3139655919463,17335916.0
2885.3153545193004,17336092.0
2885.3167434466554,17340440.0
2885.3181323740096,17345298.0
2885.319521301365,17342224.0
2885.3209102287205,17339288.0
2885.322299156074,17344954.0
2885.323688083428,17326852.0
2885.325077010783,17339884.0
2885.326465938137,17361564.0
2885.327854865492,17335570.0
2885.329243792847,17332256.0
2885.330632720202,17316710.0
2885.332021647557,17361478.0
2885.3334105749113,17332180.0
2885.3347995022655,17333288.0
2885.336188429154,17347776.0
2885.337577356508,17338718.0
2885.3389662838636,17328036.0
2885.340355211219,17318304.0
2885.341744138573,17329700.0
2885.343133065928,17341734.0
2885.3445219932823,17325590.0
2885.3459109201717,17329534.0
2885.3472998475268,17334354.0
2885.3486887748813,17348244.0
2885.350077702235,17335042.0
2885.3514666291244,17349594.0
2885.3528555564785,17334142.0
2885.3542444838336,17320182.0
2885.3556334111877,17345696.0
2885.3570223380775,17331060.0
2885.358411265433,17331878.0
2885.359800192787,17326946.0
2885.361189120142,17332088.0
2885.36257804703,17339152.0
2885.363966974384,17343658.0
2885.3653559017393,17333524.0
2885.366744828629,17316086.0
2885.3681337559833,17346316.0
2885.3695226833383,17312056.0
2885.370911610227,17336078.0
2885.372300537582,17326482.0
2885.373689464936,17351684.0
2885.3750783918254,17315888.0
2885.3764673191795,17340482.0
2885.3778562465345,17319454.0
2885.379245173423,17337370.0
2885.380634100778,17331008.0
2885.3820230276665,17319654.0
2885.3834119550215,17336694.0
2885.3848008823766,17324910.0
2885.386189809266,17324992.0
2885.387578736621,17340094.0
2885.388967663509,17324658.0
2885.3903565908627,17326052.0
2885.391745517752,17332170.0
2885.393134445107,17314366.0
2885.3945233719965,17343956.0
2885.3959122993515,17320054.0
2885.39730122624,17297736.0
2885.398690153595,17313116.0
2885.4000790804835,17343636.0
2885.4014680078376,17325974.0
2885.4028569347265,17320422.0
2885.404245862082,17316584.0
2885.4056347889705,17316278.0
2885.40702371586,17330440.0
2885.408412643214,17347738.0
2885.4098015701034,17311866.0
2885.4111904974584,17334852.0
2885.4125794243478,17333036.0
2885.413968351703,17294646.0
2885.415357278591,17326602.0
2885.416746205479,17335806.0
2885.418135132834,17310944.0
2885.4195240597223,17343904.0
2885.420912986612,17313640.0
2885.4223019139677,17313432.0
2885.423690840856,17325850.0
2885.4250797677455,17301524.0
2885.4264686950996,17329494.0
2885.427857621989,17308020.0
2885.4292465488775,17320588.0
2885.4306354762325,17340246.0
2885.432024403121,17316280.0
2885.4334133300104,17308590.0
2885.434802256899,17322816.0
2885.436191184254,17324830.0
2885.4375801111423,17319704.0
2885.438969038032,17312010.0
2885.440357964922,17308716.0
2885.44174689181,17318062.0
2885.4431358191637,17333240.0
2885.444524746053,17313874.0
2885.4459136729415,17325454.0
2885.447302599831,17328706.0
2885.4486915267203,17311378.0
2885.4500804540753,17316086.0
2885.4514693809647,17322292.0
2885.452858307853,17318752.0
2885.4542472347425,17305038.0
2885.4556361616305,17323042.0
2885.4570250885195,17290826.0
2885.458414015409,17323844.0
2885.459802942764,17320102.0
2885.4611918696523,17296360.0
2885.4625807965417,17311252.0
2885.46396972343,17329342.0
2885.4653586503196,17293644.0
2885.466747577209,17306332.0
2885.468136504098,17318310.0
2885.469525430986,17320884.0
2885.4709143578752,17324950.0
2885.4723032847637,17297126.0
2885.473692211653,17305190.0
2885.4750811385425,17335408.0
2885.476470065432,17312086.0
2885.477858992321,17298506.0
2885.4792479192097,17306246.0
2885.480636846099,17330482.0
2885.482025772987,17286432.0
2885.483414699875,17300208.0
2885.484803626765,17311170.0
2885.4861925536547,17317262.0
2885.487581480543,17305938.0
2885.4889704074326,17308456.0
2885.490359334321,17318938.0
2885.4917482612104,17309750.0
2885.493137187634,17294676.0
2885.494526114523,17300906.0
2885.495915041411,17306732.0
2885.4973039683005,17308526.0
2885.498692895189,17310010.0
2885.5000818220783,17309350.0
2885.5014707489668,17300712.0
2885.502859675391,17296934.0
2885.5042486022808,17325746.0
2885.5056375291692,17294720.0
2885.5070264560586,17318508.0
2885.5084153829466,17299620.0
2885.5098043098346,17315442.0
2885.5111932362584,17293486.0
2885.5125821631477,17301186.0
2885.513971090037,17321550.0
2885.5153600169265,17309102.0
2885.5167489433493,17296402.0
2885.5181378702387,17319496.0
2885.519526797127,17306356.0
2885.520915724017,17317668.0
2885.52230465044,17297742.0
2885.5236935773287,17307078.0
2885.525082504217,17304006.0
2885.526471430641,17311432.0
2885.5278603575293,17301098.0
2885.5292492844187,17303712.0
2885.5306382108424,17292676.0
2885.532027137732,17312312.0
2885.533416064621,17317002.0
2885.5348049910435,17301408.0
2885.5361939179315,17305332.0
2885.537582844821,17313474.0
2885.5389717712446,17300328.0
2885.540360698134,17317788.0
2885.5417496245577,17272876.0
2885.543138551446,17319730.0
2885.5445274783356,17286022.0
2885.5459164047584,17306594.0
2885.5473053316477,17326312.0
2885.5486942580706,17299772.0
2885.55008318496,17295552.0
2885.5514721113827,17337890.0
2885.552861038272,17310576.0
2885.554249964695,17279808.0
2885.5556388915843,17304168.0
2885.557027818008,17318804.0
2885.5584167448974,17307712.0
2885.559805671321,17330756.0
2885.561194598209,17288616.0
2885.5625835246315,17287006.0
2885.563972451521,17316104.0
2885.5653613779436,17326128.0
2885.5667503048335,17306020.0
2885.5681392312576,17312168.0
2885.5695281576805,17339462.0
2885.57091708457,17300808.0
2885.5723060109926,17295068.0
2885.573694937882,17314880.0
2885.575083864305,17327998.0
2885.5764727907285,17313966.0
2885.577861717617,17310844.0
2885.5792506440407,17317722.0
2885.580639570929,17311346.0
2885.582028497353,17311842.0
2885.5834174237757,17322660.0
2885.5848063506655,17295190.0
2885.5861952770897,17307008.0
2885.5875842035125,17312686.0
2885.5889731299353,17302966.0
2885.5903620568233,17329334.0
2885.5917509832466,17288970.0
2885.5931399096694,17341998.0
2885.5945288365597,17292498.0
2885.5959177629834,17322546.0
2885.597306689407,17335730.0
2885.59869561583,17303430.0
2885.6000845427193,17310506.0
2885.601473469141,17310340.0
2885.6028623955644,17340450.0
2885.6042513219886,17279564.0
2885.6056402484114,17319910.0
2885.607029175301,17307944.0
2885.6084181017236,17312424.0
2885.6098070281473,17313524.0
2885.61119595457,17310026.0
2885.6125848809943,17341342.0
2885.6139738074185,17299576.0
2885.6153627343065,17319852.0
2885.616751660729,17321638.0
2885.6181405871525,17314102.0
2885.6195295135753,17315940.0
2885.6209184399995,17322216.0
2885.6223073664237,17305876.0
2885.6236962928465,17309652.0
2885.62508521927,17316082.0
2885.626474145693,17301278.0
2885.627863072116,17330270.0
2885.6292519985386,17297642.0
2885.630640925428,17308418.0
2885.6320298518517,17308598.0
2885.6334187782754,17308946.0
2885.6348077046982,17299232.0
2885.636196631122,17317556.0
2885.6375855575448,17295088.0
2885.638974483969,17315918.0
2885.640363410393,17295400.0
2885.6417523368154,17301164.0
2885.643141263238,17302316.0
2885.644530189196,17302582.0
2885.6459191156187,17317636.0
2885.6473080420424,17317372.0
2885.648696968466,17307688.0
2885.65008589489,17288896.0
2885.6514748213135,17311948.0
2885.6528637477363,17305078.0
2885.65425267416,17296752.0
2885.6556416005824,17313402.0
2885.6570305270056,17282788.0
2885.6584194534294,17310880.0
2885.6598083793874,17306382.0
2885.66119730581,17293838.0
2885.662586232234,17297354.0
2885.6639751586567,17297916.0
2885.6653640850805,17306498.0
2885.666753011504,17298494.0
2885.6681419374618,17273974.0
2885.669530863884,17303960.0
2885.670919790308,17299470.0
2885.6723087167306,17295866.0
2885.6736976431544,17309070.0
2885.6750865691124,17298134.0
2885.676475495536,17291590.0
2885.67786442196,17293754.0
2885.6792533483826,17278060.0
2885.6806422743407,17283236.0
2885.682031200763,17297066.0
2885.6834201271854,17285380.0
2885.684809053144,17286682.0
2885.686197979568,17300018.0
2885.687586905991,17285966.0
2885.688975831949,17284052.0
2885.6903647583717,17285230.0
2885.6917536847955,17276120.0
2885.6931426107535,17283206.0
2885.6945315371768,17293058.0
2885.695920463599,17303194.0
2885.697309389557,17282060.0
2885.69869831598,17286902.0
2885.7000872424037,17295506.0
2885.701476168361,17265916.0
2885.702865094785,17290486.0
2885.7042540207435,17267028.0
2885.7056429471663,17272278.0
2885.70703187359,17311608.0
2885.7084207995467,17280572.0
2885.709809725969,17282016.0
2885.7111986519276,17291152.0
2885.7125875783518,17272658.0
2885.713976504309,17275420.0
2885.7153654307326,17285590.0
2885.7167543566898,17303102.0
2885.7181432831135,17274022.0
2885.7195322090706,17266816.0
2885.720921135495,17277850.0
2885.7223100614524,17294802.0
2885.723698987875,17251550.0
2885.7250879138323,17272100.0
2885.726476840256,17303450.0
2885.727865766213,17262420.0
2885.7292546921713,17299828.0
2885.730643618595,17277434.0
2885.732032544553,17271780.0
2885.7334214709767,17288756.0
2885.7348103969334,17289832.0
2885.73619932289,17291446.0
2885.737588249314,17263354.0
2885.738977175272,17313390.0
2885.7403661016956,17269014.0
2885.7417550276537,17299164.0
2885.743143953611,17282800.0
2885.7445328800345,17286010.0
2885.7459218059917,17277636.0
2885.7473107319497,17275046.0
2885.748699657907,17295608.0
2885.7500885843306,17288176.0
2885.7514775102877,17285256.0
2885.7528664362458,17287254.0
2885.7542553626686,17298516.0
2885.7556442886266,17264134.0
2885.7570332145847,17281602.0
2885.7584221405427,17292022.0
2885.7598110669664,17291912.0
2885.761199992923,17272788.0
2885.76258891888,17294114.0
2885.763977844838,17274194.0
2885.765366770795,17263260.0
2885.766755697219,17304502.0
2885.7681446231777,17276926.0
2885.769533549135,17304680.0
2885.770922475093,17274756.0
2885.77231140105,17297460.0
2885.7737003274738,17272184.0
2885.775089253431,17289660.0
2885.776478179389,17289686.0
2885.777867105346,17270558.0
2885.779256031304,17303070.0
2885.7806449572613,17265482.0
2885.7820338832194,17300992.0
2885.7834228091765,17256600.0
2885.784811735135,17270324.0
2885.786200661559,17257700.0
2885.7875895875163,17275896.0
2885.7889785134735,17301110.0
2885.7903674394306,17281274.0
2885.7917563653878,17276170.0
2885.7931452913463,17247478.0
2885.7945342173048,17303322.0
2885.795923143262,17294282.0
2885.79731206922,17262942.0
2885.798700995177,17278068.0
2885.800089921135,17267900.0
2885.801478847092,17266592.0
2885.8028677730495,17286138.0
2885.8042566990075,17268878.0
2885.8056456249656,17278092.0
2885.8070345509227,17267400.0
2885.8084234768808,17265132.0
2885.8098124023722,17272902.0
2885.8112013283308,17282176.0
2885.8125902542893,17273168.0
2885.8139791802464,17254880.0
2885.8153681062036,17264938.0
2885.8167570321607,17256954.0
2885.818145958118,17283396.0
2885.819534884076,17259636.0
2885.820923810034,17267374.0
2885.8223127355263,17273812.0
2885.8237016614844,17266232.0
2885.8250905874415,17255174.0
2885.8264795133996,17242074.0
2885.8278684393563,17279676.0
2885.829257364848,17267692.0
2885.8306462908063,17256436.0
2885.8320352167643,17244100.0
2885.8334241427215,17257184.0
2885.8348130686795,17265090.0
2885.836201994171,17280832.0
2885.837590920129,17252444.0
2885.838979846087,17272958.0
2885.840368772045,17252196.0
2885.8417576975367,17245936.0
2885.843146623494,17271740.0
2885.844535549451,17260882.0
2885.8459244749433,17244884.0
2885.8473134009014,17241540.0
2885.8487023268594,17235512.0
2885.8500912528175,17254724.0
2885.851480178309,17234584.0
2885.852869104267,17257996.0
2885.854258030224,17224748.0
2885.8556469557157,17265692.0
2885.8570358816733,17213062.0
2885.858424807166,17259688.0
2885.8598137331232,17255864.0
2885.8612026590813,17255142.0
2885.862591584573,17226312.0
2885.863980510531,17243726.0
2885.8653694360232,17209470.0
2885.8667583619813,17243682.0
2885.8681472879384,17241030.0
2885.86953621343,17254132.0
2885.870925139387,17230598.0
2885.8723140648794,17235868.0
2885.8737029908375,17231210.0
2885.87509191633,17238444.0
2885.876480842288,17231000.0
2885.8778697677794,17231692.0
2885.8792586937375,17214994.0
2885.880647619229,17232814.0
2885.882036545186,17244084.0
2885.883425470678,17218420.0
2885.8848143966366,17234670.0
2885.886203322128,17203642.0
2885.887592248086,17216064.0
2885.8889811735776,17216444.0
2885.89037009907,17215964.0
2885.891759025028,17246682.0
2885.8931479505204,17214732.0
2885.8945368764776,17225828.0
2885.895925801969,17218616.0
2885.8973147274605,17219004.0
2885.8987036534186,17227538.0
2885.90009257891,17216578.0
2885.901481504403,17226128.0
2885.9028704303614,17221556.0
2885.904259355853,17240226.0
2885.9056482813453,17197530.0
2885.9070372073024,17230866.0
2885.908426132794,17204522.0
2885.909815058286,17227150.0
2885.9112039842444,17227116.0
2885.912592909736,17204948.0
2885.9139818352282,17215516.0
2885.9153707611854,17223536.0
2885.916759686678,17202944.0
2885.9181486121693,17185972.0
2885.919537537662,17224876.0
2885.9209264636206,17205388.0
2885.9223153891116,17222614.0
2885.9237043146027,17215446.0
2885.925093240095,17213332.0
2885.9264821655865,17204526.0
2885.927871091545,17177580.0
2885.929260017038,17198472.0
2885.9306489425294,17225702.0
2885.932037868022,17194744.0
2885.9334267935133,17226268.0
2885.9348157190047,17202362.0
2885.936204644962,17183776.0
2885.9375935704543,17206866.0
2885.9389824959467,17205644.0
2885.940371421439,17202688.0
2885.9417603469306,17197552.0
2885.943149272423,17200712.0
2885.9445381979144,17202834.0
2885.9459271234073,17199850.0
2885.9473160489,17193152.0
2885.948704974391,17202604.0
2885.950093899882,17205302.0
2885.9514828253746,17197124.0
2885.9528717513317,17183220.0
2885.954260676824,17208586.0
2885.9556496023165,17182122.0
2885.957038527809,17185444.0
2885.9584274533013,17193098.0
2885.9598163787928,17207236.0
2885.9612053042842,17189952.0
2885.9625942297757,17180366.0
2885.963983155268,17184088.0
2885.965372080295,17185498.0
2885.9667610057872,17210892.0
2885.9681499312787,17152186.0
2885.969538856771,17201550.0
2885.9709277822626,17191788.0
2885.972316707755,17191766.0
2885.9737056332474,17171824.0
2885.9750945587393,17187388.0
2885.9764834842304,17198276.0
2885.9778724097227,17178156.0
2885.9792613352142,17175318.0
2885.980650260241,17177864.0
2885.9820391857334,17179802.0
2885.9834281112257,17168846.0
2885.984817036718,17176808.0
2885.9862059622096,17197420.0
2885.987594887701,17174104.0
2885.988983812727,17182288.0
2885.9903727382184,17209156.0
2885.9917616637113,17162804.0
2885.993150589204,17179494.0
2885.9945395146956,17179626.0
2885.9959284397223,17166774.0
2885.997317365214,17160902.0
2885.998706290706,17171000.0
2886.0000952161986,17188800.0
2886.001484141225,17180354.0
2886.002873066716,17159532.0
2886.0042619922083,17175924.0
2886.005650917234,17171698.0
2886.0070398427265,17157894.0
2886.008428768219,17171722.0
2886.0098176937113,17168450.0
2886.011206618738,17161300.0
2886.0125955442295,17159656.0
2886.013984469722,17158328.0
2886.0153733947473,17172576.0
2886.0167623202383,17160980.0
2886.0181512452655,17157732.0
2886.0195401707583,17177338.0
2886.02092909625,17152638.0
2886.0223180212765,17161512.0
2886.023706946768,17157676.0
2886.0250958717947,17162800.0
2886.026484797287,17152742.0
2886.027873722779,17170338.0
2886.0292626478044,17157500.0
2886.030651573297,17169878.0
2886.0320404983227,17149470.0
2886.033429423815,17161164.0
2886.034818348841,17153384.0
2886.0362072743337,17148984.0
2886.037596199361,17148714.0
2886.0389851248524,17141358.0
2886.040374049879,17163344.0
2886.04176297537,17141112.0
2886.0431519003955,17153658.0
2886.0445408258884,17139970.0
2886.0459297509155,17144748.0
2886.047318676407,17157218.0
2886.0487076014338,17146632.0
2886.0500965269252,17145126.0
2886.051485451952,17135734.0
2886.052874376978,17150716.0
2886.05426330247,17143246.0
2886.055652227496,17145612.0
2886.0570411529884,17132118.0
2886.058430078014,17161188.0
2886.059819003041,17154922.0
2886.0612079285324,17140422.0
2886.0625968535596,17152028.0
2886.063985778587,17125748.0
2886.0653747040783,17148652.0
2886.066763629105,17125280.0
2886.0681525541304,17146902.0
2886.0695414796214,17134476.0
2886.070930404648,17138954.0
2886.072319329675,17150364.0
2886.0737082551673,17130948.0
2886.075097180194,17146888.0
2886.07648610522,17113422.0
2886.0778750302466,17142450.0
2886.079263955738,17134402.0
2886.0806528807652,17129862.0
2886.0820418057915,17140562.0
2886.0834307308173,17132080.0
2886.084819655843,17142128.0
2886.0862085813355,17145200.0
2886.0875975063614,17124936.0
2886.0889864313885,17121998.0
2886.0903753564157,17143584.0
2886.0917642814416,17102360.0
2886.093153206934,17133672.0
2886.094542131959,17144496.0
2886.0959310569847,17133758.0
2886.0973199820105,17124796.0
2886.098708907038,17145712.0
2886.100097832065,17119862.0
2886.1014867570916,17132844.0
2886.1028756821174,17130916.0
2886.10426460761,17130414.0
2886.1056535326356,17114598.0
2886.1070424576624,17125906.0
2886.108431382689,17083286.0
2886.109820307714,17143144.0
2886.1112092327407,17130280.0
2886.1125981577666,17129602.0
2886.1139870827933,17126672.0
2886.115376007819,17136534.0
2886.1167649328463,17127330.0
2886.1181538578735,17142130.0
2886.1195427828993,17077218.0
2886.120931707925,17145692.0
2886.122320632951,17090604.0
2886.123709557977,17123206.0
2886.125098483004,17141680.0
2886.126487408031,17108996.0
2886.127876333057,17129314.0
2886.1292652580837,17134294.0
2886.1306541831095,17111694.0
2886.1320431081363,17103850.0
2886.133432033162,17109572.0
2886.134820957723,17142718.0
2886.136209882749,17132286.0
2886.1375988077757,17101342.0
2886.1389877328015,17130114.0
2886.1403766578283,17109602.0
2886.141765582854,17100092.0
2886.1431545078813,17120658.0
2886.144543432443,17095524.0
2886.1459323574686,17113754.0
2886.1473212824953,17118148.0
2886.1487102075207,17116274.0
2886.150099132546,17111960.0
2886.1514880575733,17114934.0
2886.152876982135,17083070.0
2886.1542659071606,17119898.0
2886.1556548321873,17090910.0
2886.157043757213,17123338.0
2886.1584326817742,17085460.0
2886.1598216068,17108352.0
2886.161210531827,17083644.0
2886.1625994568526,17111314.0
2886.1639883814137,17101314.0
2886.1653773064395,17105316.0
2886.166766231466,17101860.0
2886.1681551560264,17092122.0
2886.1695440810536,17092768.0
2886.1709330060808,17098826.0
2886.1723219311066,17106106.0
2886.1737108556677,17074534.0
2886.175099780693,17097674.0
2886.1764887052527,17088108.0
2886.1778776302795,17093728.0
2886.179266555306,17088712.0
2886.1806554798673,17090420.0
2886.182044404894,17106568.0
2886.18343332992,17090288.0
2886.184822254481,17119822.0
2886.1862111795067,17073882.0
2886.1876001040678,17074752.0
2886.1889890290936,17093442.0
2886.1903779536547,17090528.0
2886.1917668786805,17092126.0
2886.193155803707,17092904.0
2886.1945447282674,17092092.0
2886.195933653294,17088042.0
2886.197322577855,17073426.0
2886.198711502882,17069084.0
2886.200100427443,17090482.0
2886.2014893524683,17077106.0
2886.202878277028,17084488.0
2886.204267202055,17064476.0
2886.205656126616,17110832.0
2886.207045051177,17048828.0
2886.2084339762037,17074538.0
2886.209822900764,17094852.0
2886.2112118257905,17076656.0
2886.2126007503507,17047824.0
2886.213989675378,17069432.0
2886.2153785999385,17078584.0
2886.2167675244987,17037174.0
2886.2181564495245,17059050.0
2886.2195453740856,17065894.0
2886.2209342986457,17068320.0
2886.2223232236724,17069756.0
2886.2237121482335,17075326.0
2886.2251010732602,17054264.0
2886.2264899978213,17090968.0
2886.227878922381,17048830.0
2886.2292678469407,17072430.0
2886.2306567719675,17063088.0
2886.2320456965285,17040896.0
2886.2334346210896,17068258.0
2886.2348235461163,17062992.0
2886.2362124706765,17065952.0
2886.2376013952376,17038866.0
2886.2389903197977,17053116.0
2886.2403792448245,17038914.0
2886.2417681693846,17045226.0
2886.2431570939457,17054964.0
2886.244546018506,17025818.0
2886.2459349435326,17032836.0
2886.2473238680927,17006922.0
2886.248712792654,17000258.0
2886.250101717215,16992698.0
2886.251490641776,16986774.0
2886.2528795668027,16960284.0
2886.2542684913624,16954914.0
2886.255657415922,16921218.0
2886.257046340483,16927832.0
2886.258435265044,16893156.0
2886.2598241896053,16853872.0
2886.2612131141664,16861142.0
2886.2626020387265,16853610.0
2886.2639909637533,16808946.0
2886.2653798883134,16784466.0
2886.2667688128745,16783048.0
2886.2681577374346,16747114.0
2886.2695466619957,16731817.0
2886.270935586556,16704489.0
2886.272324511117,16667834.0
2886.273713435677,16642867.0
2886.275102360238,16607382.0
2886.2764912847992,16571591.0
2886.2778802093603,16525966.0
2886.2792691339214,16525052.0
2886.2806580584815,16467814.0
2886.2820469830417,16432622.0
2886.283435907602,16404003.0
2886.284824832162,16370976.0
2886.2862137567236,16319422.0
2886.287602681285,16267042.0
2886.2889916058452,16237844.0
2886.2903805304063,16215367.0
2886.2917694549665,16173212.0
2886.2931583795275,16102652.0
2886.2945473040877,16059001.0
2886.295936228183,16017168.0
2886.2973251527433,15982921.0
2886.2987140773043,15915896.0
2886.3001030018645,15878848.0
2886.3014919264256,15822183.0
2886.3028808509866,15768127.0
2886.3042697755477,15726633.0
2886.305658699643,15654943.0
2886.3070476242033,15591364.0
2886.3084365487634,15539467.0
2886.3098254733236,15488879.0
2886.3112143978838,15422987.0
2886.3126033224453,15376102.0
2886.313992246541,15306016.0
2886.3153811711013,15243740.0
2886.3167700956624,15188055.0
2886.3181590202225,15129894.0
2886.319547944318,15064342.0
2886.320936868878,15003044.0
2886.322325793439,14944306.0
2886.3237147179993,14879262.0
2886.3251036420947,14801945.0
2886.326492566655,14739719.0
2886.327881491216,14683265.0
2886.3292704153105,14620509.0
2886.330659339872,14554677.0
2886.3320482644335,14470586.0
2886.333437188528,14411766.0
2886.334826113088,14345168.0
2886.3362150376483,14280617.0
2886.337603961743,14209442.0
2886.3389928863044,14141064.0
2886.340381810866,14065564.0
2886.3417707349604,14020572.0
2886.3431596595215,13934761.0
2886.344548583616,13859856.0
2886.345937508177,13815911.0
2886.347326432738,13732696.0
2886.348715356833,13667188.0
2886.3501042813928,13598342.0
2886.351493205488,13528315.0
2886.3528821300483,13457724.0
2886.3542710541437,13388621.0
2886.355659978704,13327293.0
2886.3570489027998,13275022.0
2886.3584378273613,13183969.0
2886.359826751456,13109628.0
2886.361215676016,13047274.0
2886.3626046001104,12981138.0
2886.3639935246706,12915244.0
2886.3653824487665,12855492.0
2886.366771373328,12778835.0
2886.3681602974225,12718791.0
2886.3695492219836,12657301.0
2886.370938146078,12581915.0
2886.372327070639,12524587.0
2886.3737159947345,12447945.0
2886.3751049188295,12377972.0
2886.376493843389,12302380.0
2886.3778827674846,12220651.0
2886.3792716920448,12141669.0
2886.38066061614,12058667.0
2886.3820495402347,11979084.0
2886.383438464796,11906294.0
2886.384827388892,11817603.0
2886.3862163129866,11748062.0
2886.3876052375467,11667966.0
2886.388994161641,11595968.0
2886.3903830857357,11518443.0
2886.3917720102972,11437667.0
2886.393160934393,11366714.0
2886.3945498584876,11297290.0
2886.3959387830487,11221816.0
2886.397327707143,11163002.0
2886.3987166312386,11085468.0
2886.400105555333,11014094.0
2886.401494479894,10950399.0
2886.4028834039887,10889171.0
2886.404272328084,10821691.0
2886.4056612521786,10760201.0
2886.407050176274,10700064.0
2886.408439100834,10642770.0
2886.40982802493,10582473.0
2886.411216949026,10527570.0
2886.4126058731204,10473941.0
2886.4139947972158,10419601.0
2886.41538372131,10378821.0
2886.4167726458695,10320869.0
2886.4181615699654,10278086.0
2886.4195504940612,10230789.0
2886.4209394181557,10189788.0
2886.422328342251,10145581.0
2886.4237172663456,10110088.0
2886.425106190441,10079815.0
2886.4264951145356,10046329.0
2886.4278840390966,10010935.0
2886.429272963191,9985522.0
2886.4306618872865,9954782.0
2886.432050811381,9937194.0
2886.4334397354764,9918620.0
2886.434828659571,9891206.0
2886.436217583667,9877473.0
2886.4376065077627,9862572.0
2886.438995431857,9855955.0
2886.4403843559526,9840830.0
2886.4417732800466,9834529.0
2886.4431622041407,9837890.0
2886.4445511282365,9833410.0
2886.4459400523324,9838312.0
2886.447328976427,9835475.0
2886.4487179005223,9841838.0
2886.450106824617,9861143.0
2886.451495748712,9870337.0
2886.452884672341,9884465.0
2886.4542735964365,9898974.0
2886.455662520531,9913854.0
2886.4570514446264,9935519.0
2886.458440368721,9965688.0
2886.4598292928163,9988145.0
2886.4612182169108,10019853.0
2886.4626071410066,10049480.0
2886.4639960651025,10086185.0
2886.4653849887313,10116160.0
2886.4667739128267,10152033.0
2886.468162836921,10200755.0
2886.469551761015,10242378.0
2886.4709406851107,10287708.0
2886.472329608741,10333967.0
2886.4737185328354,10382754.0
2886.475107456931,10432543.0
2886.4764963810253,10486216.0
2886.4778853051207,10539637.0
2886.4792742287495,10599003.0
2886.480663152845,10653226.0
2886.4820520769395,10714657.0
2886.483441001035,10774191.0
2886.4848299246637,10836829.0
2886.486218848759,10901312.0
2886.4876077728536,10971126.0
2886.488996696484,11028332.0
2886.4903856205797,11103851.0
2886.491774544674,11172122.0
2886.493163468304,11241536.0
2886.494552392398,11320611.0
2886.495941316492,11392132.0
2886.4973302401218,11463358.0
2886.498719164217,11537262.0
2886.5001080883126,11615235.0
2886.5014970119423,11693961.0
2886.502885936037,11774989.0
2886.504274860132,11852770.0
2886.505663783761,11925362.0
2886.507052707857,11998409.0
2886.508441631486,12084023.0
2886.5098305555807,12160440.0
2886.5112194792096,12246699.0
2886.512608403305,12326361.0
2886.5139973273995,12394148.0
2886.5153862510297,12463604.0
2886.5167751751255,12527634.0
2886.5181640987544,12586479.0
2886.51955302285,12670826.0
2886.520941946478,12721988.0
2886.522330870572,12797506.0
2886.523719794202,12865106.0
2886.5251087182974,12924222.0
2886.526497641927,12999776.0
2886.527886565557,13064119.0
2886.5292754896514,13134774.0
2886.530664413281,13195456.0
2886.5320533373756,13290288.0
2886.533442261006,13334047.0
2886.5348311851008,13409911.0
2886.5362201087296,13483879.0
2886.5376090323584,13541002.0
2886.538997956454,13620552.0
2886.5403868800827,13702968.0
2886.5417758041785,13737904.0
2886.5431647278087,13829754.0
2886.5445536514376,13887191.0
2886.545942575533,13955154.0
2886.5473314991614,14022739.0
2886.5487204227898,14095589.0
2886.550109346885,14150211.0
2886.551498270515,14238574.0
2886.5528871941447,14280782.0
2886.55427611824,14370692.0
2886.555665041869,14432035.0
2886.5570539654987,14510051.0
2886.5584428891275,14557720.0
2886.5598318132234,14621960.0
2886.5612207368526,14690906.0
2886.5626096604815,14775250.0
2886.5639985841103,14823841.0
2886.5653875082057,14901442.0
2886.5667764318346,14955480.0
2886.5681653554648,15029028.0
2886.569554279095,15095145.0
2886.570943202724,15136617.0
2886.572332126819,15214015.0
2886.573721050448,15278809.0
2886.575109974077,15322607.0
2886.5764988977057,15392432.0
2886.5778878213355,15445547.0
2886.5792767449652,15515834.0
2886.580665668595,15557588.0
2886.5820545926895,15636513.0
2886.583443516319,15678848.0
2886.584832439948,15726947.0
2886.5862213635783,15794778.0
2886.5876102872076,15835950.0
2886.5889992108364,15900059.0
2886.5903881344652,15962319.0
2886.591777058095,16007153.0
2886.593165981724,16045162.0
2886.594554905354,16095429.0
2886.595943828984,16126715.0
2886.597332752613,16185542.0
2886.598721676243,16226143.0
2886.6001105998716,16260477.0
2886.6014995235005,16317962.0
2886.6028884471293,16349603.0
2886.604277370759,16403789.0
2886.605666294389,16412715.0
2886.6070552180186,16450540.0
2886.6084441416474,16487853.0
2886.609833065277,16547188.0
2886.611221988906,16563880.0
2886.612610912536,16614551.0
2886.6139998361655,16630337.0
2886.6153887597943,16662242.0
2886.616777683423,16692858.0
2886.618166607053,16712912.0
2886.6195555306817,16739523.0
2886.6209444538463,16755336.0
2886.6223333774765,16798158.0
2886.6237223011053,16789300.0
2886.625111224735,16829520.0
2886.626500148364,16859494.0
2886.6278890719927,16876982.0
2886.6292779956207,16898150.0
2886.630666918785,16915004.0
2886.6320558424154,16948474.0
2886.6334447660442,16927964.0
2886.634833689674,16982014.0
2886.636222613303,16959954.0
2886.637611536467,17009058.0
2886.6390004600967,16988088.0
2886.6403893837273,17027078.0
2886.6417783073553,17025970.0
2886.6431672305184,17027512.0
2886.6445561541473,17040320.0
2886.645945077777,17078002.0
2886.6473340014068,17048220.0
2886.648722924571,17080698.0
2886.6501118482006,17086784.0
2886.6515007718294,17078934.0
2886.6528896949935,17080444.0
2886.654278618622,17075300.0
2886.655667542251,17053904.0
2886.6570564654153,17085952.0
2886.658445389045,17090658.0
2886.659834312674,17083822.0
2886.661223235838,17101486.0
2886.662612159467,17098708.0
2886.664001082631,17091362.0
2886.6653900062606,17108478.0
2886.6667789298904,17078734.0
2886.6681678530535,17110052.0
2886.6695567766824,17112806.0
2886.6709456998456,17062794.0
2886.6723346234753,17113104.0
2886.6737235466394,17105924.0
2886.675112470269,17094578.0
2886.676501393899,17125008.0
2886.677890317062,17118176.0
2886.679279240692,17138844.0
2886.6806681638545,17123350.0
2886.682057087484,17138726.0
2886.683446010648,17141906.0
2886.6848349342777,17124856.0
2886.686223857441,17120158.0
2886.6876127810706,17148440.0
2886.6890017042338,17126118.0
2886.690390627398,17118812.0
2886.6917795510276,17123522.0
2886.6931684741917,17125552.0
2886.6945573978205,17158880.0
2886.6959463209837,17131564.0
2886.6973352446125,17159224.0
2886.6987241677766,17156620.0
2886.7001130909407,17141668.0
2886.7015020145705,17167154.0
2886.7028909377345,17140314.0
2886.7042798608977,17147008.0
2886.7056687845275,17152872.0
2886.7070577076906,17180304.0
2886.7084466308547,17133152.0
2886.7098355544836,17176856.0
2886.7112244776476,17152690.0
2886.712613400811,17170818.0
2886.7140023244406,17191864.0
2886.7153912476037,17149812.0
2886.716780170768,17177214.0
2886.7181690943976,17168440.0
2886.7195580175617,17165492.0
2886.720946940725,17175640.0
2886.722335863888,17174720.0
2886.723724787517,17216558.0
2886.725113710681,17183752.0
2886.726502633845,17153484.0
2886.727891557009,17209244.0
2886.729280480173,17206274.0
2886.730669403802,17182126.0
2886.732058326966,17193636.0
2886.7334472501293,17177074.0
2886.7348361732934,17197276.0
2886.7362250964566,17233270.0
2886.7376140196207,17208066.0
2886.7390029432495,17193170.0
2886.7403918664136,17216312.0
2886.7417807895768,17180002.0
2886.743169712741,17175572.0
2886.744558635905,17229226.0
2886.745947559069,17221854.0
2886.747336482232,17201096.0
2886.7487254053954,17197490.0
2886.750114329024,17231688.0
2886.7515032521883,17227758.0
2886.7528921753524,17238748.0
2886.7542810985165,17215496.0
2886.7556700216805,17222778.0
2886.7570589448437,17210378.0
2886.758447868008,17218252.0
2886.759836791171,17253318.0
2886.761225714335,17228794.0
2886.7626146374982,17241272.0
2886.7640035606623,17226102.0
2886.7653924838255,17250414.0
2886.7667814069896,17261008.0
2886.7681703301528,17246740.0
2886.7695592533173,17237370.0
2886.770948176482,17253608.0
2886.772337099645,17267590.0
2886.7737260223435,17218756.0
2886.775114945506,17289342.0
2886.776503868669,17248918.0
2886.777892791833,17243598.0
2886.779281714997,17258832.0
2886.780670638161,17266310.0
2886.7820595613252,17260266.0
2886.7834484844884,17208768.0
2886.7848374076525,17289890.0
2886.78622633035,17277678.0
2886.787615253514,17271142.0
2886.7890041766773,17260064.0
2886.7903930998414,17291956.0
2886.7917820230045,17229860.0
2886.7931709461686,17285606.0
2886.794559868866,17270986.0
2886.7959487920307,17276102.0
2886.797337715195,17273736.0
2886.7987266383584,17250964.0
2886.8001155615225,17294990.0
2886.8015044842195,17281904.0
2886.8028934073823,17264864.0
2886.8042823305464,17259580.0
2886.805671253245,17281230.0
2886.807060176409,17291898.0
2886.808449099573,17286844.0
2886.809838022736,17328390.0
2886.8112269454346,17283260.0
2886.8126158685977,17341020.0
2886.814004791762,17280944.0
2886.8153937144593,17253722.0
2886.8167826376234,17287926.0
2886.8181715607866,17254798.0
2886.819560483485,17285432.0
2886.820949406648,17334286.0
2886.8223383298127,17300798.0
2886.8237272525116,17308152.0
2886.825116175675,17304840.0
2886.826505098373,17302988.0
2886.827894021536,17294710.0
2886.8292829446987,17317348.0
2886.8306718673975,17313286.0
2886.832060790562,17341740.0
2886.8334497132596,17305232.0
2886.8348386364237,17322632.0
2886.836227559121,17316158.0
2886.8376164822853,17335100.0
2886.839005404983,17289268.0
2886.8403943281473,17343834.0
2886.8417832508453,17299458.0
2886.8431721740085,17322196.0
2886.844561096706,17323988.0
2886.84595001987,17349986.0
2886.8473389425676,17316328.0
2886.848727865732,17291576.0
2886.850116788431,17345000.0
2886.851505711594,17329560.0
2886.8528946342926,17345772.0
2886.8542835574553,17338844.0
2886.8556724801524,17303652.0
2886.857061403317,17358184.0
2886.858450326016,17306510.0
2886.8598392487133,17351264.0
2886.8612281718774,17326468.0
2886.862617094575,17322324.0
2886.8640060172734,17322904.0
2886.8653949404365,17325438.0
2886.8667838631354,17366328.0
2886.868172786299,17306276.0
2886.8695617089966,17324932.0
2886.870950631694,17336698.0
2886.8723395543925,17376406.0
2886.8737284775557,17332166.0
2886.8751174002546,17333240.0
2886.8765063229534,17324140.0
2886.8778952461166,17306592.0
2886.879284168815,17391954.0
2886.880673091512,17332550.0
2886.882062014209,17344924.0
2886.8834509373737,17329372.0
2886.8848398600726,17352858.0
2886.88622878277,17365920.0
2886.8876177054685,17350620.0
2886.8890066286317,17329152.0
2886.89039555133,17370750.0
2886.8917844740286,17347418.0
2886.893173396727,17331618.0
2886.8945623194245,17371206.0
2886.8959512425877,17345174.0
2886.897340165285,17353740.0
2886.8987290879836,17354386.0
2886.900118010681,17368592.0
2886.90150693338,17376682.0
2886.902895856079,17346430.0
2886.9042847787764,17389816.0
2886.9056737019405,17388216.0
2886.907062624638,17318958.0
2886.9084515473355,17342068.0
2886.9098404700335,17409486.0
2886.9112293927324,17355012.0
2886.91261831543,17354854.0
2886.9140072381283,17384598.0
2886.915396160826,17364916.0
2886.9167850835242,17379070.0
2886.9181740062227,17396662.0
2886.919562928921,17383046.0
2886.9209518516186,17358136.0
2886.922340774316,17367074.0
2886.9237296970136,17361804.0
2886.925118619712,17383980.0
2886.9265075424105,17349644.0
2886.927896465109,17381852.0
2886.9292853878073,17397140.0
2886.930674310505,17404370.0
2886.9320632332033,17390224.0
2886.933452155901,17380766.0
2886.9348410785983,17391086.0
2886.9362300012963,17410916.0
2886.937618923995,17366890.0
2886.9390078466927,17377846.0
2886.940396769391,17389428.0
2886.941785691623,17387438.0
2886.9431746143214,17379648.0
2886.94456353702,17371910.0
2886.9459524597182,17413508.0
2886.9473413824157,17396764.0
2886.9487303051133,17406112.0
2886.950119227811,17407924.0
2886.9515081500435,17380018.0
2886.952897072742,17398152.0
2886.9542859954404,17400118.0
2886.955674918139,17416628.0
2886.9570638408363,17402150.0
2886.958452763069,17415540.0
2886.9598416857666,17429874.0
2886.961230608465,17414844.0
2886.9626195311625,17419784.0
2886.9640084533953,17404438.0
2886.965397376093,17347508.0
2886.9667862987912,17424880.0
2886.9681752214888,17432448.0
2886.9695641437215,17414172.0
2886.97095306642,17389182.0
2886.9723419891184,17400928.0
2886.9737309113502,17422612.0
2886.9751198340477,17452802.0
2886.9765087567453,17421380.0
2886.977897678978,17457980.0
2886.9792866016764,17442084.0
2886.980675524375,17418654.0
2886.9820644466076,17453908.0
2886.983453369305,17410142.0
2886.9848422920036,17459342.0
2886.9862312142354,17430958.0
2886.987620136934,17412768.0
2886.9890090591657,17460278.0
2886.990397981864,17388448.0
2886.9917869045616,17465480.0
2886.9931758267944,17475270.0
2886.994564749492,17461840.0
2886.995953671725,17433022.0
2886.997342594424,17437330.0
2886.998731516656,17507214.0
2887.0001204393543,17440118.0
2887.0015093615857,17460818.0
2887.0028982842828,17416752.0
2887.0042872065155,17447544.0
2887.005676129214,17473940.0
2887.0070650514467,17430880.0
2887.008453974145,17482426.0
2887.009842896377,17469586.0
2887.0112318190754,17475604.0
2887.0126207413073,17469270.0
2887.0140096640057,17467610.0
2887.0153985862376,17433684.0
2887.016787508936,17479532.0
2887.018176431168,17501490.0
2887.0195653534006,17484954.0
2887.020954276098,17474506.0
2887.0223431983313,17509832.0
2887.0237321205645,17464172.0
2887.025121043262,17434906.0
2887.026509965495,17541376.0
2887.027898888192,17450100.0
2887.0292878104233,17509898.0
2887.0306767326565,17487474.0
2887.0320656553554,17496092.0
2887.0334545775872,17472488.0
2887.03484349982,17484504.0
2887.0362324225175,17528572.0
2887.0376213447503,17492290.0
2887.039010266982,17493224.0
2887.040399189215,17519160.0
2887.0417881119124,17480942.0
2887.043177034145,17473436.0
2887.044565956377,17511636.0
2887.04595487861,17499190.0
2887.0473438013073,17494036.0
2887.0487327235405,17489242.0
2887.0501216457737,17530274.0
2887.0515105680056,17519320.0
2887.0528994902384,17484486.0
2887.0542884129354,17549390.0
2887.055677335167,17490204.0
2887.0570662574,17491302.0
2887.0584551796333,17497754.0
2887.059844101865,17529586.0
2887.061233024098,17508210.0
2887.0626219467954,17526682.0
2887.064010869028,17516518.0
2887.065399791261,17488888.0
2887.0667887134937,17523130.0
2887.0681776357255,17499596.0
2887.0695665579574,17515042.0
2887.0709554801892,17520998.0
2887.072344402422,17514838.0
2887.073733324654,17548106.0
2887.075122246887,17466034.0
2887.076511169586,17573568.0
2887.077900091818,17498612.0
2887.0792890140506,17526214.0
2887.080677936282,17532654.0
2887.0820668585134,17529640.0
2887.0834557807466,17546580.0
2887.08484470298,17507128.0
2887.0862336252117,17540732.0
2887.0876225474444,17504292.0
2887.0890114696763,17547898.0
2887.090400391909,17523714.0
2887.091789313676,17523864.0
2887.093178235909,17545358.0
2887.0945671581408,17539964.0
2887.0959560803726,17558302.0
2887.0973450026045,17581654.0
2887.0987339248372,17531424.0
2887.10012284707,17559960.0
2887.1015117693028,17549968.0
2887.1029006915355,17522668.0
2887.1042896137674,17572972.0
2887.105678536,17570876.0
2887.107067457766,17543694.0
2887.1084563799973,17527594.0
2887.1098453022305,17529450.0
2887.1112342244637,17558828.0
2887.1126231466956,17530858.0
2887.1140120689283,17531640.0
2887.1154009906945,17500698.0
2887.1167899129273,17520670.0
2887.11817883516,17593440.0
2887.119567757393,17507008.0
2887.1209566796247,17571330.0
2887.122345601391,17561124.0
2887.1237345236227,17516638.0
2887.1251234458555,17549480.0
2887.1265123680882,17584842.0
2887.1279012898553,17550350.0
2887.129290212088,17550676.0
2887.13067913432,17558308.0
2887.1320680565527,17550578.0
2887.133456978319,17550500.0
2887.1348459005517,17582658.0
2887.1362348227835,17548160.0
2887.1376237445506,17549890.0
2887.1390126667825,17570688.0
2887.1404015890153,17545452.0
2887.1417905107814,17536914.0
2887.1431794330147,17521210.0
2887.144568354782,17551142.0
2887.145957277014,17566008.0
2887.147346199246,17556272.0
2887.148735121012,17535766.0
2887.150124043244,17554878.0
2887.1515129654767,17573338.0
2887.152901887244,17558646.0
2887.1542908094766,17575912.0
2887.1556797312437,17555054.0
2887.1570686534756,17553726.0
2887.1584575752427,17570546.0
2887.1598464974745,17590740.0
2887.1612354192416,17541074.0
2887.1626243414735,17588592.0
2887.1640132632406,17580360.0
2887.1654021854724,17558954.0
2887.166791107239,17548572.0
2887.1681800294714,17550720.0
2887.1695689512385,17544688.0
2887.170957873472,17579602.0
2887.1723467952384,17581582.0
2887.17373571747,17550830.0
2887.1751246392355,17560250.0
2887.1765135614683,17582262.0
2887.1779024832354,17604784.0
2887.1792914050025,17558508.0
2887.180680327235,17590250.0
2887.1820692490014,17516552.0
2887.183458171234,17568658.0
2887.1848470930004,17639416.0
2887.1862360147675,17525232.0
2887.1876249369993,17567646.0
2887.1890138587664,17551148.0
2887.1904027805326,17571628.0
2887.1917917027654,17580648.0
2887.1931806245316,17563648.0
2887.1945695462987,17543572.0
2887.1959584685314,17557132.0
2887.1973473902985,17613306.0
2887.1987363120656,17552808.0
2887.2001252342975,17610022.0
2887.2015141560637,17562982.0
2887.20290307783,17591318.0
2887.204291999597,17560172.0
2887.2056809218298,17570826.0
2887.207069843597,17586452.0
2887.208458765363,17596322.0
2887.20984768713,17548212.0
2887.211236609362,17576010.0
2887.2126255311296,17582176.0
2887.214014452896,17594338.0
2887.2154033746624,17602258.0
2887.2167922964286,17579454.0
2887.2181812186614,17589194.0
2887.2195701404275,17597676.0
2887.220959062195,17602012.0
2887.2223479839627,17567244.0
2887.223736905729,17584776.0
2887.225125827496,17620374.0
2887.226514749262,17577200.0
2887.227903671494,17583978.0
2887.22929259326,17603372.0
2887.2306815150273,17512666.0
2887.2320704367944,17602456.0
2887.2334593585615,17600028.0
2887.2348482803277,17579386.0
2887.236237202095,17577482.0
2887.237626123861,17582070.0
2887.2390150456285,17568228.0
2887.240403967395,17583476.0
2887.2417928891614,17577180.0
2887.2431818109276,17574766.0
2887.2445707326947,17573938.0
2887.245959654461,17556100.0
2887.2473485762284,17566472.0
2887.248737497996,17562348.0
2887.250126419762,17585824.0
2887.2515153415293,17549164.0
2887.2529042632955,17572422.0
2887.2542931850617,17594832.0
2887.2556821068283,17549836.0
2887.257071028596,17591922.0
2887.258459950362,17616402.0
2887.259848872129,17550634.0
2887.2612377938954,17594976.0
2887.2626267156625,17546474.0
2887.264015636964,17571492.0
2887.265404558731,17595418.0
2887.266793480498,17577916.0
2887.268182402264,17572264.0
2887.2695713240296,17543500.0
2887.2709602457967,17578258.0
2887.272349167563,17553870.0
2887.273738088865,17569972.0
2887.2751270106323,17553822.0
2887.2765159323985,17569684.0
2887.2779048541656,17547172.0
2887.279293775932,17594804.0
2887.2806826972324,17539654.0
2887.282071618999,17577260.0
2887.2834605407666,17532440.0
2887.2848494625327,17585262.0
2887.2862383843,17544502.0
2887.2876273056004,17579014.0
2887.2890162273675,17545368.0
2887.2904051491346,17572948.0
2887.291794070436,17569078.0
2887.293182992203,17529694.0
2887.294571913969,17585300.0
2887.2959608357346,17525908.0
2887.297349757036,17537544.0
2887.298738678803,17526140.0
2887.3001276005702,17563710.0
2887.3015165218717,17565324.0
2887.302905443638,17497548.0
2887.304294365405,17567068.0
2887.3056832867055,17488574.0
2887.3070722084726,17509842.0
2887.308461129773,17565190.0
2887.3098500515403,17529728.0
2887.3112389733064,17551046.0
2887.312627894608,17498850.0
2887.314016816374,17569386.0
2887.315405737676,17496338.0
2887.3167946594435,17511392.0
2887.318183580744,17507128.0
2887.319572502511,17550510.0
2887.320961424277,17500624.0
2887.322350345577,17544260.0
2887.323739267344,17503696.0
2887.3251281886455,17515266.0
2887.3265171104126,17485454.0
2887.327906031714,17542328.0
2887.3292949534803,17524862.0
2887.3306838747817,17499082.0
2887.332072796548,17503286.0
2887.33346171785,17493030.0
2887.3348506391508,17549240.0
2887.336239560917,17478122.0
2887.3376284822175,17447756.0
2887.3390174039846,17495758.0
2887.340406325285,17523690.0
2887.3417952470527,17490778.0
2887.3431841683546,17534254.0
2887.344573089655,17469676.0
2887.345962011422,17505858.0
2887.3473509327223,17493270.0
2887.3487398540224,17525332.0
2887.35012877579,17514626.0
2887.351517697092,17512096.0
2887.3529066183924,17509880.0
2887.3542955401595,17479206.0
2887.35568446146,17537452.0
2887.3570733827614,17526776.0
2887.3584623045285,17478116.0
2887.35985122583,17523280.0
2887.3612401471305,17515466.0
2887.3626290688967,17533346.0
2887.364017990197,17503466.0
2887.3654069114987,17496756.0
2887.366795832799,17557672.0
2887.3681847545668,17539386.0
2887.3695736758687,17517512.0
2887.370962597169,17507230.0
2887.3723515184706,17547454.0
2887.3737404402364,17470448.0
2887.3751293615364,17532954.0
2887.3765182828383,17551192.0
2887.3779072041402,17474636.0
2887.3792961254408,17510538.0
2887.380685046742,17543552.0
2887.3820739685084,17488748.0
2887.38346288981,17486324.0
2887.3848518111113,17534492.0
2887.3862407324127,17543508.0
2887.3876296537132,17556112.0
2887.389018575014,17484162.0
2887.3904074963143,17539838.0
2887.3917964176158,17516568.0
2887.393185339383,17548180.0
2887.3945742606843,17508728.0
2887.3959631819857,17569832.0
2887.3973521032863,17545342.0
2887.3987410245877,17552318.0
2887.4001299458882,17525316.0
2887.4015188671897,17536010.0
2887.40290778849,17574778.0
2887.4042967097917,17528902.0
2887.405685631092,17581232.0
2887.4070745523936,17547732.0
2887.408463473694,17579364.0
2887.409852394996,17549660.0
2887.411241316298,17604138.0
2887.4126302375985,17562596.0
2887.414019158899,17588552.0
2887.4154080801995,17516654.0
2887.4167970015,17608974.0
2887.4181859228015,17553190.0
2887.419574844103,17559974.0
2887.4209637654044,17616902.0
2887.42235268624,17554798.0
2887.4237416075407,17536540.0
2887.425130528842,17592984.0
2887.4265194501427,17612148.0
2887.427908371444,17544006.0
2887.4292972927446,17529656.0
2887.430686214046,17595032.0
2887.4320751353466,17565580.0
2887.4334640561824,17582778.0
2887.434852977483,17588488.0
2887.436241898785,17590954.0
2887.4376308200867,17589574.0
2887.4390197413873,17555556.0
2887.440408662688,17586052.0
2887.4417975835227,17555548.0
2887.443186504823,17600774.0
2887.444575426125,17591042.0
2887.445964347427,17606070.0
2887.447353268262,17580704.0
2887.4487421895633,17607054.0
2887.450131110864,17606118.0
2887.4515200321653,17599816.0
2887.452908953001,17642358.0
2887.454297874302,17574616.0
2887.455686795602,17588196.0
2887.457075716438,17589096.0
2887.4584646377384,17603808.0
2887.45985355904,17552422.0
2887.4612424798756,17605684.0
2887.462631401177,17583626.0
2887.4640203224785,17568682.0
2887.4654092433134,17634550.0
2887.466798164614,17606150.0
2887.4681870859145,17612378.0
2887.4695760067502,17600778.0
2887.4709649280517,17619046.0
2887.4723538488875,17614028.0
2887.473742770188,17576104.0
2887.4751316914894,17622844.0
2887.4765206123243,17600650.0
2887.4779095336257,17609330.0
2887.4792984544615,17637802.0
2887.4806873757625,17574058.0
2887.482076296597,17650940.0
2887.4834652178984,17570716.0
2887.484854138733,17622950.0
2887.4862430600347,17634158.0
2887.4876319808704,17570668.0
2887.489020902172,17606284.0
2887.4904098230077,17583118.0
2887.491798744308,17614644.0
2887.493187665144,17599204.0
2887.494576586444,17587206.0
2887.4959655072794,17567582.0
2887.497354428581,17604124.0
2887.4987433494166,17568814.0
2887.500132270717,17621550.0
2887.501521191553,17596628.0
2887.502910112388,17628658.0
2887.5042990336897,17573618.0
2887.505687954526,17593396.0
2887.507076875826,17546764.0
2887.5084657966604,17577524.0
2887.509854717496,17610074.0
2887.5112436387967,17565278.0
2887.512632559633,17597176.0
2887.514021480469,17608172.0
2887.5154104017697,17586184.0
2887.5167993226055,17577908.0
2887.5181882434404,17590632.0
2887.519577164742,17521902.0
2887.5209660855767,17606656.0
2887.5223550064125,17537482.0
2887.523743927713,17540066.0
2887.5251328485488,17589598.0
2887.5265217693836,17572364.0
2887.5279106902194,17614282.0
2887.52929961152,17544490.0
2887.530688532356,17610126.0
2887.5320774531924,17592514.0
2887.533466374027,17571322.0
2887.534855295327,17531698.0
2887.5362442161627,17549160.0
2887.5376331369976,17590394.0
2887.539022057834,17545668.0
2887.54041097867,17593800.0
2887.541799899505,17517982.0
2887.5431888208063,17583870.0
2887.544577741641,17584872.0
2887.545966662477,17550550.0
2887.547355583312,17532348.0
2887.5487445041476,17571760.0
2887.5501334249825,17560386.0
2887.5515223458183,17506532.0
2887.552911267119,17559174.0
2887.5543001879546,17565042.0
2887.5556891087904,17576558.0
2887.557078029626,17598402.0
2887.558466950462,17567844.0
2887.559855871297,17579972.0
2887.5612447921317,17573864.0
2887.5626337129665,17584502.0
2887.5640226338023,17546650.0
2887.565411554638,17553986.0
2887.566800475474,17608220.0
2887.5681893963088,17552464.0
2887.5695783171445,17559000.0
2887.5709672379794,17594412.0
2887.5723561588156,17569046.0
2887.573745079651,17556328.0
2887.575134000486,17585810.0
2887.5765229213207,17586628.0
2887.5779118421565,17600166.0
2887.5793007629914,17576176.0
2887.5806896838276,17586740.0
2887.582078604664,17576638.0
2887.5834675254987,17523774.0
2887.584856445869,17608138.0
2887.5862453667037,17557538.0
2887.5876342875385,17567850.0
2887.589023208374,17601178.0
2887.59041212921,17586744.0
2887.591801050045,17624576.0
2887.5931899708808,17585710.0
2887.5945788917156,17568882.0
2887.5959678120857,17624048.0
2887.5973567329206,17568728.0
2887.598745653757,17636348.0
2887.600134574592,17616058.0
2887.601523495427,17624418.0
2887.6029124157963,17581016.0
2887.604301336632,17598872.0
2887.605690257467,17620872.0
2887.607079178303,17614316.0
2887.6084680991394,17643818.0
2887.6098570195086,17589954.0
2887.6112459403444,17604788.0
2887.6126348611792,17659084.0
2887.6140237815484,17629498.0
2887.6154127023838,17620270.0
2887.61680162322,17637752.0
2887.618190544055,17616356.0
2887.619579464425,17587020.0
2887.62096838526,17643626.0
2887.6223573060956,17627306.0
2887.6237462264658,17639574.0
2887.6251351473015,17641326.0
2887.6265240681373,17627824.0
2887.627912988506,17658250.0
2887.6293019093405,17663746.0
2887.6306908297106,17681198.0
2887.6320797505464,17694050.0
2887.633468671382,17597152.0
2887.6348575917523,17674864.0
2887.636246512587,17620394.0
2887.6376354329573,17686610.0
2887.639024353792,17658674.0
2887.640413274628,17683606.0
2887.641802194997,17650914.0
2887.643191115833,17658988.0
2887.644580036202,17671408.0
2887.645968957038,17678774.0
2887.647357877407,17659392.0
2887.6487467982433,17706346.0
2887.650135718614,17660678.0
2887.651524639449,17667334.0
2887.652913559819,17668456.0
2887.6543024806533,17649364.0
2887.655691401022,17690964.0
2887.6570803218583,17658600.0
2887.658469242229,17693998.0
2887.659858162598,17673726.0
2887.661247083434,17661288.0
2887.662636003803,17649376.0
2887.664024924639,17654130.0
2887.665413845008,17677292.0
2887.666802765844,17646530.0
2887.668191686213,17670572.0
2887.669580606583,17661996.0
2887.670969527418,17638512.0
2887.672358447788,17682056.0
2887.6737473681574,17688576.0
2887.6751362889936,17688618.0
2887.676525209364,17683752.0
2887.6779141297334,17664162.0
2887.679303050569,17682554.0
2887.680691970938,17692690.0
2887.6820808913067,17642246.0
2887.683469812143,17675594.0
2887.6848587325135,17650814.0
2887.6862476528827,17714656.0
2887.687636573253,17620126.0
2887.6890254940877,17691068.0
2887.690414414458,17679784.0
2887.691803334828,17654644.0
2887.693192255198,17669022.0
2887.694581176033,17671864.0
2887.695970096402,17641538.0
2887.6973590167713,17619312.0
2887.6987479371414,17659204.0
2887.7001368575116,17655592.0
2887.7015257783473,17630748.0
2887.7029146987174,17550950.0
2887.7043036190867,17584588.0
2887.705692539457,17628172.0
2887.7070814598255,17600344.0
2887.708470380195,17630538.0
2887.709859301031,17617132.0
2887.711248221401,17640468.0
2887.7126371417703,17582766.0
2887.7140260621404,17612986.0
2887.7154149825096,17570570.0
2887.71680390288,17598676.0
2887.718192823251,17605376.0
2887.71958174362,17529350.0
2887.720970663989,17584076.0
2887.7223595843584,17561920.0
2887.7237485047276,17563930.0
2887.725137425098,17551804.0
2887.7265263454688,17546778.0
2887.727915265838,17500522.0
2887.729304186208,17482294.0
2887.7306931065773,17531310.0
2887.7320820269474,17589598.0
2887.7334709473166,17510852.0
2887.7348598676863,17515222.0
2887.736248788056,17529216.0
2887.737637708425,17514092.0
2887.7390266287953,17502136.0
2887.7404155491645,17481200.0
2887.7418044695346,17499502.0
2887.7431933899047,17480568.0
2887.7445823102757,17500588.0
2887.745971230645,17507664.0
2887.7473601510137,17442412.0
2887.7487490713825,17485442.0
2887.7501379917526,17459174.0
2887.751526911657,17444586.0
2887.752915832027,17460508.0
2887.7543047523973,17451702.0
2887.7556936727665,17447670.0
2887.7570825931366,17442326.0
2887.758471513506,17455346.0
2887.7598604334107,17398618.0
2887.7612493537804,17429720.0
2887.7626382741496,17422114.0
2887.764027194519,17384708.0
2887.765416114889,17431174.0
2887.7668050347925,17365796.0
2887.768193955163,17391704.0
2887.7695828755336,17395170.0
2887.770971795903,17370722.0
2887.7723607158073,17392616.0
2887.773749636176,17367590.0
2887.775138556545,17412358.0
2887.7765274769154,17320178.0
2887.7779163968203,17336116.0
2887.7793053171895,17351974.0
2887.7806942375596,17316458.0
2887.782083157463,17307660.0
2887.7834720778333,17336810.0
2887.7848609982034,17326486.0
2887.786249918108,17342900.0
2887.787638838477,17333702.0
2887.7890277588463,17349164.0
2887.79041667875,17264006.0
2887.79180559912,17305054.0
2887.79319451949,17344348.0
2887.7945834393945,17307462.0
2887.7959723597646,17267016.0
2887.797361279668,17301130.0
2887.7987502000383,17256160.0
2887.800139120407,17308986.0
2887.801528040311,17309088.0
2887.802916960681,17269422.0
2887.8043058805856,17260754.0
2887.805694800955,17225288.0
2887.8070837208593,17256892.0
2887.8084726412285,17270000.0
2887.8098615611334,17235980.0
2887.811250481504,17236076.0
2887.8126394014075,17263606.0
2887.8140283217767,17222282.0
2887.8154172416803,17271234.0
2887.8168061620495,17234084.0
2887.8181950819544,17250734.0
2887.819584002325,17240828.0
2887.8209729222285,17195962.0
2887.822361842133,17249454.0
2887.823750762502,17180912.0
2887.8251396824066,17213746.0
2887.826528602776,17210980.0
2887.8279175226803,17176056.0
2887.8293064430495,17246122.0
2887.830695362954,17141756.0
2887.8320842828575,17168602.0
2887.8334732032276,17233896.0
2887.834862123131,17160386.0
2887.836251043036,17126510.0
2887.8376399634067,17185682.0
2887.83902888331,17158398.0
2887.8404178032138,17194086.0
2887.841806723583,17118644.0
2887.8431956434865,17205236.0
2887.8445845633914,17132682.0
2887.845973483762,17169776.0
2887.8473624036656,17187766.0
2887.84875132357,17123610.0
2887.8501402434736,17122566.0
2887.8515291638437,17176024.0
2887.852918083748,17143320.0
2887.854307003652,17157452.0
2887.8556959235552,17154854.0
2887.8570848439253,17165908.0
2887.858473763829,17147702.0
2887.8598626837334,17129936.0
2887.861251603638,17170732.0
2887.8626405235423,17131800.0
2887.8640294434467,17113612.0
2887.865418363816,17151542.0
2887.8668072837195,17160922.0
2887.868196203623,17175564.0
2887.8695851235275,17152908.0
2887.870974043432,17130582.0
2887.8723629633364,17143334.0
2887.87375188324,17131042.0
2887.87514080361,17111376.0
2887.8765297235136,17107534.0
2887.8779186434185,17138514.0
2887.8793075633234,17163558.0
2887.8806964832265,17148564.0
2887.8820854031296,17154612.0
2887.883474323034,17146584.0
2887.8848632429376,17169624.0
2887.8862521628425,17109838.0
2887.8876410827475,17142172.0
2887.889030002651,17152756.0
2887.8904189225555,17194180.0
2887.891807842459,17144920.0
2887.8931967623635,17186648.0
2887.894585682267,17196402.0
2887.8959746021715,17123486.0
2887.897363522075,17158468.0
2887.8987524419795,17142340.0
2887.900141361883,17203138.0
2887.9015302817875,17157886.0
2887.902919201692,17210014.0
2887.9043081215964,17210864.0
2887.905697041501,17167544.0
2887.907085961404,17214760.0
2887.908474881307,17191374.0
2887.909863800746,17236314.0
2887.9112527206503,17189984.0
2887.9126416405547,17225548.0
2887.914030560459,17178154.0
2887.9154194803627,17205790.0
2887.916808400267,17259612.0
2887.9181973201707,17215326.0
2887.91958623961,17231292.0
2887.920975159514,17259990.0
2887.9223640794175,17231782.0
2887.923752999321,17268380.0
2887.9251419192256,17237840.0
2887.9265308386634,17220568.0
2887.9279197585684,17257218.0
2887.9293086784733,17273588.0
2887.930697598377,17262444.0
2887.9320865182813,17197514.0
2887.9334754377187,17245606.0
2887.934864357622,17308492.0
2887.9362532775267,17281182.0
2887.937642196966,17306934.0
2887.9390311168695,17256388.0
2887.940420036774,17286520.0
2887.9418089566775,17315724.0
2887.9431978761163,17328778.0
2887.94458679602,17299940.0
2887.9459757159248,17339362.0
2887.947364635363,17277582.0
2887.9487535552666,17311636.0
2887.95014247517,17318488.0
2887.951531394609,17344888.0
2887.9529203145125,17388988.0
2887.954309233952,17330722.0
2887.9556981538567,17365552.0
2887.9570870737602,17353754.0
2887.958475993199,17338876.0
2887.959864913102,17359878.0
2887.9612538325396,17361794.0
2887.9626427524445,17399120.0
2887.9640316723494,17384632.0
2887.9654205917873,17443750.0
2887.9668095116917,17438752.0
2887.9681984311296,17407572.0
2887.969587351034,17431470.0
2887.970976270473,17416952.0
2887.9723651903773,17419816.0
2887.973754109815,17456956.0
2887.9751430297188,17486532.0
2887.9765319491567,17456088.0
2887.977920869061,17431244.0
2887.9793097885,17490772.0
2887.9806987084044,17483466.0
2887.982087627843,17515918.0
2887.983476547281,17487898.0
2887.9848654671855,17509742.0
2887.9862543866234,17497430.0
2887.987643306528,17526618.0
2887.9890322259657,17480940.0
2887.9904211454045,17463640.0
2887.991810065308,17534202.0
2887.993198984747,17514460.0
2887.9945879046504,17527276.0
2887.9959768240897,17537514.0
2887.997365743529,17519664.0
2887.9987546634325,17567928.0
2888.0001435828704,17573768.0
2888.0015325023082,17571730.0
2888.002921422212,17581288.0
2888.004310341651,17576652.0
2888.0056992610903,17571684.0
2888.007088180994,17538276.0
2888.0084771004326,17571084.0
2888.0098660198705,17559756.0
2888.0112549393093,17604266.0
2888.0126438592138,17650812.0
2888.014032778652,17621128.0
2888.0154216980895,17541876.0
2888.0168106175283,17612002.0
2888.018199537432,17610870.0
2888.0195884568707,17661056.0
2888.0209773763095,17644192.0
2888.0223662957483,17678128.0
2888.023755215187,17664030.0
2888.0251441350906,17613024.0
2888.0265330545285,17665156.0
2888.0279219739664,17672124.0
2888.029310893405,17678022.0
2888.030699812844,17623810.0
2888.032088732283,17671662.0
2888.0334776517207,17709290.0
2888.034866571625,17666012.0
2888.036255491063,17604392.0
2888.0376444105023,17701726.0
2888.0390333299415,17668320.0
2888.040422249379,17694034.0
2888.0418111688164,17722166.0
2888.043200088255,17669652.0
2888.044589007693,17730968.0
2888.0459779271323,17690554.0
2888.0473668465715,17755100.0
2888.0487557660094,17706810.0
2888.0501446854482,17728694.0
2888.051533604886,17704996.0
2888.052922524325,17716532.0
2888.054311443763,17719940.0
2888.0557003632016,17753958.0
2888.0570892826395,17751552.0
2888.0584782020783,17750966.0
2888.059867121516,17709228.0
2888.061256040955,17756836.0
2888.0626449603938,17752426.0
2888.0640338798326,17754526.0
2888.0654227992713,17727322.0
2888.066811718709,17778168.0
2888.068200638146,17801626.0
2888.069589557585,17774890.0
2888.070978477024,17771820.0
2888.072367395997,17730538.0
2888.0737563154357,17752752.0
2888.0751452348736,17788024.0
2888.0765341543124,17757046.0
2888.0779230737503,17796826.0
2888.0793119931895,17784970.0
2888.080700912628,17831664.0
2888.0820898316,17762966.0
2888.083478751038,17752876.0
2888.084867670477,17781528.0
2888.0862565899147,17724930.0
2888.087645509354,17787972.0
2888.0890344283275,17826546.0
2888.0904233477654,17721122.0
2888.091812267204,17811424.0
2888.0932011866416,17784608.0
2888.0945901056134,17801660.0
2888.0959790250527,17739972.0
2888.097367944492,17800858.0
2888.09875686393,17778118.0
2888.100145782903,17789026.0
2888.101534702341,17717924.0
2888.1029236217796,17742566.0
2888.1043125407527,17739778.0
2888.1057014601915,17784176.0
2888.1070903796294,17817304.0
2888.1084792990673,17691882.0
2888.1098682180395,17806002.0
2888.1112571374783,17751256.0
2888.1126460564506,17795582.0
2888.11403497589,17782370.0
2888.115423895329,17762026.0
2888.1168128143013,17748950.0
2888.11820173374,17797558.0
2888.119590653178,17718006.0
2888.12097957215,17829622.0
2888.1223684915885,17807430.0
2888.123757410562,17726548.0
2888.12514633,17771176.0
2888.126535248973,17787874.0
2888.127924168411,17795362.0
2888.129313087384,17789020.0
2888.132090925796,17822276.0
2888.133479845234,17765392.0
2888.134868764206,17843346.0
2888.136257683644,17785426.0
2888.137646602617,17781920.0
2888.139035522056,17768254.0
2888.140424441029,17802282.0
2888.141813360468,17751186.0
2888.14320227944,17757832.0
2888.144591198879,17788796.0
2888.145980117851,17741368.0
2888.14736903729,17772870.0
2888.148757956262,17754776.0
2888.1501468752354,17809716.0
2888.1515357946732,17801712.0
2888.1529247136464,17803742.0
2888.1543136330843,17815022.0
2888.155702552058,17772106.0
2888.1570914710314,17786312.0
2888.1584803904693,17793878.0
2888.1598693094415,17838006.0
2888.1612582284138,17783276.0
2888.1626471478517,17823228.0
2888.1640360668252,17799152.0
2888.165424985799,17792996.0
2888.1668139052367,17788156.0
2888.16820282421,17719028.0
2888.169591743182,17837442.0
2888.170980662155,17788712.0
2888.172369581594,17797640.0
2888.1737585005667,17854722.0
2888.1751474195385,17776360.0
2888.1765363385116,17786084.0
2888.1779252579495,17809528.0
2888.1793141769226,17811990.0
2888.1807030958958,17760766.0
2888.182092014869,17788796.0
2888.1834809343077,17826770.0
2888.18486985328,17787588.0
2888.186258772253,17828570.0
2888.187647691225,17810090.0
2888.1890366101975,17786838.0
2888.1904255291706,17774292.0
2888.1918144486094,17805962.0
2888.1932033675816,17817124.0
2888.194592286555,17828348.0
2888.195981205527,17799272.0
2888.1973701245006,17829924.0
2888.198759043474,17830298.0
2888.200147962446,17829318.0
2888.2015368814177,17845710.0
2888.202925800391,17812740.0
2888.2043147198287,17813242.0
2888.2057036388023,17823810.0
2888.207092557776,17855032.0
2888.208481476748,17788598.0
2888.2098703957213,17841160.0
2888.2112593146935,17826766.0
2888.2126482336666,17846706.0
2888.214037152639,17830836.0
2888.215426071612,17801178.0
2888.216814990584,17798944.0
2888.2182039095574,17814154.0
2888.2195928285296,17808762.0
2888.2209817475027,17853056.0
2888.222370666476,17845536.0
2888.223759585449,17843122.0
2888.225148504422,17796288.0
2888.2265374229282,17857986.0
2888.2279263419,17831924.0
2888.229315260873,17806758.0
2888.2307041798463,17845068.0
2888.2320930988194,17840910.0
2888.2334820177925,17803882.0
2888.2348709367648,17833794.0
2888.236259855738,17846484.0
2888.23764877471,17803264.0
2888.239037693218,17843010.0
2888.2404266121907,17857750.0
2888.241815531163,17801268.0
2888.243204450135,17830538.0
2888.2445933691083,17850840.0
2888.2459822880805,17804224.0
2888.2473712065885,17815762.0
2888.248760125562,17824374.0
2888.2501490445343,17838902.0
2888.2515379635074,17831088.0
2888.2529268824796,17832748.0
2888.254315800986,17839790.0
2888.255704719959,17810960.0
2888.2570936389325,17813164.0
2888.2584825579047,17828880.0
2888.259871476412,17797214.0
2888.2612603953844,17852158.0
2888.2626493143575,17871786.0
2888.264038232865,17799180.0
2888.265427151838,17889346.0
2888.2668160708104,17814534.0
2888.268204989317,17854966.0
2888.269593908289,17827664.0
2888.2709828272623,17831148.0
2888.2723717457698,17844792.0
2888.273760664743,17840478.0
2888.275149583716,17840224.0
2888.2765385022226,17838862.0
2888.2779274211957,17862242.0
2888.279316340168,17852496.0
2888.2807052586754,17860162.0
2888.2820941776477,17873614.0
2888.283483096155,17816578.0
2888.2848720151273,17825580.0
2888.286260933635,17783470.0
2888.287649852607,17836778.0
2888.2890387715806,17823870.0
2888.2904276900886,17865606.0
2888.291816609061,17786950.0
2888.2932055275674,17848346.0
2888.2945944465396,17830280.0
2888.295983365046,17854440.0
2888.2973722840197,17823146.0
2888.2987612025277,17839220.0
2888.3001501215,17738140.0
2888.3015390400074,17801130.0
2888.3029279589796,17870650.0
2888.304316877487,17815720.0
2888.3057057959945,17868652.0
2888.307094714967,17812962.0
2888.3084836334733,17811438.0
2888.3098725524464,17846160.0
2888.311261470953,17828818.0
2888.3126503894605,17863296.0
2888.3140393084336,17825032.0
2888.315428226941,17810212.0
2888.3168171459142,17830284.0
2888.318206064421,17821928.0
2888.3195949829283,17833136.0
2888.3209839018996,17833626.0
2888.322372820407,17820888.0
2888.3237617389145,17855120.0
2888.325150657887,17784572.0
2888.326539576394,17834678.0
2888.327928494901,17814530.0
2888.329317413874,17836146.0
2888.3307063323814,17800888.0
2888.33209525089,17733486.0
2888.3334841693954,17806390.0
2888.3348730883677,17794558.0
2888.336262006874,17850336.0
2888.3376509253817,17829742.0
2888.339039843889,17806716.0
2888.3404287628623,17787700.0
2888.34181768137,17778462.0
2888.3432065998763,17816454.0
2888.344595518384,17840380.0
2888.3459844368904,17765590.0
2888.3473733558635,17800584.0
2888.34876227437,17806726.0
2888.3501511928775,17826852.0
2888.351540111384,17810522.0
2888.3529290298916,17782496.0
2888.354317948398,17846594.0
2888.3557068673717,17750654.0
2888.3570957858797,17776550.0
2888.3584847043862,17801626.0
2888.359873622893,17802654.0
2888.3612625413994,17777252.0
2888.362651459906,17773714.0
2888.364040378414,17774894.0
2888.365429296922,17792440.0
2888.3668182154283,17764220.0
2888.368207133936,17808786.0
2888.3695960524424,17716274.0
2888.37098497095,17751448.0
2888.372373889923,17792618.0
2888.37376280843,17777244.0
2888.375151726936,17761288.0
2888.3765406454436,17765934.0
2888.37792956395,17730916.0
2888.3793184824576,17747368.0
2888.380707400965,17761926.0
2888.382096319007,17780576.0
2888.3834852375144,17766578.0
2888.384874156021,17758802.0
2888.3862630745284,17766258.0
2888.3876519930345,17733376.0
2888.3890409115415,17778942.0
2888.390429830049,17728356.0
2888.3918187485565,17738282.0
2888.393207667063,17778466.0
2888.3945965855705,17733016.0
2888.395985504077,17732342.0
2888.397374422585,17776780.0
2888.3987633406273,17620232.0
2888.4001522591334,17735454.0
2888.4015411776395,17764372.0
2888.402930096147,17720766.0
2888.4043190146535,17740722.0
2888.4057079331615,17730798.0
2888.4070968512037,17755656.0
2888.4084857697103,17712198.0
2888.4098746882178,17741128.0
2888.4112636067243,17749784.0
2888.412652525232,17761376.0
2888.4140414432727,17669804.0
2888.41543036178,17724524.0
2888.4168192802867,17686026.0
2888.418208198794,17745298.0
2888.419597116835,17705886.0
2888.4209860353426,17731592.0
2888.42237495385,17774806.0
2888.4237638723575,17737530.0
2888.4251527903994,17703294.0
2888.4265417089055,17749932.0
2888.4279306274116,17746972.0
2888.4293195454534,17738880.0
2888.430708463961,17735818.0
2888.4320973824683,17709668.0
2888.43348630051,17707084.0
2888.4348752190167,17728682.0
2888.436264137524,17760806.0
2888.437653055565,17738368.0
2888.439041974073,17702592.0
2888.4404308921144,17697884.0
2888.441819810621,17741094.0
2888.4432087291275,17700106.0
2888.4445976471693,17759472.0
2888.445986565676,17743262.0
2888.447375483718,17678018.0
2888.448764402226,17753884.0
2888.450153320267,17690298.0
2888.4515422387744,17750254.0
2888.4529311572805,17708572.0
2888.454320075321,17633702.0
2888.455708993829,17701424.0
2888.457097911871,17745526.0
2888.4584868303778,17753830.0
2888.4598757484196,17695974.0
2888.461264666926,17742174.0
2888.462653584968,17718958.0
2888.4640425030098,17779176.0
2888.465431421517,17739972.0
2888.466820339558,17759928.0
2888.4682092580647,17674022.0
2888.4695981761056,17758816.0
2888.4709870946135,17713182.0
2888.472376012656,17783840.0
2888.4737649306967,17764968.0
2888.475153849204,17779626.0
2888.476542767245,17773218.0
2888.4779316857525,17733382.0
2888.4793206037943,17745630.0
2888.4807095218357,17780550.0
2888.482098440342,17784558.0
2888.4834873583836,17704888.0
2888.4848762764245,17726234.0
2888.486265194932,17773044.0
2888.487654112974,17732684.0
2888.4890430310156,17777396.0
2888.490431949523,17728138.0
2888.491820867564,17715832.0
2888.493209785605,17768704.0
2888.494598703646,17728660.0
2888.4959876221533,17807350.0
2888.497376540195,17725102.0
2888.498765458237,17757314.0
2888.500154376278,17750764.0
2888.5015432947853,17754244.0
2888.502932212826,17704330.0
2888.5043211308684,17793376.0
2888.5057100489107,17726312.0
2888.507098967417,17776858.0
2888.5084878854573,17776472.0
2888.509876803499,17720650.0
2888.51126572154,17692178.0
2888.5126546395823,17683770.0
2888.5140435576245,17748646.0
2888.515432476131,17776158.0
2888.516821394173,17776680.0
2888.518210312214,17818372.0
2888.5195992302547,17772830.0
2888.520988148296,17767424.0
2888.5223770663383,17759676.0
2888.523765984379,17793710.0
2888.525154902421,17780856.0
2888.526543820462,17786566.0
2888.5279327385038,17782940.0
2888.529321657011,17768560.0
2888.530710575053,17751544.0
2888.532099493095,17771194.0
2888.5334884111353,17742138.0
2888.5348773291757,17814980.0
2888.5362662472176,17751904.0
2888.5376551652594,17816882.0
2888.539044083301,17789362.0
2888.540433001343,17782352.0
2888.541821919384,17805432.0
2888.5432108374257,17758646.0
2888.5445997554666,17824096.0
2888.5473775910846,17822830.0
2888.5487665091255,17767954.0
2888.5501554271664,17792314.0
2888.551544345208,17835086.0
2888.552933263249,17750568.0
2888.5557110993336,17800848.0
2888.5571000173745,17808282.0
2888.5584889354163,17806982.0
2888.559877853457,17785574.0
2888.5612667710316,17802562.0
2888.562655689074,17795824.0
2888.564044607116,17770902.0
2888.565433525157,17805012.0
2888.566822443199,17791416.0
2888.5682113612397,17753648.0
2888.569600278816,17749492.0
2888.5709891968577,17771262.0
2888.5723781148995,17795722.0
2888.5737670329404,17832890.0
2888.5751559509813,17785082.0
2888.5765448685565,17824660.0
2888.5779337865984,17796628.0
2888.57932270464,17790226.0
2888.580711622682,17850562.0
2888.582100540258,17747540.0
2888.583489458299,17831924.0
2888.584878376341,17769092.0
2888.5862672939156,17852630.0
2888.587656211957,17817466.0
2888.589045129999,17781990.0
2888.5904340480406,17817828.0
2888.591822965616,17815732.0
2888.5932118836577,17829484.0
2888.5946008016986,17778426.0
2888.595989719275,17824506.0
2888.5973786373174,17811386.0
2888.5987675548927,17828860.0
2888.6001564729336,17805776.0
2888.6015453909745,17844902.0
2888.6029343085497,17815618.0
2888.604323226592,17823210.0
2888.6057121441686,17832840.0
2888.6071010622095,17785304.0
2888.6084899802513,17780344.0
2888.6098788978265,17863444.0
2888.6112678158684,17809260.0
2888.6126567334445,17854188.0
2888.614045651486,17856790.0
2888.6154345690607,17822804.0
2888.6168234871025,17817172.0
2888.6182124046777,17785976.0
2888.6196013227195,17811048.0
2888.6209902402957,17825894.0
2888.6223791583375,17842546.0
2888.6237680759136,17865758.0
2888.6251569939545,17814418.0
2888.62654591153,17800518.0
2888.6279348295707,17875468.0
2888.629323747147,17783208.0
2888.6307126651886,17835050.0
2888.632101582765,17856020.0
2888.63349050034,17800098.0
2888.634879418382,17873226.0
2888.636268335957,17822802.0
2888.6376572539994,17876694.0
2888.639046171576,17795760.0
2888.6404350891507,17856810.0
2888.641824007191,17850442.0
2888.6432129247673,17825320.0
2888.6446018423435,17793598.0
2888.6459907603853,17875336.0
2888.6473796779615,17789636.0
2888.6487685955367,17850336.0
2888.6501575135785,17817560.0
2888.6515464311537,17867582.0
2888.65293534873,17799652.0
2888.654324266305,17740740.0
2888.655713184347,17809660.0
2888.657102101922,17798122.0
2888.6584910194983,17840708.0
2888.6598799375392,17863616.0
2888.661268855116,17857762.0
2888.6626577726925,17766958.0
2888.6640466902677,17796016.0
2888.665435607844,17819050.0
2888.6668245258843,17815850.0
2888.668213443459,17849908.0
2888.6696023610357,17856806.0
2888.6709912786123,17738192.0
2888.6723801961875,17825318.0
2888.6737691142293,17798570.0
2888.6751580318046,17793866.0
2888.6765469493807,17790696.0
2888.677935866957,17789890.0
2888.679324784533,17809028.0
2888.6807137021083,17738202.0
2888.6821026196835,17801764.0
2888.6834915372588,17835242.0
2888.6848804553006,17840972.0
2888.6862693728767,17801016.0
2888.687658290453,17710768.0
2888.689047208029,17777050.0
2888.6904361256043,17822006.0
2888.6918250431804,17801732.0
2888.693213960755,17812504.0
2888.694602878331,17792496.0
2888.695991795907,17798492.0
2888.697380713483,17784014.0
2888.6987696310584,17767090.0
2888.7001585486346,17807954.0
2888.70154746621,17721960.0
2888.7029363837864,17691738.0
2888.704325301363,17763184.0
2888.7057142189383,17765622.0
2888.7071031365135,17822274.0
2888.7084920540888,17776476.0
2888.709880971664,17765566.0
2888.7112698892406,17767178.0
2888.712658806817,17765800.0
2888.7140477243925,17797458.0
2888.715436641503,17762300.0
2888.716825559078,17785992.0
2888.7182144766543,17750510.0
2888.7196033942296,17744268.0
2888.7209923118057,17814936.0
2888.722381229381,17752536.0
2888.723770146957,17810228.0
2888.7251590645324,17805908.0
2888.726547981643,17749094.0
2888.727936899219,17767354.0
2888.729325816795,17689346.0
2888.7321036519465,17770192.0
2888.733492569056,17739524.0
2888.7348814866314,17800550.0
2888.7362704042075,17804882.0
2888.7376593217837,17747240.0
2888.73904823936,17739316.0
2888.7404371564694,17768298.0
2888.7418260740455,17790914.0
2888.743214991621,17799710.0
2888.7446039087317,17735598.0
2888.7459928263083,17751264.0
2888.747381743883,17816350.0
2888.748770661458,17802756.0
2888.7501595785684,17788096.0
2888.7515484961446,17746620.0
2888.7529374137207,17736334.0
2888.754326330831,17816774.0
2888.7557152484064,17821932.0
2888.7571041659826,17798158.0
2888.758493083092,17751280.0
2888.7598820006683,17776906.0
2888.761270917778,17741412.0
2888.762659835354,17803908.0
2888.76543767004,17792018.0
2888.766826587615,17760486.0
2888.768215504726,17778232.0
2888.7696044223026,17774050.0
2888.770993339878,17778782.0
2888.7723822569883,17839120.0
2888.773771174563,17740006.0
2888.775160091672,17729134.0
2888.776549009249,17763626.0
2888.7779379263598,17800726.0
2888.779326843935,17806080.0
2888.7807157610455,17801256.0
2888.7821046786207,17843800.0
2888.783493595731,17804830.0
2888.7848825133074,17772958.0
2888.7862714304174,17803176.0
2888.787660347992,17812286.0
2888.7890492651027,17800134.0
2888.790438182678,17783120.0
2888.7918270997884,17793338.0
2888.793216016899,17794942.0
2888.794604934475,17774772.0
2888.7959938515855,17821112.0
2888.797382769161,17841134.0
2888.7987716862713,17824692.0
2888.8001606033804,17865842.0
2888.801549520956,17797750.0
2888.8029384380666,17877596.0
2888.804327355177,17786228.0
2888.8057162727523,17823994.0
2888.807105189863,17813610.0
2888.8084941069724,17822760.0
2888.809883024549,17789928.0
2888.81127194166,17785556.0
2888.8126608587695,17852538.0
2888.8140497763447,17819072.0
2888.8154386934543,17758386.0
2888.816827610564,17876348.0
2888.8182165281405,17706302.0
2888.8196054452515,17825146.0
2888.820994362361,17794850.0
2888.8223832794715,17783874.0
2888.823772196581,17841924.0
2888.8251611141573,17758866.0
2888.826550031267,17847388.0
2888.8279389483773,17790212.0
2888.829327865487,17829966.0
2888.830716783063,17888534.0
2888.8321057001726,17783310.0
2888.833494617283,17789492.0
2888.8348835343936,17813332.0
2888.836272451504,17810794.0
2888.8376613686146,17847516.0
2888.839050285724,17844756.0
2888.8404392032994,17864528.0
2888.8418281204094,17837740.0
2888.8432170375204,17863828.0
2888.84460595463,17853738.0
2888.8459948717405,17808574.0
2888.84738378885,17789030.0
2888.8487727059605,17830412.0
2888.850161623071,17822896.0
2888.8515505401815,17834304.0
2888.852939457291,17716394.0
2888.8543283744007,17816558.0
2888.8571062090864,17861306.0
2888.858495126197,17744520.0
2888.8598840433074,17784770.0
2888.861272960418,17764882.0
2888.8626618775274,17812980.0
2888.864050794638,17770806.0
2888.865439711282,17747944.0
2888.870995379722,17792486.0
2888.8723842968325,17748116.0
2888.873773213942,17773854.0
2888.875162131053,17771852.0
2888.876551048164,17779108.0
2888.8779399652735,17799400.0
2888.879328882384,17805924.0
2888.880717799493,17836496.0
2888.8821067161366,17782700.0
2888.8834956332475,17803346.0
2888.8848845503585,17770692.0
2888.886273467468,17752330.0
2888.8876623845786,17826028.0
2888.889051301688,17788312.0
2888.8904402187986,17787008.0
2888.8918291354435,17819472.0
2888.8932180525535,17785586.0
2888.8946069696626,17768768.0
2888.895995886773,17820950.0
2888.8973848038827,17784032.0
2888.8987737205275,17738538.0
2888.900162637638,17788814.0
2888.9015515547485,17757574.0
2888.902940471859,17775350.0
2888.904329388503,17774242.0
2888.9057183056134,17793334.0
2888.9071072227225,17787338.0
2888.908496139367,17727600.0
2888.9098850564774,17734438.0
2888.911273973588,17819190.0
2888.912662890232,17777752.0
2888.915440724452,17803904.0
2888.916829641097,17662576.0
2888.918218558208,17740098.0
2888.919607475317,17729764.0
2888.9209963919607,17792118.0
2888.922385309071,17755982.0
2888.9237742261816,17778854.0
2888.9251631428265,17754742.0
2888.926552059937,17702324.0
2888.927940976581,17736962.0
2888.9293298936914,17722984.0
2888.930718810801,17750762.0
2888.9321077274462,17800554.0
2888.9334966445563,17730230.0
2888.9348855611997,17722736.0
2888.9362744783098,17667060.0
2888.9376633949537,17734760.0
2888.939052312064,17786418.0
2888.940441228709,17744562.0
2888.9418301458204,17730814.0
2888.9432190624643,17751354.0
2888.944607979575,17763458.0
2888.945996896218,17791758.0
2888.9473858133274,17777116.0
2888.9487747299722,17730844.0
2888.9501636470827,17744204.0
2888.9515525637275,17731614.0
2888.952941480837,17702910.0
2888.954330397482,17750504.0
2888.955719314126,17754710.0
2888.957108231237,17742420.0
2888.958497147882,17708338.0
2888.9612749816347,17730926.0
2888.9626638982795,17771498.0
2888.964052815389,17744558.0
2888.9654417320344,17699004.0
2888.9668306486797,17724254.0
2888.9682195657892,17745240.0
2888.969608482434,17732628.0
2888.970997399078,17773512.0
2888.9723863161885,17709906.0
2888.9737752328324,17723004.0
2888.975164149477,17735092.0
2888.976553066587,17695034.0
2888.9779419832316,17737894.0
2888.9793308998755,17738146.0
2888.9807198165204,17737178.0
2888.982108733631,17700620.0
2888.9834976502757,17689634.0
2888.9848865669205,17719672.0
2888.986275483564,17650000.0
2888.9876644002074,17717894.0
2888.9904422339637,17697750.0
2888.9918311506076,17727750.0
2888.9946089838963,17720022.0
2888.995997901007,17748220.0
2888.9973868176517,17682884.0
2888.9987757342965,17712822.0
2889.0001646509404,17663456.0
2889.0015535675843,17601796.0
2889.0029424842282,17703668.0
2889.004331400873,17721762.0
2889.0057203179836,17680970.0
2889.0071092346284,17664868.0
2889.008498151273,17644344.0
2889.009887067917,17706506.0
2889.011275984562,17711296.0
2889.0126649012054,17712672.0
2889.01405381785,17653974.0
2889.0154427344946,17745586.0
2889.0168316511395,17695148.0
2889.0182205677834,17723990.0
2889.019609484428,17702666.0
2889.020998401072,17687086.0
2889.0223873177174,17699794.0
2889.0237762343627,17738972.0
2889.0251651510066,17711404.0
2889.0265540676505,17736192.0
2889.0279429842944,17688412.0
2889.0293319009384,17734380.0
2889.0307208175836,17711696.0
2889.032109734229,17719614.0
2889.033498650873,17652616.0
2889.0348875675177,17740534.0
2889.0362764841616,17654842.0
2889.0376654008064,17727820.0
2889.0390543169856,17706036.0
2889.04044323363,17761742.0
2889.0418321502734,17685132.0
2889.0432210669182,17638194.0
2889.044609983562,17716518.0
2889.045998900207,17731756.0
2889.047387816852,17690138.0
2889.048776733031,17727572.0
2889.050165649676,17731308.0
2889.0515545663197,17701612.0
2889.0529434829637,17744638.0
2889.054332399608,17717372.0
2889.0557213162533,17693882.0
2889.0571102324316,17710892.0
2889.0584991490764,17725194.0
2889.0598880657203,17706642.0
2889.061276982365,17776592.0
2889.064054815189,17749882.0
2889.065443731834,17718374.0
2889.0668326484774,17701402.0
2889.0682215646552,17775274.0
2889.0696104813,17718246.0
2889.072388314124,17722156.0
2889.073777230769,17752024.0
2889.075166147413,17763928.0
2889.076555063592,17709252.0
2889.077943980236,17751824.0
2889.0793328968807,17755726.0
2889.080721813059,17720556.0
2889.082110729704,17742014.0
2889.0834996463477,17709462.0
2889.084888562527,17779870.0
2889.086277479171,17747488.0
2889.0876663953504,17758022.0
2889.0890553119957,17766782.0
2889.0904442286396,17787940.0
2889.091833144819,17713408.0
2889.0932220614623,17749184.0
2889.09461097764,17727482.0
2889.0959998942853,17738240.0
2889.097388810465,17746300.0
2889.098777727109,17767248.0
2889.100166643288,17777060.0
2889.101555559932,17736076.0
2889.104333392756,17753642.0
2889.105722308935,17710040.0
2889.107111225579,17715726.0
2889.109889058401,17791128.0
2889.111277974581,17762976.0
2889.112666891226,17714492.0
2889.1140558074044,17759050.0
2889.1154447235836,17745974.0
2889.1168336402275,17688830.0
2889.1182225564066,17746600.0
2889.1196114730506,17671400.0
2889.1210003892297,17683470.0
2889.122389305408,17637332.0
2889.123778222053,17595928.0
2889.125167138231,17610698.0
2889.126556054876,17618270.0
2889.127944971055,17584888.0
2889.129333887234,17543036.0
2889.130722803879,17491192.0
2889.1321117200573,17496518.0
2889.1335006362356,17499032.0
2889.134889552414,17420748.0
2889.1362784690587,17438044.0
2889.137667385238,17421266.0
2889.139056301417,17378218.0
2889.140445218061,17331294.0
2889.14183413424,17333250.0
2889.1432230504183,17251064.0
2889.144611966598,17245258.0
2889.1460008832423,17194600.0
2889.1473897994206,17185632.0
2889.148778715599,17124398.0
2889.150167631778,17107598.0
2889.1515565479563,17079020.0
2889.1529454646015,17037070.0
2889.154334380781,16964696.0
2889.1571122131386,16891088.0
2889.158501129317,16869002.0
2889.159890045496,16834394.0
2889.16127896214,16781526.0
2889.162667878319,16699080.0
2889.1640567944974,16666660.0
2889.1654457106765,16609798.0
2889.166834626855,16540960.0
2889.1682235430344,16530787.0
2889.169612459214,16453973.0
2889.1710013753923,16392737.0
2889.1723902915714,16327172.0
2889.1737792077492,16304723.0
2889.175168123927,16246512.0
2889.1765570405723,16196529.0
2889.177945956752,16107332.0
2889.17933487293,16081700.0
2889.1807237891094,16015444.0
2889.1821127052876,15942102.0
2889.183501621467,15858575.0
2889.184890537646,15828641.0
2889.1862794538247,15756063.0
2889.1876683700025,15681503.0
2889.189057285716,15608787.0
2889.1918351180734,15499824.0
2889.1946129504317,15339254.0
2889.196001866611,15299294.0
2889.201557531325,14983157.0
2889.202946447504,14940347.0
2889.204335363683,14843187.0
2889.205724279396,14749585.0
2889.207113195575,14689623.0
2889.208502111753,14624758.0
2889.209891027933,14516478.0
2889.2112799441124,14462326.0
2889.2126688602903,14414838.0
2889.2140577760024,14339759.0
2889.2154466921816,14238326.0
2889.2168356083607,14198444.0
2889.21822452454,14106960.0
2889.219613440719,14047383.0
2889.2210023564317,13941126.0
2889.222391272611,13872206.0
2889.223780188789,13816206.0
2889.2251691049687,13754644.0
2889.2265580206818,13671930.0
2889.22794693686,13577512.0
2889.2293358530383,13515643.0
2889.2307247687518,13423838.0
2889.23211368493,13364455.0
2889.2335026011096,13292861.0
2889.2348915168236,13238403.0
2889.237669349181,13049294.0
2889.2390582648936,12984397.0
2889.240447181072,12922659.0
2889.2418360972506,12851308.0
2889.2432250129646,12751227.0
2889.244613929143,12668179.0
2889.246002845322,12578939.0
2889.2473917610346,12497906.0
2889.2487806772137,12403733.0
2889.2501695929273,12332854.0
2889.2529474252847,12163418.0
2889.2543363409973,12067842.0
2889.2557252571755,11970326.0
2889.257114172889,11903972.0
2889.258503089068,11822523.0
2889.2598920047817,11736927.0
2889.261280920961,11656844.0
2889.2626698366735,11578338.0
2889.2640587528526,11507876.0
2889.265447668566,11432498.0
2889.266836584745,11346044.0
2889.268225500457,11282514.0
2889.269614416636,11221609.0
2889.2710033323488,11153915.0
2889.272392248528,11073780.0
2889.2737811642414,11011755.0
2889.275170079955,10951437.0
2889.276558996134,10884267.0
2889.2779479118467,10825297.0
2889.279336828025,10764793.0
2889.2807257437375,10715778.0
2889.282114659451,10653218.0
2889.28350357563,10605338.0
2889.2848924913437,10554541.0
2889.286281407522,10500460.0
2889.2876703232355,10451832.0
2889.289059238948,10417554.0
2889.2904481551277,10368368.0
2889.2918370708417,10335039.0
2889.293225986554,10291130.0
2889.2946149027316,10259657.0
2889.296003818445,10227665.0
2889.2973927341577,10199509.0
2889.2987816498717,10174282.0
2889.3001705660513,10157196.0
2889.301559481764,10133731.0
2889.3029483974774,10108585.0
2889.30433731319,10091087.0
2889.3057262293696,10089689.0
2889.3071151450827,10068949.0
2889.3085040607953,10063735.0
2889.309892976508,10064714.0
2889.311281892687,10054623.0
2889.3126708083996,10064067.0
2889.3140597241136,10067126.0
2889.3154486398275,10060752.0
2889.31683755554,10079601.0
2889.3182264712536,10082801.0
2889.3196153874314,10107739.0
2889.3210043031436,10118395.0
2889.3223932188575,10140530.0
2889.3237821345715,10165565.0
2889.325171050284,10184601.0
2889.3265599659976,10212331.0
2889.32794888171,10227661.0
2889.3293377974237,10268665.0
2889.330726713603,10303126.0
2889.3321156293164,10340973.0
2889.333504545029,10376675.0
2889.3348934607416,10412429.0
2889.336282376454,10453737.0
2889.3376712921677,10504925.0
2889.339060207881,10557561.0
2889.3404491235947,10601013.0
2889.341838039308,10652106.0
2889.343226955021,10702253.0
2889.3446158707343,10751221.0
2889.3460047864464,10810578.0
2889.3473937021595,10880572.0
2889.348782617873,10932746.0
2889.3501715335865,11003502.0
2889.351560449299,11059658.0
2889.3529493650126,11116540.0
2889.354338280726,11199123.0
2889.3557271964396,11255013.0
2889.3571161116874,11324353.0
2889.3585050274,11400846.0
2889.3598939431126,11454275.0
2889.3612828588252,11542047.0
2889.3626717745387,11612327.0
2889.3640606902522,11692423.0
2889.3654496059658,11762839.0
2889.3668385216783,11843025.0
2889.368227436926,11913034.0
2889.369616352639,11997596.0
2889.3710052683527,12083846.0
2889.3723941840667,12160597.0
2889.373783099779,12246606.0
2889.375172015491,12321049.0
2889.376560930739,12404474.0
2889.3779498464514,12496229.0
2889.3793387621654,12580387.0
2889.3807276778793,12645644.0
2889.382116593592,12720191.0
2889.38350550884,12772692.0
2889.3848944245524,12836792.0
2889.386283340265,12923305.0
2889.3876722555124,12980960.0
2889.3890611712263,13059675.0
2889.390450086939,13132360.0
2889.3918390026524,13186003.0
2889.3932279178994,13268585.0
2889.3946168336133,13313380.0
2889.3960057493273,13392587.0
2889.397394664574,13459510.0
2889.3987835802877,13504651.0
2889.400172496,13584568.0
2889.4015614112463,13662699.0
2889.4029503269603,13727029.0
2889.4043392426743,13793914.0
2889.405728157921,13877143.0
2889.4071170736347,13936027.0
2889.4085059888816,13991345.0
2889.409894904595,14077600.0
2889.4112838203087,14137780.0
2889.412672735556,14207465.0
2889.414061651268,14282494.0
2889.415450566516,14339898.0
2889.4168394822286,14403224.0
2889.4182283974765,14477626.0
2889.41961731319,14545887.0
2889.421006228438,14587385.0
2889.4223951441513,14676141.0
2889.4237840593983,14734308.0
2889.4251729751118,14802861.0
2889.4279508060713,14911612.0
2889.640454825432,16981810.0
2889.641843740213,17002408.0
2889.6432326549952,16986990.0
2889.6446215697774,16999448.0
2889.6460104845596,16983314.0
2889.647399399342,16993132.0
2889.6487883145887,17001078.0
2889.650177229371,16985608.0
2889.651566144153,16993180.0
2889.652955058935,17007432.0
2889.6543439737156,16997308.0
2889.655732888498,17004410.0
2889.657121803279,16999156.0
2889.6585107180613,17006992.0
2889.6598996328435,17005264.0
2889.6612885476256,17018536.0
2889.662677462408,17005804.0
2889.664066377189,16999170.0
2889.6654552919713,17012406.0
2889.666844206752,17021766.0
2889.668233121534,17024262.0
2889.669622036316,17016726.0
2889.671010951098,17029742.0
2889.6723998658795,17040840.0
2889.6737887806617,17033988.0
2889.675177695443,17033052.0
2889.6765666102256,17036434.0
2889.677955525008,17048624.0
2889.679344439789,17025296.0
2889.680733354104,17030110.0
2889.6821222688864,17049726.0
2889.6835111836676,17043704.0
2889.6849000984503,17040030.0
2889.686289013233,17032352.0
2889.687677928014,17055850.0
2889.6890668427964,17041804.0
2889.6904557575776,17057046.0
2889.6918446718946,17050000.0
2889.6932335866763,17047000.0
2889.6946225014576,17059090.0
2889.696011416239,17070340.0
2889.697400331021,17039878.0
2889.6987892453367,17075930.0
2889.7001781601193,17068564.0
2889.701567074902,17049352.0
2889.7029559896832,17054308.0
2889.7043449039998,17081416.0
2889.7057338187806,17068588.0
2889.7071227335614,17062022.0
2889.708511648344,17063582.0
2889.709900562661,17077214.0
2889.7112894774423,17053508.0
2889.7126783922245,17071054.0
2889.7140673070057,17061748.0
2889.7154562213223,17083334.0
2889.7168451361044,17072580.0
2889.7182340508866,17068870.0
2889.7196229652022,17071060.0
2889.7210118799835,17065976.0
2889.722400794299,17073622.0
2889.7237897090818,17078246.0
2889.7251786238644,17066568.0
2889.72656753818,17083586.0
2889.727956452962,17070554.0
2889.7293453677435,17078850.0
2889.73073428206,17067726.0
2889.732123196842,17077708.0
2889.7335121111582,17068494.0
2889.734901025939,17085102.0
2889.7362899402556,17080534.0
2889.737678855037,17065302.0
2889.7390677693534,17085622.0
2889.7404566841356,17070082.0
2889.7418455989177,17080190.0
2889.7432345132343,17081140.0
2889.7446234280155,17073520.0
2889.746012342331,17073010.0
2889.7474012566468,17067708.0
2889.748790171429,17062558.0
2889.7501790857455,17081814.0
2889.7515680005276,17070434.0
2889.7529569148433,17070840.0
2889.7543458296254,17077392.0
2889.755734743942,17079756.0
2889.757123658724,17080966.0
2889.7585125730407,17072306.0
2889.759901487356,17075810.0
2889.7612904021366,17078628.0
2889.762679316453,17061486.0
2889.7640682312353,17076752.0
2889.765457145552,17076068.0
2889.7668460598684,17078668.0
2889.7682349746497,17073918.0
2889.769623888966,17068808.0
2889.771012803282,17082534.0
2889.772401718064,17066470.0
2889.7737906323796,17063894.0
2889.775179546696,17081450.0
2889.7765684614774,17074368.0
2889.777957375794,17072364.0
2889.7793462901095,17074154.0
2889.7807352044265,17071716.0
2889.782124119209,17089286.0
2889.7835130335247,17070876.0
2889.7849019478413,17065796.0
2889.786290862622,17070496.0
2889.787679776938,17078710.0
2889.7890686912547,17080012.0
2889.790457605571,17078530.0
2889.791846519887,17071722.0
2889.793235434669,17084722.0
2889.7946243489846,17072880.0
2889.7960132633016,17068806.0
2889.7974021776186,17077042.0
2889.798791091934,17071542.0
2889.80018000625,17097610.0
2889.801568921031,17073342.0
2889.8029578353467,17065582.0
2889.8043467496636,17089560.0
2889.8057356639806,17071552.0
2889.807124578296,17057906.0
2889.8085134926127,17080908.0
2889.8099024069284,17075292.0
2889.8112913212453,17084606.0
2889.8126802355614,17082616.0
2889.814069149877,17073512.0
2889.8154580646583,17082090.0
2889.816846978975,17078690.0
2889.8182358932904,17079974.0
2889.8196248076074,17083296.0
2889.8210137219244,17098010.0
2889.82240263624,17084022.0
2889.8237915505565,17091342.0
2889.825180464872,17085536.0
2889.8265693791877,17085960.0
2889.827958293504,17090038.0
2889.829347207821,17087692.0
2889.8307361221364,17083486.0
2889.832125036453,17084376.0
2889.833513950303,17091570.0
2889.8349028646194,17091744.0
2889.836291778936,17102820.0
2889.8376806932524,17075438.0
2889.839069607568,17100324.0
2889.8404585218836,17099116.0
2889.8418474361993,17081612.0
2889.8432363505162,17096380.0
2889.844625264833,17088970.0
2889.846014179149,17105540.0
2889.8474030929997,17092690.0
2889.8487920073153,17083914.0
2889.850180921632,17105734.0
2889.8515698359483,17096254.0
2889.8529587502644,17099194.0
2889.8543476645796,17088674.0
2889.8557365784304,17101618.0
2889.857125492746,17104968.0
2889.8585144070626,17095058.0
2889.859903321379,17093790.0
2889.8612922356956,17108888.0
2889.8626811495465,17098642.0
2889.864070063862,17101212.0
2889.8654589781786,17109462.0
2889.8668478924938,17097352.0
2889.868236806344,17101508.0
2889.8696257206607,17117170.0
2889.871014634977,17101128.0
2889.872403548827,17111466.0
2889.8737924631437,17115590.0
2889.87518137746,17118034.0
2889.876570291311,17105316.0
2889.8779592056276,17109422.0
2889.8793481199427,17120448.0
2889.8807370337922,17099016.0
2889.8821259481088,17117772.0
2889.8835148624253,17111462.0
2889.884903776276,17124546.0
2889.8862926905927,17115684.0
2889.8876816049083,17104666.0
2889.889070518759,17118946.0
2889.8904594330747,17116678.0
2889.891848346926,17124418.0
2889.893237261242,17112876.0
2889.894626175092,17108046.0
2889.8960150894077,17121486.0
2889.897404003724,17126990.0
2889.898792917575,17100484.0
2889.9001818318916,17134060.0
2889.9015707457424,17108830.0
2889.902959660058,17120116.0
2889.904348573909,17131084.0
2889.905737488224,17120784.0
2889.9071264020745,17131032.0
2889.908515316391,17111940.0
2889.909904230242,17124096.0
2889.911293144092,17123362.0
2889.9126820584083,17135660.0
2889.9140709722583,17128394.0
2889.9154598865753,17127484.0
2889.9168488004266,17133630.0
2889.918237714742,17136566.0
2889.919626628592,17124572.0
2889.921015542442,17138628.0
2889.9224044567577,17124914.0
2889.923793370609,17129068.0
2889.925182284926,17123792.0
2889.926571198776,17136906.0
2889.927960112627,17147504.0
2889.9293490269424,17136888.0
2889.9307379407937,17140178.0
2889.932126854644,17140840.0
2889.9335157689598,17137706.0
2889.9349046828097,17138114.0
2889.9362935966606,17147780.0
2889.937682510976,17139044.0
2889.9390714248275,17140608.0
2889.940460338679,17146984.0
2889.9418492525288,17137380.0
2889.9432381668453,17146348.0
2889.944627080695,17145004.0
2889.946015994545,17154350.0
2889.9474049083956,17146940.0
2889.9487938227126,17134688.0
2889.9501827365625,17147864.0
2889.9515716504134,17144214.0
2889.9529605642633,17151354.0
2889.9543494781146,17148680.0
2889.9557383924316,17159846.0
2889.9571273062816,17142388.0
2889.9585162201324,17153008.0
2889.959905133982,17160732.0
2889.9612940478314,17153556.0
2889.9626829616827,17158468.0
2889.964071875534,17153312.0
2889.9654607898497,17155040.0
2889.9668497037005,17161970.0
2889.9682386175505,17164584.0
2889.9696275314013,17159002.0
2889.971016445252,17161206.0
2889.9724053591026,17150412.0
2889.973794272952,17165660.0
2889.975183186803,17170888.0
2889.976572100653,17174766.0
2889.9779610145038,17163214.0
2889.9793499283546,17171710.0
2889.9807388422055,17165064.0
2889.9821277560563,17171072.0
2889.9835166699063,17164376.0
2889.984905583757,17174506.0
2889.986294497607,17170628.0
2889.987683411458,17174842.0
2889.989072325308,17176198.0
2889.990461239159,17174176.0
2889.9918501530087,17168924.0
2889.9932390668596,17181360.0
2889.9946279807104,17159416.0
2889.9960168945613,17184542.0
2889.997405808412,17174050.0
2889.9987947222617,17166682.0
2890.000183636111,17179964.0
2890.001572549962,17176774.0
2890.002961463347,17184540.0
2890.004350377198,17193040.0
2890.005739291049,17168786.0
2890.007128204899,17187708.0
2890.0085171187498,17183278.0
2890.0099060326006,17183772.0
2890.0112949464515,17174996.0
2890.0126838598358,17204092.0
2890.0140727736857,17174774.0
2890.0154616875357,17188630.0
2890.0168506013865,17176684.0
2890.0182395152374,17176062.0
2890.0196284286226,17198484.0
2890.0210173424734,17187520.0
2890.0224062563234,17180802.0
2890.0237951701743,17201244.0
2890.0251840835585,17203128.0
2890.0265729974094,17181848.0
2890.0279619112594,17196564.0
2890.02935082511,17192000.0
2890.0307397384945,17183442.0
2890.0321286523454,17205390.0
2890.0335175661953,17193594.0
2890.034906479581,17198902.0
2890.0362953934323,17198288.0
2890.0376843072822,17200744.0
2890.0390732206665,17195104.0
2890.0404621345165,17199442.0
2890.0418510483673,17170628.0
2890.0432399617525,17205878.0
2890.0446288756034,17182666.0
2890.0460177889877,17215466.0
2890.0474067028385,17189622.0
2890.0487956166885,17194220.0
2890.050184530074,17210382.0
2890.0515734439255,17189944.0
2890.0529623573093,17209684.0
2890.054351271159,17183688.0
2890.055740184544,17205292.0
2890.057129098394,17194038.0
2890.0585180122453,17208422.0
2890.059906925631,17211226.0
2890.061295839481,17199944.0
2890.062684752866,17214888.0
2890.064073666716,17201494.0
2890.065462580101,17189962.0
2890.066851493951,17208960.0
2890.0682404073364,17208756.0
2890.0696293207207,17200960.0
2890.0710182345715,17204820.0
2890.072407147956,17215202.0
2890.073796061807,17198216.0
2890.0751849751928,17215874.0
2890.0765738890427,17208160.0
2890.077962802428,17200022.0
2890.0793517158118,17210620.0
2890.0807406296612,17222790.0
2890.082129543047,17208794.0
2890.083518456898,17221030.0
2890.0849073702825,17207362.0
2890.0862962836677,17207356.0
2890.0876851975177,17208208.0
2890.0890741109033,17218700.0
2890.090463024289,17213072.0
2890.091851938139,17212118.0
2890.093240851523,17205962.0
2890.0946297649075,17204692.0
2890.0960186787574,17210460.0
2890.097407592143,17214256.0
2890.0987965055288,17204558.0
2890.100185418913,17218730.0
2890.101574332764,17218032.0
2890.102963246148,17204350.0
2890.1043521595334,17225264.0
2890.1057410729177,17210526.0
2890.1071299867685,17213178.0
2890.108518900153,17214762.0
2890.109907813538,17208362.0
2890.1112967269223,17215876.0
2890.1126856407736,17217536.0
2890.1140745541593,17218388.0
2890.1154634675436,17214608.0
2890.116852380929,17214522.0
2890.118241294313,17217650.0
2890.1196302076974,17218208.0
2890.1210191215478,17218246.0
2890.1224080349334,17219994.0
2890.1237969483177,17207792.0
2890.125185861703,17227576.0
2890.126574775087,17213530.0
2890.1279636884724,17222094.0
2890.1293526018576,17219098.0
2890.130741515243,17208048.0
2890.132130428627,17210290.0
2890.1335193420114,17215566.0
2890.1349082553957,17216994.0
2890.136297168781,17234712.0
2890.1376860826317,17207622.0
2890.139074996017,17216106.0
2890.140463909402,17211544.0
2890.1418528227864,17220104.0
2890.1432417361716,17221824.0
2890.144630649557,17226176.0
2890.1460195629415,17233356.0
2890.1474084763254,17204434.0
2890.148797389245,17229478.0
2890.150186302629,17205198.0
2890.1515752160144,17212220.0
2890.1529641293996,17224546.0
2890.154353042785,17208584.0
2890.15574195617,17229326.0
2890.1571308695543,17211160.0
2890.1585197829395,17223790.0
2890.1599086963233,17212666.0
2890.161297609708,17206362.0
2890.1626865230933,17214006.0
2890.1640754364785,17224312.0
2890.165464349397,17216378.0
2890.1668532627823,17211594.0
2890.1682421761675,17227176.0
2890.1696310895527,17218548.0
2890.171020002938,17221332.0
2890.1724089163217,17226698.0
2890.17379782924,17225650.0
2890.175186742625,17224798.0
2890.1765756560103,17202206.0
2890.1779645693955,17217504.0
2890.1793534827807,17211616.0
2890.1807423956993,17218358.0
2890.1821313090845,17211150.0
2890.183520222469,17214608.0
2890.1849091358545,17208942.0
2890.1862980487736,17241950.0
2890.187686962158,17203536.0
2890.189075875542,17206410.0
2890.1904647884617,17230494.0
2890.191853701847,17212694.0
2890.193242615232,17208300.0
2890.1946315281516,17210416.0
2890.196020441536,17214864.0
2890.197409354921,17216130.0
2890.1987982678393,17207372.0
2890.200187181224,17231630.0
2890.201576094609,17222918.0
2890.2029650075287,17204928.0
2890.204353920913,17211128.0
2890.2057428342982,17220228.0
2890.207131747217,17225494.0
2890.2085206606025,17209738.0
2890.2099095735225,17209410.0
2890.211298486907,17224860.0
2890.2126873998254,17213830.0
2890.2140763132097,17233586.0
2890.215465226595,17205306.0
2890.2168541395145,17220102.0
2890.2182430528997,17210008.0
2890.2196319658183,17217236.0
2890.2210208792035,17213278.0
2890.222409792122,17207572.0
2890.2237987055078,17217168.0
2890.2251876184278,17207016.0
2890.2265765318116,17218896.0
2890.2279654447298,17205236.0
2890.229354358115,17228794.0
2890.2307432710336,17218154.0
2890.2321321839536,17203894.0
2890.2335210973392,17201524.0
2890.234910010258,17199462.0
2890.236298923643,17199476.0
2890.2376878365617,17212604.0
2890.239076749947,17222180.0
2890.2404656628655,17211040.0
2890.241854575785,17221280.0
2890.2432434891693,17218574.0
2890.244632402089,17205150.0
2890.2460213150075,17204624.0
2890.247410228393,17207462.0
2890.248799141313,17199688.0
2890.250188054232,17217178.0
2890.251576967617,17201252.0
2890.2529658805347,17218690.0
2890.2543547934533,17209898.0
2890.2557437068385,17219178.0
2890.257132619759,17210322.0
2890.2585215326776,17203326.0
2890.259910445597,17218476.0
2890.2612993589814,17230978.0
2890.2626882719014,17194888.0
2890.2640771848214,17208782.0
2890.265466097739,17207170.0
2890.2668550111234,17222484.0
2890.268243924042,17202780.0
2890.2696328369616,17203244.0
2890.271021749881,17206002.0
2890.2724106628016,17211356.0
2890.273799576186,17194588.0
2890.2751884891045,17216308.0
2890.276577402024,17211776.0
2890.2779663149427,17218400.0
2890.279355227862,17213434.0
2890.280744140781,17207520.0
2890.2821330537004,17213988.0
2890.2835219670847,17216514.0
2890.284910880004,17214818.0
2890.2862997929237,17206650.0
2890.2876887058433,17217714.0
2890.289077618763,17194118.0
2890.2904665316814,17225542.0
2890.291855444601,17208060.0
2890.293244357519,17228114.0
2890.294633270438,17201016.0
2890.2960221833578,17219284.0
2890.2974110962773,17210464.0
2890.298800009196,17208902.0
2890.3001889221155,17220900.0
2890.301577835034,17225858.0
2890.302966747954,17218366.0
2890.304355660874,17205334.0
2890.3057445737923,17199402.0
2890.3071334867104,17220810.0
2890.30852239963,17208934.0
2890.3099113125495,17221330.0
2890.311300225469,17221688.0
2890.3126891383886,17213004.0
2890.314078051307,17205504.0
2890.3154669642267,17218312.0
2890.3168558771454,17206906.0
2890.3182447900654,17219450.0
2890.3196337029844,17239378.0
2890.3210226154374,17224206.0
2890.322411528356,17216318.0
2890.3238004412756,17214516.0
2890.325189354194,17224140.0
2890.326578267114,17217164.0
2890.327967180034,17218922.0
2890.329356092953,17228200.0
2890.3307450054067,17222868.0
2890.332133918325,17232628.0
2890.333522831244,17206634.0
2890.3349117441635,17213504.0
2890.336300657083,17226452.0
2890.337689569536,17226312.0
2890.3390784824555,17228044.0
2890.340467395374,17223836.0
2890.341856308294,17221304.0
2890.3432452207485,17242126.0
2890.344634133667,17207418.0
2890.3460230465857,17220806.0
2890.3474119595044,17235616.0
2890.3488008719582,17225094.0
2890.350189784878,17219938.0
2890.3515786977973,17249514.0
2890.3529676102503,17233878.0
2890.35435652317,17222640.0
2890.3557454360885,17223994.0
2890.357134348543,17227124.0
2890.358523261463,17225038.0
2890.359912174381,17225374.0
2890.3613010868335,17235034.0
2890.362689999753,17257314.0
2890.364078912206,17228122.0
2890.365467825126,17229024.0
2890.366856738046,17229520.0
2890.368245650499,17236938.0
2890.3696345634185,17233536.0
2890.3710234758714,17235956.0
2890.372412388791,17241210.0
2890.373801301244,17220526.0
2890.3751902141635,17227880.0
2890.376579127082,17227338.0
2890.377968039536,17266010.0
2890.3793569524546,17221944.0
2890.380745864909,17237074.0
2890.382134777829,17234880.0
2890.383523690282,17245696.0
2890.3849126032014,17241862.0
2890.386301515654,17266576.0
2890.3876904281065,17222774.0
2890.3890793410264,17238300.0
2890.390468253481,17239972.0
2890.3918571663994,17229082.0
2890.3932460788533,17231754.0
2890.394634991772,17237920.0
2890.3960239042262,17250468.0
2890.3974128166806,17232872.0
2890.3988017295987,17248764.0
2890.4001906420513,17259702.0
2890.401579554971,17230374.0
2890.4029684674238,17241000.0
2890.404357379878,17270860.0
2890.405746292798,17233422.0
2890.407135205251,17244454.0
2890.408524117705,17255586.0
2890.4099130306236,17236044.0
2890.4113019430774,17257000.0
2890.4126908555304,17239978.0
2890.41407976845,17259916.0
2890.415468680903,17235326.0
2890.416857593357,17256712.0
2890.4182465058097,17252308.0
2890.4196354187297,17260810.0
2890.421024331184,17236472.0
2890.422413243637,17241322.0
2890.423802156091,17249226.0
2890.4251910690095,17238098.0
2890.4265799814625,17261684.0
2890.427968893916,17259836.0
2890.4293578063703,17246218.0
2890.4307467188232,17265348.0
2890.4321356317428,17238288.0
2890.4335245441957,17250824.0
2890.4349134566496,17250914.0
2890.4363023691035,17255702.0
2890.4376912815574,17256624.0
2890.4390801940103,17248360.0
2890.4404691064633,17245572.0
2890.441858019382,17237776.0
2890.4432469318363,17248006.0
2890.4446358442906,17253448.0
2890.4460247567436,17249772.0
2890.4474136691974,17249164.0
2890.4488025816504,17265284.0
2890.4501914941043,17246212.0
2890.451580406558,17252606.0
2890.4529693190116,17249610.0
2890.454358231464,17257954.0
2890.455747143918,17256080.0
2890.457136056371,17240130.0
2890.4585249688253,17246750.0
2890.4599138812796,17245520.0
2890.4613027937326,17250276.0
2890.4626917061864,17267728.0
2890.4640806186394,17231306.0
2890.4654695310924,17235768.0
2890.466858443546,17249608.0
2890.468247356,17252224.0
2890.469636268453,17261624.0
2890.471025180907,17248906.0
2890.47241409336,17270468.0
2890.473803005814,17240530.0
2890.4751919182677,17254568.0
2890.4765808307216,17254992.0
2890.4779697431754,17250224.0
2890.4793586551623,17249468.0
2890.480747567615,17244094.0
2890.482136480069,17254634.0
2890.4835253925235,17257222.0
2890.4849143049764,17249082.0
2890.4863032174303,17254482.0
2890.4876921294176,17253224.0
2890.4890810418715,17235844.0
2890.4904699543254,17251656.0
2890.491858866779,17260654.0
2890.4932477792313,17254582.0
2890.4946366912195,17266114.0
2890.4960256036725,17228150.0
2890.4974145161264,17253578.0
2890.4988034285802,17253380.0
2890.500192341034,17244044.0
2890.5015812530223,17259850.0
2890.5029701654753,17247336.0
2890.504359077929,17256224.0
2890.5057479899165,17240280.0
2890.5071369023703,17266632.0
2890.5085258148233,17245280.0
2890.509914727277,17246564.0
2890.5113036392645,17250082.0
2890.5126925517184,17252436.0
2890.5140814641722,17252528.0
2890.5154703761605,17235110.0
2890.5168592886143,17262418.0
2890.5182482006016,17263784.0
2890.5196371130546,17241766.0
2890.521026025508,17227378.0
2890.5224149374967,17269952.0
2890.5238038499497,17256056.0
2890.5251927624035,17239202.0
2890.526581674391,17243762.0
2890.5279705868447,17257244.0
2890.529359498833,17254994.0
2890.530748411287,17237682.0
2890.532137323274,17276526.0
2890.533526235727,17260656.0
2890.5349151477144,17250688.0
2890.5363040601683,17248782.0
2890.5376929721565,17251182.0
2890.5390818846104,17261940.0
2890.5404707965986,17260098.0
2890.5418597090516,17243586.0
2890.5432486210398,17252346.0
2890.5446375334936,17246114.0
2890.5460264454814,17267686.0
2890.547415357934,17243008.0
2890.548804269922,17245922.0
2890.550193182375,17248262.0
2890.5515820943633,17243180.0
2890.5529710063515,17235854.0
2890.5543599188054,17247878.0
2890.5557488307936,17232856.0
2890.5571377432466,17249332.0
2890.558526655234,17233898.0
2890.559915567221,17239152.0
2890.561304479675,17226462.0
2890.5626933916633,17233230.0
2890.5640823036515,17231688.0
2890.5654712161045,17216274.0
2890.5668601280927,17238270.0
2890.568249040081,17179528.0
2890.569637952535,17231040.0
2890.571026864523,17212022.0
2890.57241577651,17209928.0
2890.5738046889624,17215776.0
2890.5751936009506,17196152.0
2890.576582512939,17195750.0
2890.577971424927,17204954.0
2890.579360337381,17206002.0
2890.580749249368,17182116.0
2890.5821381613564,17196398.0
2890.5835270733446,17195330.0
2890.5849159857985,17177832.0
2890.586304897786,17172456.0
2890.587693809773,17194928.0
2890.5890827217604,17169216.0
2890.5904716337486,17165582.0
2890.5918605462025,17174128.0
2890.5932494581907,17178880.0
2890.594638370179,17151544.0
2890.5960272821662,17163328.0
2890.5974161941544,17166712.0
2890.5988051061413,17135730.0
2890.600194018129,17139766.0
2890.6015829301173,17148456.0
2890.602971842571,17135758.0
2890.6043607545585,17157326.0
2890.6057496665467,17119990.0
2890.607138578535,17124980.0
2890.608527490523,17128846.0
2890.6099164025113,17119738.0
2890.6113053144986,17107556.0
2890.612694226486,17102204.0
2890.6140831384732,17118746.0
2890.6154720504614,17095726.0
2890.6168609624497,17102786.0
2890.618249874438,17106686.0
2890.619638786425,17079676.0
2890.6210276984134,17084390.0
2890.6224166104016,17077400.0
2890.62380552239,17076870.0
2890.625194434377,17068022.0
2890.6265833463644,17072082.0
2890.6279722583517,17058114.0
2890.62936117034,17078266.0
2890.630750082328,17066608.0
2890.6321389943164,17042538.0
2890.633527905839,17050212.0
2890.6349168178263,17034114.0
2890.6363057298145,17051116.0
2890.6376946418018,17050340.0
2890.63908355379,17033186.0
2890.6404724657773,17016826.0
2890.6418613777655,17020400.0
2890.643250289753,17022258.0
2890.6446392012754,17008602.0
2890.6460281132636,17005880.0
2890.647417025252,17008738.0
2890.64880593724,16999232.0
2890.6501948492273,17002712.0
2890.65158376075,16975806.0
2890.6529726727367,16988398.0
2890.6543615847245,16980526.0
2890.6557504967127,16989432.0
2890.6571394082353,16977182.0
2890.6585283202226,16962484.0
2890.659917232211,16960686.0
2890.661306144199,16957482.0
2890.6626950557215,16958162.0
2890.6640839677098,16957850.0
2890.6654728796966,16950876.0
2890.666861791218,16942668.0
2890.668250703206,16934756.0
2890.6696396151942,16915552.0
2890.6710285271824,16936604.0
2890.672417438705,16906352.0
2890.6738063506923,16930122.0
2890.675195262215,16901462.0
2890.676584174202,16907124.0
2890.677973086191,16894422.0
2890.679361997713,16922742.0
2890.6807509097002,16900092.0
2890.6821398216875,16881358.0
2890.68352873321,16881580.0
2890.6849176451983,16890822.0
2890.686306556721,16877334.0
2890.687695468709,16877476.0
2890.6890843802307,16865318.0
2890.690473292219,16855362.0
2890.69186220374,16858954.0
2890.693251115728,16863414.0
2890.6946400272504,16844052.0
2890.6960289392387,16841150.0
2890.6974178507603,16849692.0
2890.6988067627485,16842694.0
2890.700195674271,16834624.0
2890.7015845862593,16828596.0
2890.702973497782,16839688.0
2890.704362409769,16814832.0
2890.705751321291,16837598.0
2890.707140233278,16825096.0
2890.7085291448007,16812268.0
2890.709918056789,16799044.0
2890.7113069683114,16806754.0
2890.712695879833,16792480.0
2890.7140847918213,16820080.0
2890.715473703343,16780662.0
2890.7168626153316,16814184.0
2890.7182515268546,16788216.0
2890.719640438376,16790472.0
2890.7210293503626,16801602.0
2890.722418261885,16796818.0
2890.7238071734077,16773401.0
2890.725196085396,16791398.0
2890.7265849969185,16790682.0
2890.72797390844,16795380.0
2890.7293628204284,16779542.0
2890.73075173195,16784216.0
2890.7321406434726,16769077.0
2890.733529554994,16772462.0
2890.7349184669824,16762836.0
2890.736307378504,16782162.0
2890.7376962900266,16774927.0
2890.739085201549,16772881.0
2890.7404741135374,16764504.0
2890.74186302506,16781916.0
2890.7432519365816,16784746.0
2890.744640848104,16768078.0
2890.7460297596253,16766226.0
2890.747418671613,16776055.0
2890.7488075831357,16772791.0
2890.750196494658,16765534.0
2890.75158540618,16776556.0
2890.7529743177024,16763236.0
2890.754363229224,16769224.0
2890.755752140747,16775239.0
2890.7571410527357,16775312.0
2890.758529964257,16777228.0
2890.759918875778,16780574.0
2890.7613077873007,16772925.0
2890.762696698823,16780962.0
2890.764085610346,16783894.0
2890.7654745218683,16782998.0
2890.76686343339,16803636.0
2890.7682523449125,16795318.0
2890.769641256434,16790160.0
2890.771030167957,16801098.0
2890.7724190794793,16782610.0
2890.773807991001,16793560.0
2890.7751969025226,16787300.0
2890.776585814045,16818762.0
2890.7779747255677,16799164.0
2890.7793636370902,16805944.0
2890.780752548613,16813018.0
2890.7821414601344,16813288.0
2890.783530371657,16830172.0
2890.7849192831786,16821946.0
2890.786308194701,16832520.0
2890.787697106223,16832494.0
2890.7890860177454,16810286.0
2890.790474929267,16851466.0
2890.7918638407896,16833244.0
2890.793252752312,16835840.0
2890.794641663369,16843486.0
2890.7960305748916,16851660.0
2890.797419486413,16861098.0
2890.798808397935,16853072.0
2890.8001973094565,16862304.0
2890.801586220979,16870350.0
2890.802975132036,16867064.0
2890.8043640435585,16870984.0
2890.80575295508,16876512.0
2890.8071418666027,16880274.0
2890.8085307781244,16904652.0
2890.8099196891817,16887842.0
2890.8113086007047,16899882.0
2890.812697512226,16892146.0
2890.814086423747,16910492.0
2890.8154753352696,16892774.0
2890.8168642463265,16922942.0
2890.818253157849,16919248.0
2890.8196420693716,16931444.0
2890.8210309804276,16933230.0
2890.82241989195,16923802.0
2890.823808803472,16945346.0
2890.8251977149944,16937982.0
2890.8265866260504,16979128.0
2890.827975537573,16942830.0
2890.8293644490946,16971876.0
2890.8307533601514,16956196.0
2890.832142271674,16970634.0
2890.833531182731,16980534.0
2890.8349200942534,16987258.0
2890.836309005775,16990770.0
2890.837697916832,16987556.0
2890.839086828353,16981842.0
2890.8404757394096,16997600.0
2890.841864650932,16991548.0
2890.8432535624547,17020028.0
2890.8446424735107,17019604.0
2890.8460313850333,17018948.0
2890.84742029609,17019994.0
2890.8488092076127,17029602.0
2890.8501981186696,17036650.0
2890.8515870301912,17039508.0
2890.852975941247,17038382.0
2890.854364852769,17069310.0
2890.8557537638258,17039046.0
2890.8571426753483,17057050.0
2890.858531586405,17065180.0
2890.859920497927,17068396.0
2890.8613094089837,17065656.0
2890.8626983205054,17075940.0
2890.8640872315627,17079540.0
2890.865476143085,17096216.0
2890.866865054141,17089082.0
2890.868253965197,17104414.0
2890.8696428767194,17095500.0
2890.8710317877762,17114294.0
2890.872420699299,17105456.0
2890.8738096103557,17110694.0
2890.8751985214117,17133606.0
2890.8765874329342,17139750.0
2890.87797634399,17110576.0
2890.879365255047,17132720.0
2890.8807541665687,17134962.0
2890.8821430776256,17139630.0
2890.8835319886816,17149900.0
2890.884920900204,17134092.0
2890.886309811261,17169092.0
2890.887698722318,17140240.0
2890.889087633375,17150850.0
2890.8904765448965,17161272.0
2890.8918654559525,17176604.0
2890.8932543670085,17168518.0
2890.8946432780654,17172724.0
2890.896032189588,17185520.0
2890.897421100645,17189270.0
2890.898810011701,17165104.0
2890.9001989227577,17195742.0
2890.9015878342802,17208960.0
2890.902976745337,17200708.0
2890.904365656394,17206890.0
2890.9057545674495,17198944.0
2890.907143478505,17215132.0
2890.908532389562,17205160.0
2890.9099213010845,17224738.0
2890.9113102121414,17236830.0
2890.9126991231983,17215786.0
2890.9140880342543,17219286.0
2890.915476945311,17235658.0
2890.916865856367,17227190.0
2890.9182547674245,17234948.0
2890.919643678481,17264492.0
2890.921032589537,17242370.0
2890.922421500593,17244456.0
2890.9238104121155,17237734.0
2890.9251993231724,17244424.0
2890.9265882342293,17245628.0
2890.927977145286,17264294.0
2890.929366056342,17266206.0
2890.930754967399,17236624.0
2890.9321438784546,17269540.0
2890.933532789511,17269652.0
2890.934921700568,17257898.0
2890.936310611625,17286258.0
2890.9376995226808,17277674.0
2890.9390884337377,17257268.0
2890.940477344329,17282864.0
2890.941866255386,17269530.0
2890.9432551664427,17273428.0
2890.9446440774987,17271750.0
2890.9460329885546,17292498.0
2890.9474218996106,17291318.0
2890.9488108106675,17283162.0
2890.9501997217244,17292582.0
2890.9515886327813,17280534.0
2890.9529775438373,17291038.0
2890.9543664544285,17290022.0
2890.9557553654854,17283194.0
2890.9571442765423,17286236.0
2890.9585331875983,17284740.0
2890.9599220986543,17293270.0
2890.9613110097102,17288298.0
2890.9626999203015,17298216.0
2890.9640888313584,17295288.0
2890.9654777424153,17296802.0
2890.966866653472,17302344.0
2890.968255564528,17279628.0
2890.9696444751194,17291864.0
2890.9710333861763,17285858.0
2890.9724222972327,17291470.0
2890.973811208288,17301608.0
2890.9752001188795,17298406.0
2890.9765890299354,17297250.0
2890.9779779409923,17288550.0
2890.9793668515836,17306584.0
2890.9807557626405,17281612.0
2890.9821446736973,17295530.0
2890.9835335847533,17311334.0
2890.9849224953437,17295486.0
2890.9863114063987,17307746.0
2890.987700316991,17298268.0
2890.9890892280478,17306060.0
2890.990478139104,17288328.0
2890.991867049695,17308098.0
2890.993255960751,17307706.0
2890.9946448718088,17306652.0
2890.9960337824,17302042.0
2890.997422693457,17328492.0
2890.9988116040463,17305424.0
2891.0002005151023,17298026.0
2891.0015894256926,17298876.0
2891.00297833675,17311124.0
2891.0043672478073,17309298.0
2891.0057561583976,17314698.0
2891.0071450694545,17293698.0
2891.008533980045,17315098.0
2891.0099228911026,17310764.0
2891.011311801694,17293664.0
2891.01270071275,17293532.0
2891.0140896233393,17317054.0
2891.015478534396,17301494.0
2891.0168674449865,17316402.0
2891.018256355578,17313274.0
2891.0196452666355,17320326.0
2891.021034177226,17297912.0
2891.0224230882827,17308572.0
2891.023811998873,17314232.0
2891.02520090993,17306960.0
2891.0265898205203,17320902.0
2891.0279787311115,17320584.0
2891.0293676421675,17301186.0
2891.0307565527587,17321008.0
2891.0321454638147,17299896.0
2891.0335343744064,17315240.0
2891.034923284998,17316468.0
2891.036312196054,17300424.0
2891.0377011066453,17328288.0
2891.039090017235,17306378.0
2891.0404789282916,17322492.0
2891.041867838883,17315628.0
2891.043256749474,17316608.0
2891.0446456600644,17291000.0
2891.0460345711213,17328896.0
2891.0474234817116,17299588.0
2891.0488123923033,17309522.0
2891.050201302895,17323580.0
2891.0515902139505,17326986.0
2891.0529791245403,17308748.0
2891.0543680351316,17314350.0
2891.055756945723,17311230.0
2891.0571458567797,17315764.0
2891.058534767371,17320294.0
2891.0599236779613,17313684.0
2891.0613125885525,17325614.0
2891.062701499143,17302276.0
2891.0640904097345,17312888.0
2891.065479320791,17300972.0
2891.0668682313812,17304940.0
2891.0682571419716,17310328.0
2891.069646052563,17314930.0
2891.071034963153,17309186.0
2891.072423873745,17314902.0
2891.0738127843365,17325074.0
2891.075201694927,17323428.0
2891.076590605518,17300408.0
2891.077979516574,17316546.0
2891.0793684271653,17328778.0
2891.0807573377556,17311350.0
2891.082146248347,17317584.0
2891.083535158937,17292402.0
2891.0849240695284,17313370.0
2891.0863129801187,17318146.0
2891.0877018907104,17309676.0
2891.089090801302,17317586.0
2891.0904797118924,17300124.0
2891.0918686224827,17322682.0
2891.093257533073,17317062.0
2891.0946464436643,17329318.0
2891.0960353542555,17316422.0
2891.0974242648467,17312704.0
2891.098813175437,17295928.0
2891.1002020855626,17317306.0
2891.101590996153,17313186.0
2891.1029799067446,17300504.0
2891.1043688173363,17312856.0
2891.105757727926,17308910.0
2891.107146638516,17331626.0
2891.1085355491073,17314158.0
2891.1099244596985,17300204.0
2891.1113133702897,17313738.0
2891.1127022804153,17315222.0
2891.1140911910056,17302246.0
2891.115480101597,17322370.0
2891.116869012187,17306544.0
2891.1182579227784,17308510.0
2891.119646832903,17328678.0
2891.1210357434943,17289176.0
2891.1224246540846,17317552.0
2891.123813564676,17310806.0
2891.125202475267,17304022.0
2891.1265913853927,17327682.0
2891.127980295984,17319472.0
2891.129369206574,17306236.0
2891.1307581171654,17311890.0
2891.1321470272896,17319566.0
2891.1335359378804,17304836.0
2891.1349248484717,17309054.0
2891.136313758597,17318548.0
2891.1377026691875,17306670.0
2891.139091579779,17319190.0
2891.1404804899043,17288906.0
2891.1418694004956,17322646.0
2891.143258311087,17300138.0
2891.1446472212115,17306348.0
2891.146036131802,17316108.0
2891.147425042392,17302850.0
2891.1488139525177,17307504.0
2891.150202863109,17306336.0
2891.1515917732345,17297354.0
2891.152980683825,17313154.0
2891.154369594416,17305600.0
2891.1557585045416,17316028.0
2891.157147415133,17327318.0
2891.1585363252575,17309120.0
2891.159925235848,17307500.0
2891.1613141459725,17320572.0
2891.1627030565637,17317882.0
2891.1640919666893,17313080.0
2891.1654808772805,17321760.0
2891.166869787406,17303032.0
2891.1682586979964,17307624.0
2891.169647608122,17323436.0
2891.171036518713,17301864.0
2891.1724254288383,17314414.0
2891.173814339428,17311428.0
2891.1752032495538,17335792.0
2891.176592160144,17303730.0
2891.1779810702697,17298224.0
2891.179369980861,17321636.0
2891.1807588909865,17326806.0
2891.182147801112,17314562.0
2891.1835367117023,17316860.0
2891.184925621827,17315800.0
2891.186314532418,17301128.0
2891.187703442544,17323804.0
2891.1890923526685,17323008.0
2891.1904812632597,17311194.0
2891.1918701733844,17310346.0
2891.19325908351,17331166.0
2891.194647994101,17314974.0
2891.1960369042267,17334858.0
2891.1974258143523,17318278.0
2891.1988147244765,17320056.0
2891.2002036350664,17299210.0
2891.2015925451924,17332522.0
2891.2029814553184,17322852.0
2891.2043703659087,17333202.0
2891.2057592760343,17309500.0
2891.207148186159,17335626.0
2891.2085370962845,17327290.0
2891.209926006876,17333614.0
2891.2113149170013,17313998.0
2891.212703827126,17325472.0
2891.2140927372507,17341482.0
2891.2154816473753,17305854.0
2891.216870557967,17329396.0
2891.218259468093,17336496.0
2891.2196483782177,17312922.0
2891.2210372883433,17337672.0
2891.222426198468,17310266.0
2891.2238151085935,17323308.0
2891.225204018718,17331500.0
2891.2265929293094,17321854.0
2891.227981839434,17344858.0
2891.2293707495596,17307650.0
2891.2307596596843,17339550.0
2891.23214856981,17325376.0
2891.2335374799354,17330308.0
2891.234926390061,17328026.0
2891.2363153001866,17329260.0
2891.237704210311,17323600.0
2891.239093120436,17338502.0
2891.240482030561,17329960.0
2891.241870940687,17344708.0
2891.2432598508117,17337540.0
2891.2446487609373,17338386.0
2891.246037671062,17336708.0
2891.2474265811875,17347984.0
2891.248815491313,17325980.0
2891.2502044014386,17331404.0
2891.2515933115633,17353336.0
2891.252982221688,17347174.0
2891.2543711318126,17345970.0
2891.2557600419386,17331870.0
2891.2571489520647,17328340.0
2891.2585378621893,17348906.0
2891.259926772315,17341948.0
2891.261315681974,17335216.0
2891.2627045920995,17349498.0
2891.264093502225,17343070.0
2891.26548241235,17326332.0
2891.2668713224743,17342290.0
2891.2682602326,17347948.0
2891.2696491427246,17345170.0
2891.271038052385,17340488.0
2891.272426962511,17333862.0
2891.2738158726356,17346980.0
2891.275204782761,17343868.0
2891.276593692886,17334264.0
2891.2779826025458,17338784.0
2891.2793715126704,17351746.0
2891.280760422796,17344344.0
2891.2821493329207,17328376.0
2891.283538243046,17354238.0
2891.284927152705,17334858.0
2891.2863160628312,17334542.0
2891.2877049729573,17368252.0
2891.2890938826163,17332988.0
2891.290482792742,17321104.0
2891.291871702866,17361128.0
2891.2932606129903,17326802.0
2891.2946495226506,17343416.0
2891.2960384327766,17328792.0
2891.2974273429013,17342352.0
2891.298816252561,17342600.0
2891.300205162686,17349840.0
2891.3015940723462,17328736.0
2891.3029829824723,17350110.0
2891.304371892597,17349756.0
2891.305760802256,17305974.0
2891.3071497123806,17316428.0
2891.3085386220396,17344776.0
2891.3099275321656,17338340.0
2891.3113164422916,17350814.0
2891.3127053519506,17329888.0
2891.314094262076,17328334.0
2891.315483171735,17350396.0
2891.316872081861,17334428.0
2891.3182609915207,17330170.0
2891.3196499016453,17330250.0
2891.3210388113043,17327572.0
2891.32242772143,17355212.0
2891.323816631089,17323500.0
2891.325205541215,17334490.0
2891.3265944508753,17326474.0
2891.327983361,17356336.0
2891.32937227066,17313236.0
2891.3307611807845,17319842.0
2891.3321500904444,17340076.0
2891.333539000569,17325124.0
2891.334927910229,17341788.0
2891.336316819888,17337994.0
2891.3377057300136,17316472.0
2891.3390946396726,17346568.0
2891.3404835497986,17310788.0
2891.341872459459,17336686.0
2891.343261369118,17310046.0
2891.3446502792435,17328752.0
2891.346039188902,17324940.0
2891.3474280985615,17336192.0
2891.348817008687,17316516.0
2891.350205918347,17326956.0
2891.351594828006,17319890.0
2891.3529837381316,17305754.0
2891.3543726477906,17322250.0
2891.355761557451,17316292.0
2891.3571504671113,17335930.0
2891.3585393772355,17326656.0
2891.359928286894,17332240.0
2891.361317196554,17314676.0
2891.362706106214,17321602.0
2891.3640950163394,17311926.0
2891.3654839259993,17329656.0
2891.3668728356583,17325124.0
2891.3682617453183,17316242.0
2891.3696506549772,17307824.0
2891.3710395651033,17317406.0
2891.3724284747627,17330544.0
2891.3738173844217,17322722.0
2891.3752062940807,17316054.0
2891.3765952037406,17321848.0
2891.3779841134005,17308020.0
2891.379373023526,17323632.0
2891.380761933186,17313350.0
2891.382150842845,17315896.0
2891.383539752505,17314950.0
2891.3849286621635,17314272.0
2891.386317571823,17300670.0
2891.387706481483,17310942.0
2891.3890953911427,17319808.0
2891.3904843008017,17332716.0
2891.3918732104617,17307604.0
2891.3932621201216,17313790.0
2891.3946510297815,17301920.0
2891.3960399394414,17318620.0
2891.3974288491004,17325636.0
2891.3988177587594,17307866.0
2891.4002066684184,17306228.0
2891.4015955780783,17308608.0
2891.402984487738,17310218.0
2891.404373397398,17289468.0
2891.405762307057,17305080.0
2891.407151216717,17306918.0
2891.408540126377,17307354.0
2891.409929036037,17298438.0
2891.4113179456967,17303490.0
2891.4127068553553,17324358.0
2891.414095765014,17315490.0
2891.415484674674,17318106.0
2891.4168735843346,17294228.0
2891.4182624939936,17302978.0
2891.419651403188,17317172.0
2891.421040312847,17300726.0
2891.4224292225067,17321134.0
2891.4238181321666,17306668.0
2891.425207041826,17301436.0
2891.4265959514846,17294646.0
2891.4279848611445,17298758.0
2891.429373770338,17312534.0
2891.430762679998,17315648.0
2891.4321515896586,17303800.0
2891.4335404993176,17298450.0
2891.434929408512,17302468.0
2891.436318318171,17305634.0
2891.4377072278307,17300386.0
2891.4390961374897,17321738.0
2891.440485046684,17295026.0
2891.441873956343,17299466.0
2891.443262866003,17292900.0
2891.444651775662,17320128.0
2891.4460406848566,17307098.0
2891.447429594517,17289816.0
2891.448818504176,17299258.0
2891.45020741337,17300726.0
2891.4515963230288,17313308.0
2891.4529852326873,17305770.0
2891.454374141882,17304124.0
2891.4557630515424,17290568.0
2891.4571519612014,17300022.0
2891.4585408703956,17298336.0
2891.4599297800546,17292782.0
2891.4613186892493,17294876.0
2891.4627075989097,17298052.0
2891.4640965085687,17299374.0
2891.465485417762,17284902.0
2891.466874327421,17297978.0
2891.4682632366143,17291054.0
2891.4696521462747,17284834.0
2891.4710410554694,17302440.0
2891.4724299651284,17291228.0
2891.4738188743227,17306336.0
2891.4752077839817,17287838.0
2891.4765966931764,17296382.0
2891.477985602836,17282958.0
2891.479374512029,17311124.0
2891.480763421688,17281112.0
2891.4821523308824,17282654.0
2891.4835412405414,17289376.0
2891.484930149736,17297964.0
2891.4863190593965,17295460.0
2891.48770796859,17270906.0
2891.4890968782497,17301208.0
2891.490485787443,17301894.0
2891.4918746966373,17255878.0
2891.4932636062963,17284212.0
2891.4946525154905,17292926.0
2891.4960414251495,17270006.0
2891.497430334344,17282914.0
2891.498819243537,17269838.0
2891.5002081531975,17283874.0
2891.501597062392,17262086.0
2891.5029859715855,17268268.0
2891.5043748812454,17296976.0
2891.5057637904383,17274036.0
2891.507152699632,17289142.0
2891.508541609292,17260378.0
2891.5099305184863,17275880.0
2891.5113194276796,17268464.0
2891.512708336874,17264124.0
2891.514097246533,17268136.0
2891.5154861557276,17277706.0
2891.5168750649223,17275162.0
2891.518263974115,17267642.0
2891.5196528837737,17265088.0
2891.521041792968,17276456.0
2891.522430702162,17241684.0
2891.5238196113564,17258300.0
2891.5252085205507,17232558.0
2891.5265974302097,17260736.0
2891.527986339404,17251424.0
2891.5293752485973,17260546.0
2891.530764157792,17263280.0
2891.5321530669858,17266562.0
2891.533541976179,17252314.0
2891.5349308853724,17261544.0
2891.5363197950323,17263256.0
2891.5377087042266,17235182.0
2891.539097613421,17253954.0
2891.540486522615,17276224.0
2891.5418754318084,17228048.0
2891.5432643410027,17236088.0
2891.5446532501956,17264218.0
2891.5460421593893,17268006.0
2891.5474310685836,17220600.0
2891.548819977778,17265240.0
2891.550208886971,17227676.0
2891.5515977961654,17253916.0
2891.5529867053597,17253046.0
2891.554375614554,17236036.0
2891.555764523748,17247912.0
2891.5571534329415,17242426.0
2891.558542342135,17254570.0
2891.5599312513286,17237720.0
2891.5613201605233,17220654.0
2891.5627090697167,17240860.0
2891.564097978911,17235318.0
2891.5654868881043,17263804.0
2891.5668757972985,17241320.0
2891.5682647064928,17228130.0
2891.569653615687,17240540.0
2891.5710425244156,17240624.0
2891.5724314336085,17239978.0
2891.5738203428014,17231368.0
2891.575209251996,17254224.0
2891.5765981611908,17227124.0
2891.577987070384,17227528.0
2891.5793759795783,17238336.0
2891.580764888306,17235850.0
2891.5821537975003,17243626.0
2891.5835427066945,17219914.0
2891.5849316158883,17221744.0
2891.586320525081,17236358.0
2891.58770943381,17224258.0
2891.589098343003,17253170.0
2891.590487252198,17233570.0
2891.5918761613925,17235514.0
2891.59326507012,17229992.0
2891.5946539793144,17220492.0
2891.596042888508,17227094.0
2891.597431797702,17220294.0
2891.5988207064297,17242228.0
2891.600209615624,17216634.0
2891.6015985248173,17223568.0
2891.602987433546,17220090.0
2891.604376342739,17242226.0
2891.605765251934,17207992.0
2891.607154160663,17233680.0
2891.6085430698563,17216372.0
2891.6099319790505,17244478.0
2891.6113208877778,17222382.0
2891.6127097969706,17210474.0
2891.6140987061654,17224186.0
2891.6154876148944,17213310.0
2891.6168765240877,17203934.0
2891.6182654328163,17228190.0
2891.6196543420097,17230748.0
2891.6210432507387,17215228.0
2891.6224321599334,17222626.0
2891.6238210691267,17198500.0
2891.6252099778544,17211468.0
2891.6265988870477,17231050.0
2891.6279877957754,17214698.0
2891.62937670497,17208208.0
2891.630765613699,17230618.0
2891.6321545228925,17214626.0
2891.633543431621,17188906.0
2891.6349323408144,17198892.0
2891.6363212495435,17215032.0
2891.637710158738,17219686.0
2891.6390990674654,17228152.0
2891.6404879761926,17206328.0
2891.641876885387,17193298.0
2891.6432657941145,17222386.0
2891.6446547033092,17220356.0
2891.6460436120383,17217456.0
2891.6474325212316,17194180.0
2891.64882142996,17227702.0
2891.650210338688,17206256.0
2891.651599247882,17192080.0
2891.65298815661,17217122.0
2891.6543770653384,17220596.0
2891.6557659745317,17196652.0
2891.6571548832603,17206108.0
2891.658543791989,17199476.0
2891.659932701183,17212928.0
2891.6613216099117,17204242.0
2891.6627105186394,17202280.0
2891.6640994278337,17187778.0
2891.665488336561,17179288.0
2891.666877245289,17210814.0
2891.6682661540176,17212048.0
2891.669655063212,17198218.0
2891.6710439719395,17177140.0
2891.672432880668,17209590.0
2891.6738217893967,17203736.0
2891.6752106981253,17191800.0
2891.6765996073195,17192670.0
2891.6779885160468,17202988.0
2891.679377424774,17189184.0
2891.6807663335026,17203462.0
2891.682155242231,17161222.0
2891.6835441514254,17196062.0
2891.684933060154,17180322.0
2891.6863219688817,17190486.0
2891.6877108776102,17186552.0
2891.689099786339,17192774.0
2891.6904886950674,17196756.0
2891.691877603795,17169822.0
2891.6932665125228,17170114.0
2891.6946554212504,17184320.0
2891.6960443304447,17191202.0
2891.6974332391733,17180992.0
2891.698822147902,17160086.0
2891.7002110566305,17182786.0
2891.701599965358,17167306.0
2891.7029888740867,17187174.0
2891.7043777828153,17154494.0
2891.7057666915434,17166060.0
2891.7071556002707,17176514.0
2891.7085445089992,17173940.0
2891.709933417727,17164672.0
2891.7113223264555,17179476.0
2891.712711235184,17159660.0
2891.7141001439127,17167676.0
2891.7154890526413,17167188.0
2891.716877961369,17158028.0
2891.7182668700966,17148044.0
2891.719655778359,17166236.0
2891.721044687088,17177326.0
2891.722433595816,17156802.0
2891.7238225045444,17163536.0
2891.725211413272,17150720.0
2891.726600322001,17155162.0
2891.72798923073,17163734.0
2891.729378139458,17157520.0
2891.7307670481864,17144934.0
2891.732155956448,17141074.0
2891.733544865175,17160318.0
2891.7349337739042,17149350.0
2891.7363226826333,17124612.0
2891.737711591361,17148806.0
2891.739100499624,17146102.0
2891.7404894083516,17158286.0
2891.7418783170806,17125628.0
2891.7432672258096,17121974.0
2891.744656134537,17126810.0
2891.7460450427984,17124844.0
2891.747433951527,17146400.0
2891.7488228602547,17146782.0
2891.750211768518,17123380.0
2891.751600677247,17139120.0
2891.752989585975,17147478.0
2891.7543784947034,17114126.0
2891.7557674029654,17127956.0
2891.7571563116944,17142462.0
2891.7585452204225,17146658.0
2891.7599341286846,17148948.0
2891.7613230374122,17117664.0
2891.76271194614,17119372.0
2891.764100854403,17151392.0
2891.7654897631314,17105714.0
2891.7668786713953,17109216.0
2891.768267580123,17134468.0
2891.7696564888515,17116126.0
2891.7710453971135,17137746.0
2891.7724343058417,17127782.0
2891.773823214104,17128616.0
2891.775212122832,17120492.0
2891.7766010315604,17116980.0
2891.7779899398224,17105536.0
2891.779378848552,17130372.0
2891.780767756815,17099624.0
2891.782156665543,17123702.0
2891.7835455738054,17127334.0
2891.7849344825327,17106304.0
2891.786323390794,17116878.0
2891.7877122995233,17113800.0
2891.7891012077866,17107644.0
2891.7904901165143,17128436.0
2891.7918790247772,17113096.0
2891.7932679330393,17108736.0
2891.7946568417683,17126678.0
2891.7960457500317,17125020.0
2891.7974346587594,17100266.0
2891.7988235670214,17106840.0
2891.8002124752834,17110238.0
2891.801601384011,17101862.0
2891.8029902922744,17125298.0
2891.8043792010035,17090258.0
2891.8057681092655,17117544.0
2891.8071570175284,17090634.0
2891.808545926256,17122522.0
2891.8099348345195,17094230.0
2891.811323742782,17093862.0
2891.8127126515096,17094542.0
2891.8141015597716,17112106.0
2891.8154904680346,17102430.0
2891.8168793767622,17101928.0
2891.8182682850256,17101322.0
2891.819657193289,17097910.0
2891.821046101551,17107672.0
2891.8224350102796,17124646.0
2891.8238239185416,17099168.0
2891.8252128268045,17078324.0
2891.8266017350666,17104176.0
2891.8279906433295,17095198.0
2891.829379552057,17104326.0
2891.83076846032,17084840.0
2891.832157368583,17085534.0
2891.833546276846,17085510.0
2891.834935185109,17087956.0
2891.8363240938365,17085430.0
2891.8377130020995,17086950.0
2891.839101910361,17103362.0
2891.8404908186235,17088670.0
2891.8418797268864,17078768.0
2891.8432686351493,17098384.0
2891.8446575434114,17084970.0
2891.8460464516743,17100680.0
2891.847435360403,17084964.0
2891.848824268666,17087190.0
2891.8502131769287,17084198.0
2891.8516020851903,17064356.0
2891.852990993452,17087016.0
2891.8543799017148,17095696.0
2891.8557688099777,17086018.0
2891.8571577182406,17043676.0
2891.8585466265035,17089074.0
2891.8599355347656,17077148.0
2891.8613244430285,17075772.0
2891.8627133512914,17075630.0
2891.8641022595543,17079198.0
2891.8654911678163,17072596.0
2891.8668800760784,17033224.0
2891.8682689843404,17084964.0
2891.8696578926033,17055074.0
2891.871046800866,17067684.0
2891.872435709129,17086526.0
2891.8738246169264,17061250.0
2891.8752135251884,17060212.0
2891.8766024334514,17070606.0
2891.8779913417134,17070678.0
2891.8793802499763,17048250.0
2891.8807691582383,17067536.0
2891.8821580665012,17058386.0
2891.8835469747632,17054650.0
2891.884935882561,17072636.0
2891.8863247908243,17062556.0
2891.8877136990864,17047854.0
2891.8891026073493,17069338.0
2891.8904915156113,17070882.0
2891.8918804238733,17045600.0
2891.89326933167,17049746.0
2891.8946582399335,17042338.0
2891.8960471481955,17070222.0
2891.8974360564584,17054400.0
2891.898824964255,17049928.0
2891.900213872518,17055128.0
2891.9016027807816,17040686.0
2891.9029916890436,17034456.0
2891.904380596841,17047792.0
2891.9057695051024,17042584.0
2891.907158413364,17039882.0
2891.9085473211617,17035980.0
2891.909936229425,17065272.0
2891.911325137687,17040528.0
2891.9127140454843,17032700.0
2891.9141029537464,17035608.0
2891.9154918620097,17046196.0
2891.9168807698074,17054262.0
2891.918269678069,17046984.0
2891.9196585863306,17040470.0
2891.921047494128,17046764.0
2891.9224364023908,17014508.0
2891.923825310188,17039430.0
2891.925214218451,17029484.0
2891.9266031262473,17044094.0
2891.92799203451,17020456.0
2891.9293809427722,17047280.0
2891.93076985057,17027402.0
2891.9321587588324,17051350.0
2891.933547666629,17018444.0
2891.934936574891,17024968.0
2891.936325482688,17053754.0
2891.937714390951,17005612.0
2891.9391032987483,17054210.0
2891.940492207011,17028068.0
2891.9418811148075,17040784.0
2891.9432700230705,17020930.0
2891.9446589308664,17030752.0
2891.946047838663,17004352.0
2891.947436746926,17041940.0
2891.9488256547234,17021812.0
2891.9502145629854,17043320.0
2891.9516034707826,17018748.0
2891.9529923790456,17046048.0
2891.954381286843,17030878.0
2891.95577019464,17030316.0
2891.957159102902,17028168.0
2891.9585480106985,17031252.0
2891.959936918495,17026366.0
2891.9613258267577,17018394.0
2891.962714734555,17030040.0
2891.9641036423523,17040434.0
2891.9654925506143,17021354.0
2891.9668814584115,17010072.0
2891.968270366209,17028030.0
2891.9696592744717,17034438.0
2891.971048182268,17015470.0
2891.9724370900644,17027136.0
2891.973825997861,17009454.0
2891.975214906124,17006320.0
2891.976603813922,17005556.0
2891.9779927217182,17010856.0
2891.9793816295155,17009174.0
2891.9807705377775,16982274.0
2891.982159445575,16976034.0
2891.983548353372,16969020.0
2891.984937261169,16948044.0
2891.9863261689648,16933108.0
2891.987715076762,16922060.0
2891.989103985024,16899010.0
2891.9904928928217,16882638.0
2891.9918818006195,16868748.0
2891.993270708416,16860154.0
2891.994659616213,16846980.0
2891.9960485240094,16803842.0
2891.9974374318067,16793164.0
2891.998826339603,16764843.0
2892.000215247866,16740924.0
2892.0016041556623,16725658.0
2892.0029930634596,16703939.0
2892.004381971256,16668576.0
2892.0057708790537,16646660.0
2892.0071597868514,16605223.0
2892.0085486946477,16590137.0
2892.009937602445,16553665.0
2892.011326510241,16516444.0
2892.0127154180377,16473521.0
2892.014104325835,16464939.0
2892.0154932336322,16407224.0
2892.0168821414286,16363810.0
2892.018271049226,16323087.0
2892.019659957022,16297188.0
2892.02104886482,16255294.0
2892.0224377726176,16215620.0
2892.023826680414,16148567.0
2892.0252155882104,16117651.0
2892.026604495541,16070917.0
2892.0279934033383,16028566.0
2892.0293823111356,15973374.0
2892.030771218933,15909475.0
2892.032160126729,15867877.0
2892.0335490345265,15820665.0
2892.034937942323,15760898.0
2892.0363268501205,15708465.0
2892.0377157574517,15643864.0
2892.039104665248,15592362.0
2892.0404935730444,15539116.0
2892.0418824808417,15471323.0
2892.043271388639,15418096.0
2892.0446602959705,15362059.0
2892.046049203768,15298757.0
2892.047438111564,15239051.0
2892.0488270193614,15170656.0
2892.050215926693,15115838.0
2892.05160483449,15070093.0
2892.0529937422857,14991903.0
2892.054382650083,14928315.0
2892.0557715574137,14869666.0
2892.057160465211,14793511.0
2892.058549373008,14732220.0
2892.0599382808055,14676388.0
2892.061327188137,14606963.0
2892.0627160959334,14541389.0
2892.0641050037307,14466422.0
2892.0654939110614,14417601.0
2892.0668828188586,14340599.0
2892.0682717261893,14276725.0
2892.0696606339866,14216382.0
2892.071049541783,14141415.0
2892.072438449115,14074879.0
2892.0738273569127,14003227.0
2892.075216264709,13939956.0
2892.0766051720407,13875619.0
2892.0779940798366,13803306.0
2892.079382987167,13733355.0
2892.0807718949645,13665298.0
2892.0821608022966,13599354.0
2892.083549710093,13531679.0
2892.0849386174245,13456179.0
2892.086327525221,13395253.0
2892.087716432553,13320742.0
2892.0891053403507,13258548.0
2892.0904942476814,13179345.0
2892.0918831554777,13121942.0
2892.0932720628084,13051086.0
2892.0946609706048,12983375.0
2892.096049877937,12904679.0
2892.0974387857345,12843655.0
2892.0988276930652,12775918.0
2892.1002166008625,12712391.0
2892.101605508193,12644024.0
2892.1029944155252,12579414.0
2892.104383323322,12507561.0
2892.1057722306527,12437631.0
2892.107161138449,12382536.0
2892.1085500457807,12308687.0
2892.1099389531123,12239360.0
2892.1113278609096,12165253.0
2892.112716768241,12082710.0
2892.114105675572,11993857.0
2892.115494583369,11916505.0
2892.1168834907,11843627.0
2892.1182723980314,11758506.0
2892.119661305828,11685692.0
2892.1210502131594,11603227.0
2892.12243912049,11529526.0
2892.1238280278217,11452935.0
2892.125216935619,11377713.0
2892.1266058429505,11307805.0
2892.127994750282,11238213.0
2892.129383657613,11161422.0
2892.13077256541,11095960.0
2892.1321614727403,11021028.0
2892.1335503800715,10955628.0
2892.134939287403,10890757.0
2892.1363281947347,10826236.0
2892.137717102531,10761201.0
2892.1391060098626,10699020.0
2892.1404949171942,10635261.0
2892.141883824526,10581121.0
2892.1432727318575,10520361.0
2892.1446616391877,10469757.0
2892.146050546518,10410902.0
2892.1474394543156,10361662.0
2892.1488283616477,10309423.0
2892.1502172689784,10261546.0
2892.15160617631,10215152.0
2892.1529950836407,10170516.0
2892.1543839909723,10127076.0
2892.155772898304,10085636.0
2892.1571618056355,10048128.0
2892.158550712966,10016276.0
2892.159939620297,9976708.0
2892.1613285276276,9950628.0
2892.1627174349596,9917455.0
2892.1641063422917,9898084.0
2892.1654952496224,9866957.0
2892.166884156954,9850744.0
2892.1682730642847,9827836.0
2892.1696619716167,9807780.0
2892.171050878948,9799249.0
2892.1724397862786,9783744.0
2892.1738286936093,9776481.0
2892.175217600941,9770204.0
2892.1766065082716,9764572.0
2892.1779954156036,9765036.0
2892.1793843229357,9766172.0
2892.1807732302664,9766945.0
2892.1821621371323,9777131.0
2892.183551044463,9782994.0
2892.1849399517946,9795580.0
2892.1863288591253,9811237.0
2892.187717766457,9827389.0
2892.1891066737876,9846133.0
2892.190495581119,9870123.0
2892.191884487984,9895659.0
2892.1932733953163,9925143.0
2892.1946623026483,9947650.0
2892.196051209979,9978729.0
2892.1974401173106,10014193.0
2892.198829024175,10049931.0
2892.2002179315064,10089065.0
2892.201606838838,10127299.0
2892.2029957461696,10174149.0
2892.2043846530346,10215130.0
2892.205773560366,10265547.0
2892.207162467698,10318129.0
2892.2085513745637,10363222.0
2892.2099402818953,10416331.0
2892.2113291892256,10470646.0
2892.212718096556,10528021.0
2892.2141070034218,10587214.0
2892.2154959107534,10647659.0
2892.216884818085,10707752.0
2892.218273724951,10767809.0
2892.2196626322816,10834886.0
2892.2210515391475,10902350.0
2892.222440446479,10964807.0
2892.2238293538107,11033475.0
2892.225218260676,11104620.0
2892.2266071680065,11174420.0
2892.2279960748715,11249251.0
2892.2293849822036,11317461.0
2892.2307738895356,11391787.0
2892.2321627964006,11465192.0
2892.2335517037322,11546469.0
2892.2349406105973,11626494.0
2892.236329517929,11701918.0
2892.237718424794,11774708.0
2892.2391073321255,11860408.0
2892.2404962389905,11940853.0
2892.241885146322,12015864.0
2892.243274053187,12094404.0
2892.2446629605192,12185620.0
2892.2460518673856,12265207.0
2892.2474407747163,12339803.0
2892.2488296815823,12392916.0
2892.2502185884473,12479247.0
2892.251607495778,12536277.0
2892.2529964026435,12597370.0
2892.2543853099755,12674598.0
2892.2557742168406,12740341.0
2892.2571631237065,12808754.0
2892.258552031037,12865149.0
2892.2599409379036,12945890.0
2892.2613298452357,13009370.0
2892.2627187521007,13076545.0
2892.2641076589666,13144795.0
2892.265496566297,13219282.0
2892.2668854731623,13280172.0
2892.2682743800283,13358110.0
2892.26966328736,13421914.0
2892.271052194225,13490940.0
2892.272441101091,13567460.0
2892.273830007956,13622423.0
2892.275218915288,13698504.0
2892.2766078221543,13769794.0
2892.277996729019,13847585.0
2892.2793856358835,13907385.0
2892.280774543215,13964850.0
2892.282163450081,14046409.0
2892.283552356947,14105846.0
2892.284941263813,14185383.0
2892.286330170678,14246149.0
2892.2877190780096,14311129.0
2892.2891079848755,14382554.0
2892.2904968917414,14451856.0
2892.2918857986065,14512985.0
2892.2932747054715,14582330.0
2892.2946636123365,14645320.0
2892.296052519668,14720097.0
2892.297441426534,14787770.0
2892.2988303334,14855059.0
2892.300219240266,14910377.0
2892.301608147131,14972298.0
2892.302997053997,15047918.0
2892.304385960862,15108347.0
2892.305774867728,15171647.0
2892.307163774593,15229801.0
2892.308552681459,15300451.0
2892.309941588324,15352385.0
2892.3113304951903,15416737.0
2892.3127194020567,15473013.0
2892.3141083089217,15539605.0
2892.3154972157877,15589733.0
2892.3168861226527,15658039.0
2892.3182750295177,15712695.0
2892.319663936383,15768158.0
2892.3210528432496,15823877.0
2892.3224417501146,15873836.0
2892.3238306569806,15939483.0
2892.3252195638456,15995881.0
2892.326608470712,16043320.0
2892.3279973775784,16090473.0
2892.3293862844434,16147531.0
2892.3307751913094,16193632.0
2892.332164098174,16233498.0
2892.333553004574,16279934.0
2892.3349419114397,16330567.0
2892.3363308183057,16372148.0
2892.3377197251707,16421041.0
2892.3391086320366,16450189.0
2892.3404975389017,16472451.0
2892.341886445768,16523829.0
2892.343275352169,16560525.0
2892.3446642590334,16596026.0
2892.346053165898,16623115.0
2892.347442072764,16666847.0
2892.34883097963,16683521.0
2892.35021988603,16742976.0
2892.351608792896,16760578.0
2892.352997699761,16785738.0
2892.354386606627,16814970.0
2892.3557755130264,16842440.0
2892.357164419893,16866410.0
2892.3585533267583,16877128.0
2892.3599422331577,16897444.0
2892.3613311400227,16928010.0
2892.3627200468886,16941098.0
2892.364108953289,16972456.0
2892.365497860155,16986616.0
2892.366886767021,17023262.0
2892.36827567342,17017710.0
2892.369664580286,17037912.0
2892.371053487151,17062240.0
2892.3724423935514,17066428.0
2892.3738313004164,17060588.0
2892.3752202072824,17076224.0
2892.3766091136818,17126370.0
2892.3779980205477,17104686.0
2892.379386926948,17104778.0
2892.380775833814,17110248.0
2892.382164740214,17142812.0
2892.383553647079,17132522.0
2892.3849425534786,17143144.0
2892.386331460344,17141392.0
2892.387720366745,17152822.0
2892.38910927361,17145374.0
2892.39049818001,17140444.0
2892.391887086875,17178844.0
2892.393275993276,17128148.0
2892.3946649001423,17155458.0
2892.3960538065417,17176436.0
2892.3974427134076,17153494.0
2892.3988316198065,17137524.0
2892.400220526671,17153626.0
2892.401609433072,17159534.0
2892.402998339938,17163094.0
2892.4043872463376,17162774.0
2892.405776152738,17153458.0
2892.407165059603,17152554.0
2892.4085539660036,17177042.0
2892.40994287287,17166818.0
2892.411331779269,17173740.0
2892.412720685668,17158064.0
2892.414109592534,17150472.0
2892.415498498934,17189446.0
2892.4168874053344,17158450.0
2892.4182763122003,17171328.0
2892.4196652185997,17186390.0
2892.421054125,17165204.0
2892.4224430313993,17166914.0
2892.4238319382657,17203564.0
2892.4252208446655,17156592.0
2892.426609751065,17175014.0
2892.4279986574643,17158598.0
2892.42938756433,17168404.0
2892.4307764707305,17199488.0
2892.432165377131,17162250.0
2892.433554283531,17192662.0
2892.434943190396,17164258.0
2892.4363320967964,17188576.0
2892.4377210031957,17171040.0
2892.439109909596,17191986.0
2892.4404988159954,17172546.0
2892.4418877223957,17194572.0
2892.4432766292607,17183354.0
2892.444665535661,17190334.0
2892.4460544420613,17182558.0
2892.4474433484615,17191730.0
2892.448832254862,17182432.0
2892.450221161261,17196464.0
2892.4516100676606,17194504.0
2892.4529989740604,17182068.0
2892.454387880461,17185808.0
2892.4557767868605,17171748.0
2892.4571656937264,17195630.0
2892.458554600126,17198890.0
2892.4599435065265,17176436.0
2892.4613324129273,17195074.0
2892.4627213193266,17205508.0
2892.464110225726,17184426.0
2892.4654991321254,17200996.0
2892.4668880385248,17203456.0
2892.4682769449255,17183692.0
2892.469665851326,17202588.0
2892.4710547577256,17191622.0
2892.47244366366,17191160.0
2892.4738325700596,17221888.0
2892.4752214764603,17198918.0
2892.476610382861,17186950.0
2892.47799928926,17227718.0
2892.479388195659,17176130.0
2892.480777102059,17201224.0
2892.4821660084594,17218430.0
2892.4835549148597,17217870.0
2892.48494382126,17218412.0
2892.4863327271937,17201134.0
2892.487721633594,17198802.0
2892.4891105399934,17207158.0
2892.490499446394,17219644.0
2892.491888352794,17208304.0
2892.4932772591933,17193226.0
2892.494666165127,17209890.0
2892.4960550715273,17229020.0
2892.4974439779276,17214044.0
2892.498832884328,17219882.0
2892.500221790728,17211420.0
2892.501610696662,17206698.0
2892.502999603062,17229286.0
2892.5043885094615,17238346.0
2892.5057774158618,17198410.0
2892.5071663217955,17215994.0
2892.5085552281957,17218806.0
2892.509944134595,17210168.0
2892.5113330405297,17232456.0
2892.51272194693,17206736.0
2892.5141108533303,17227136.0
2892.515499759265,17218144.0
2892.5168886656643,17217146.0
2892.5182775720637,17243782.0
2892.519666477998,17211640.0
2892.5210553843986,17226604.0
2892.522444290798,17236712.0
2892.5238331967325,17231538.0
2892.525222103132,17219546.0
2892.526611009067,17219622.0
2892.5279999154677,17239506.0
2892.5293888214014,17252822.0
2892.530777727801,17214398.0
2892.5321666342,17245602.0
2892.533555540134,17231124.0
2892.5349444465346,17230154.0
2892.5363333524697,17249882.0
2892.537722258869,17217500.0
2892.5391111648037,17244914.0
2892.540500071203,17241990.0
2892.541888977138,17227704.0
2892.543277883539,17249334.0
2892.544666789472,17213240.0
2892.546055695871,17238764.0
2892.5474446018056,17269878.0
2892.5488335077403,17243042.0
2892.5502224141405,17244518.0
2892.551611320075,17255082.0
2892.5530002264745,17235226.0
2892.554389132409,17246274.0
2892.5557780388085,17256644.0
2892.5571669447436,17236456.0
2892.5585558506777,17260668.0
2892.559944757077,17249098.0
2892.561333663011,17236498.0
2892.5627225689454,17267586.0
2892.5641114753457,17256122.0
2892.5655003812803,17251458.0
2892.566889287215,17253544.0
2892.5682781936143,17244562.0
2892.569667099549,17225970.0
2892.5710560054827,17245024.0
2892.572444911883,17266460.0
2892.5738338178166,17258758.0
2892.5752227237513,17246120.0
2892.576611629685,17271090.0
2892.5780005360853,17229940.0
2892.57938944202,17267276.0
2892.5807783479545,17244052.0
2892.582167253889,17243948.0
2892.583556159823,17278354.0
2892.584945066222,17250920.0
2892.586333972156,17248622.0
2892.5877228780914,17284686.0
2892.589111784025,17241586.0
2892.5905006899598,17271822.0
2892.5918895958935,17266868.0
2892.593278502294,17241674.0
2892.5946674082293,17283028.0
2892.596056314163,17251934.0
2892.5974452200967,17259070.0
2892.5988341260295,17252422.0
2892.600223031965,17257466.0
2892.6016119378996,17272284.0
2892.6030008438343,17251416.0
2892.604389749768,17284972.0
2892.605778655702,17302980.0
2892.6071675616363,17260778.0
2892.6085564680366,17243886.0
2892.609945373972,17273078.0
2892.611334279905,17277886.0
2892.6127231858386,17237322.0
2892.6141120917723,17257598.0
2892.615500997708,17257512.0
2892.6168899036425,17262416.0
2892.618278809576,17261734.0
2892.619667715045,17271796.0
2892.621056620979,17249090.0
2892.6224455269144,17255304.0
2892.623834432849,17279292.0
2892.6252233387827,17255818.0
2892.6266122447155,17269164.0
2892.62800115065,17249028.0
2892.629390056584,17285062.0
2892.630778962519,17260028.0
2892.632167868454,17263174.0
2892.6335567743877,17276444.0
2892.6349456798566,17245898.0
2892.6363345857903,17267870.0
2892.637723491725,17265904.0
2892.6391123976587,17277576.0
2892.6405013035933,17267770.0
2892.641890209527,17262902.0
2892.643279114996,17272092.0
2892.6446680209306,17277414.0
2892.646056926865,17281800.0
2892.6474458328,17277932.0
2892.6488347387335,17264934.0
2892.6502236442025,17286794.0
2892.6516125501357,17250460.0
2892.65300145607,17301558.0
2892.6543903620045,17272710.0
2892.6557792674735,17272362.0
2892.657168173407,17277952.0
2892.658557079342,17277726.0
2892.6599459848107,17283128.0
2892.6613348907454,17248948.0
2892.66272379668,17287702.0
2892.6641127021476,17272792.0
2892.665501608081,17264252.0
2892.666890514016,17292026.0
2892.6682794194853,17260262.0
2892.669668325419,17278876.0
2892.6710572313536,17271284.0
2892.6724461368217,17283432.0
2892.6738350427563,17274268.0
2892.6752239482253,17279094.0
2892.67661285416,17286026.0
2892.678001759628,17281114.0
2892.6793906655616,17299162.0
2892.6807795714953,17283312.0
2892.6821684769648,17312062.0
2892.6835573829,17266402.0
2892.684946288368,17298656.0
2892.6863351943025,17276226.0
2892.6877240997705,17294524.0
2892.6891130057056,17273454.0
2892.690501911175,17298716.0
2892.6918908171083,17283168.0
2892.693279722576,17293248.0
2892.6946686285105,17313772.0
2892.6960575339795,17298852.0
2892.6974464394484,17273676.0
2892.698835345383,17283760.0
2892.700224250851,17327774.0
2892.7016131567857,17294712.0
2892.7030020622537,17300378.0
2892.7043909681884,17297420.0
2892.7057798736564,17272820.0
2892.7071687791254,17283334.0
2892.708557685059,17299178.0
2892.709946590528,17335518.0
2892.711335495997,17270064.0
2892.7127244019316,17300718.0
2892.7141133074006,17287042.0
2892.7155022128686,17291548.0
2892.7168911188032,17303534.0
2892.7182800242713,17302322.0
2892.7196689297402,17297954.0
2892.7210578352083,17296796.0
2892.722446741143,17312300.0
2892.723835646611,17303828.0
2892.72522455208,17308526.0
2892.7266134580145,17339564.0
2892.7280023634835,17283376.0
2892.7293912689524,17319182.0
2892.73078017442,17294906.0
2892.7321690798876,17327470.0
2892.7335579858227,17318622.0
2892.734946891292,17303568.0
2892.73633579676,17321154.0
2892.737724702229,17308382.0
2892.739113607697,17336602.0
2892.7405025131666,17298892.0
2892.7418914191016,17320748.0
2892.7432803245697,17330832.0
2892.7446692300377,17294496.0
2892.746058135506,17337768.0
2892.747447040974,17327746.0
2892.7488359464433,17325910.0
2892.7502248519127,17301252.0
2892.7516137573807,17346572.0
2892.7530026628497,17285060.0
2892.7543915683177,17320416.0
2892.755780473787,17324968.0
2892.7571693792565,17312496.0
2892.758558284724,17324376.0
2892.7599471901917,17347602.0
2892.7613360961263,17314128.0
2892.7627250015953,17345028.0
2892.7641139065986,17326786.0
2892.7655028120676,17305422.0
2892.7668917175356,17313408.0
2892.7682806230046,17330220.0
2892.7696695284735,17326466.0
2892.771058433942,17336806.0
2892.7724473394096,17297814.0
2892.7738362448786,17338242.0
2892.7752251503466,17323586.0
2892.7766140558156,17335314.0
2892.7780029612845,17314698.0
2892.7793918667535,17330466.0
2892.7807807722224,17333502.0
2892.782169677225,17321854.0
2892.783558582694,17341968.0
2892.784947488162,17306112.0
2892.786336393631,17314006.0
2892.787725299099,17339250.0
2892.789114204568,17323658.0
2892.79050310957,17305648.0
2892.7918920150396,17339408.0
2892.793280920509,17311020.0
2892.794669825977,17356852.0
2892.796058731446,17304794.0
2892.797447636448,17343190.0
2892.7988365419155,17341888.0
2892.800225447385,17334228.0
2892.8016143528544,17295592.0
2892.8030032578567,17349392.0
2892.8043921633257,17332834.0
2892.8057810687937,17338156.0
2892.8071699737975,17351924.0
2892.808558879267,17316794.0
2892.809947784735,17362242.0
2892.8113366897373,17320850.0
2892.8127255952054,17324024.0
2892.8141145006743,17351428.0
2892.8155034056776,17329552.0
2892.8168923111466,17347338.0
2892.8182812166147,17324404.0
2892.819670121618,17342824.0
2892.821059027087,17339904.0
2892.82244793209,17343346.0
2892.823836837559,17331212.0
2892.8252257430267,17341706.0
2892.8266146480287,17320068.0
2892.8280035534976,17320234.0
2892.829392458501,17353908.0
2892.83078136397,17345408.0
2892.832170268973,17309094.0
2892.8335591744412,17351600.0
2892.8349480794445,17330242.0
2892.8363369849135,17329272.0
2892.8377258899163,17336080.0
2892.839114795384,17344380.0
2892.840503700387,17346804.0
2892.8418926058553,17320076.0
2892.843281510859,17333780.0
2892.8446704163284,17334546.0
2892.846059321331,17323762.0
2892.8474482267998,17329210.0
2892.848837131802,17341038.0
2892.8502260368055,17337794.0
2892.8516149422735,17354078.0
2892.853003847277,17342014.0
2892.854392752745,17344024.0
2892.855781657748,17333432.0
2892.8571705627505,17357008.0
2892.85855946822,17315278.0
2892.8599483732237,17347626.0
2892.861337278226,17355100.0
2892.862726183695,17336880.0
2892.864115088697,17348980.0
2892.8655039937,17358954.0
2892.866892898703,17360576.0
2892.868281804172,17342844.0
2892.8696707091744,17351392.0
2892.8710596141777,17360292.0
2892.8724485196467,17300774.0
2892.87383742465,17344518.0
2892.8752263296533,17349012.0
2892.8766152346557,17352732.0
2892.878004139658,17360352.0
2892.879393045126,17349964.0
2892.8807819501294,17352876.0
2892.8821708551327,17355820.0
2892.883559760136,17363886.0
2892.8849486651384,17369198.0
2892.8863375706073,17357162.0
2892.8877264756106,17366150.0
2892.889115380614,17373830.0
2892.890504285617,17360410.0
2892.891893190619,17367888.0
2892.893282095621,17347424.0
2892.894671000625,17356986.0
2892.8960599056286,17375590.0
2892.897448810631,17378048.0
2892.8988377161,17381336.0
2892.9002266211023,17361826.0
2892.9016155261056,17389556.0
2892.903004431109,17365034.0
2892.9043933361118,17390150.0
2892.9057822411137,17353534.0
2892.907171146117,17389166.0
2892.9085600511194,17359782.0
2892.909948956123,17383280.0
2892.911337861127,17359734.0
2892.9127267661293,17371494.0
2892.9141156711325,17381644.0
2892.915504576135,17404356.0
2892.9168934811387,17361944.0
2892.9182823861415,17383748.0
2892.919671291144,17388992.0
2892.9210601956806,17382784.0
2892.922449100684,17400496.0
2892.9238380056872,17370346.0
2892.9252269106905,17393202.0
2892.926615815694,17373544.0
2892.928004720696,17393582.0
2892.9293936256995,17373964.0
2892.9307825307014,17394980.0
2892.9321714357043,17400980.0
2892.933560340242,17390988.0
2892.934949245245,17383954.0
2892.9363381502476,17378198.0
2892.937727055251,17395576.0
2892.939115960254,17379156.0
2892.940504864792,17398708.0
2892.941893769795,17399160.0
2892.9432826747975,17373334.0
2892.9446715798,17415028.0
2892.946060484337,17397726.0
2892.947449389341,17393902.0
2892.948838294343,17371682.0
2892.9502271993465,17394716.0
2892.951616103883,17372642.0
2892.953005008887,17409508.0
2892.9543939138907,17395514.0
2892.9557828184275,17406972.0
2892.95717172343,17401838.0
2892.958560628432,17388718.0
2892.959949532969,17415838.0
2892.9613384379727,17399950.0
2892.9627273429765,17422126.0
2892.964116247513,17387292.0
2892.9655051525165,17424336.0
2892.966894057519,17399284.0
2892.968282962057,17396154.0
2892.9696718670607,17402368.0
2892.971060771597,17424418.0
2892.972449676599,17377520.0
2892.973838581602,17419052.0
2892.97522748614,17392826.0
2892.976616391143,17411004.0
2892.9780052956808,17411890.0
2892.979394200683,17383060.0
2892.980783105221,17397482.0
2892.982172010223,17400052.0
2892.9835609147613,17390298.0
2892.984949819764,17414024.0
2892.986338724301,17418492.0
2892.987727629303,17409244.0
2892.989116533841,17391264.0
2892.990505438844,17412910.0
2892.991894343382,17395908.0
2892.9932832479194,17385730.0
2892.994672152922,17421978.0
2892.9960610574594,17402770.0
2892.997449962462,17395074.0
2892.9988388669994,17407660.0
2893.000227771536,17386700.0
2893.0016166765395,17411686.0
2893.003005581076,17413622.0
2893.0043944856143,17399448.0
2893.005783390618,17402782.0
2893.0071722951548,17396494.0
2893.0085611996924,17383206.0
2893.009950104695,17408228.0
2893.0113390092315,17389746.0
2893.0127279137687,17400518.0
2893.0141168187724,17394804.0
2893.015505723309,17427418.0
2893.016894627847,17389886.0
2893.018283532849,17407636.0
2893.0196724373873,17390466.0
2893.0210613419254,17429374.0
2893.022450246462,17369884.0
2893.023839150999,17398850.0
2893.025228056001,17403340.0
2893.026616960539,17411676.0
2893.0280058650765,17395094.0
2893.029394769614,17390332.0
2893.030783674151,17400278.0
2893.032172579154,17416538.0
2893.0335614836918,17411338.0
2893.0349503882294,17389212.0
2893.036339292767,17403674.0
2893.0377281973033,17412368.0
2893.0391171018396,17381890.0
2893.040506006377,17406542.0
2893.041894910915,17375798.0
2893.043283815918,17406308.0
2893.0446727204558,17379590.0
2893.0460616249925,17381780.0
2893.04745052953,17404456.0
2893.0488394340678,17394144.0
2893.0502283386054,17394314.0
2893.051617243142,17384666.0
2893.053006147679,17398550.0
2893.0543950522156,17402686.0
2893.0557839567537,17403310.0
2893.0571728612917,17409936.0
2893.0585617658285,17377554.0
2893.059950670366,17413698.0
2893.061339574903,17382340.0
2893.062728479441,17399866.0
2893.064117383978,17384478.0
2893.065506288515,17406558.0
2893.0668951930516,17387042.0
2893.068284097589,17410460.0
2893.0696730016602,17382808.0
2893.0710619061983,17395330.0
2893.0724508107364,17402724.0
2893.073839715273,17393228.0
2893.075228619811,17405324.0
2893.0766175243475,17398014.0
2893.078006428885,17403320.0
2893.079395333422,17421966.0
2893.080784237494,17387532.0
2893.0821731420306,17408232.0
2893.083562046568,17404488.0
2893.084950951106,17398632.0
2893.0863398556435,17389152.0
2893.0877287597154,17398306.0
2893.089117664252,17398232.0
2893.090506568789,17399034.0
2893.091895473326,17401612.0
2893.0932843773985,17394896.0
2893.0946732819352,17410760.0
2893.096062186473,17399642.0
2893.0974510910096,17392042.0
2893.0988399950816,17385734.0
2893.100228899619,17394546.0
2893.101617804157,17385272.0
2893.103006708229,17405306.0
2893.104395612765,17392948.0
2893.1057845173013,17386360.0
2893.107173421374,17420274.0
2893.108562325912,17378686.0
2893.1099512304486,17386472.0
2893.1113401345206,17399994.0
2893.1127290390573,17404392.0
2893.1141179431297,17385486.0
2893.115506847668,17407376.0
2893.1168957522045,17399238.0
2893.1182846562756,17400096.0
2893.1196735608123,17408790.0
2893.1210624648843,17414720.0
2893.122451369422,17392554.0
2893.123840273494,17373530.0
2893.1252291780306,17413924.0
2893.1266180821026,17403606.0
2893.1280069866393,17387882.0
2893.1293958907117,17384944.0
2893.130784795249,17424202.0
2893.13217369932,17379746.0
2893.1335626038567,17401684.0
2893.1349515079287,17418288.0
2893.1363404124663,17383602.0
2893.1377293165383,17408500.0
2893.139118221076,17403804.0
2893.140507125147,17404724.0
2893.1418960296846,17402294.0
2893.1432849337566,17414248.0
2893.144673837828,17377364.0
2893.1460627423644,17376956.0
2893.1474516464364,17382028.0
2893.1488405505074,17401062.0
2893.1502294550455,17413418.0
2893.151618359118,17397116.0
2893.153007263189,17380208.0
2893.1543961677266,17391482.0
2893.1557850717977,17410674.0
2893.157173975869,17385660.0
2893.158562880406,17411482.0
2893.1599517844784,17405932.0
2893.1613406885494,17366962.0
2893.162729593087,17400642.0
2893.164118497158,17382308.0
2893.1655074012306,17409500.0
2893.166896305303,17412018.0
2893.1682852098397,17397578.0
2893.1696741139117,17393640.0
2893.1710630179823,17407174.0
2893.172451922054,17391888.0
2893.173840826126,17411100.0
2893.1752297306634,17407514.0
2893.1766186347345,17407632.0
2893.1780075388065,17406756.0
2893.1793964428784,17396302.0
2893.1807853469504,17411510.0
2893.1821742510224,17377222.0
2893.1835631550935,17409512.0
2893.18495205963,17394744.0
2893.1863409637012,17414254.0
2893.187729867773,17386886.0
2893.189118771845,17407826.0
2893.190507675917,17379302.0
2893.191896579988,17427156.0
2893.19328548406,17395904.0
2893.194674388132,17400286.0
2893.196063292204,17406864.0
2893.197452196275,17427198.0
2893.1988411003463,17385220.0
2893.2002300044173,17413792.0
2893.2016189084898,17394926.0
2893.203007812562,17423832.0
2893.2043967166333,17415890.0
2893.2057856207052,17414862.0
2893.2071745247763,17410682.0
2893.2085634288487,17401784.0
2893.209952332921,17403210.0
2893.2113412369918,17383540.0
2893.2127301410624,17410404.0
2893.2141190451343,17429944.0
2893.2155079492063,17393222.0
2893.2168968532783,17405438.0
2893.2182857568846,17408924.0
2893.2196746609557,17414714.0
2893.2210635650276,17415582.0
2893.2224524690987,17402992.0
2893.2238413731707,17417676.0
2893.2252302772417,17389676.0
2893.2266191813137,17420326.0
2893.228008084919,17408030.0
2893.229396988991,17419998.0
2893.230785893063,17393488.0
2893.232174797135,17417462.0
2893.233563701207,17403634.0
2893.2349526048124,17398464.0
2893.2363415088844,17428108.0
2893.2377304129554,17411194.0
2893.2391193170274,17432102.0
2893.240508220633,17409004.0
2893.241897124705,17415640.0
2893.243286028776,17422788.0
2893.2446749328483,17416642.0
2893.246063836455,17418456.0
2893.247452740526,17424590.0
2893.248841644598,17423086.0
2893.2502305482035,17425166.0
2893.2516194522746,17401164.0
2893.253008356346,17428778.0
2893.254397259953,17432638.0
2893.255786164024,17409552.0
2893.25717506763,17425326.0
2893.2585639717013,17412340.0
2893.2599528757737,17418276.0
2893.2613417793805,17419524.0
2893.2627306834515,17419208.0
2893.264119587057,17394216.0
2893.265508491128,17429650.0
2893.2668973947343,17422732.0
2893.2682862988063,17434774.0
2893.2696752028783,17424568.0
2893.2710641064837,17406172.0
2893.2724530105556,17455256.0
2893.273841914162,17419064.0
2893.275230818234,17418262.0
2893.2766197218402,17442958.0
2893.278008625911,17409016.0
2893.279397529516,17427820.0
2893.280786433122,17402762.0
2893.282175337194,17438560.0
2893.2835642408004,17419502.0
2893.2849531448724,17407468.0
2893.2863420484778,17433144.0
2893.2877309525497,17445732.0
2893.289119856156,17431182.0
2893.290508759762,17427312.0
2893.2918976638325,17410122.0
2893.293286567439,17433730.0
2893.29467547151,17414940.0
2893.2960643751167,17433292.0
2893.2974532787234,17445942.0
2893.2988421827945,17444210.0
2893.300231086401,17410336.0
2893.301619990006,17432546.0
2893.303008893613,17431782.0
2893.3043977976845,17439456.0
2893.30578670129,17402736.0
2893.3071756048953,17438288.0
2893.3085645089673,17429878.0
2893.3099534125736,17450076.0
2893.31134231618,17435264.0
2893.312731219786,17423240.0
2893.3141201238573,17428410.0
2893.3155090274636,17419176.0
2893.316897931069,17434918.0
2893.3182868346753,17426468.0
2893.3196757382807,17432414.0
2893.3210646423527,17438126.0
2893.322453545958,17422482.0
2893.3238424495644,17446546.0
2893.3252313531707,17430782.0
2893.326620256777,17447718.0
2893.3280091603833,17441954.0
2893.3293980639887,17429062.0
2893.33078696806,17444934.0
2893.3321758716656,17398128.0
2893.3335647752724,17431074.0
2893.334953678878,17446294.0
2893.336342582484,17469032.0
2893.3377314860895,17439460.0
2893.3391203896963,17424740.0
2893.340509293303,17442490.0
2893.3418981969085,17433614.0
2893.3432871005148,17451228.0
2893.3446760041197,17451480.0
2893.3460649077247,17441878.0
2893.3474538113314,17439062.0
2893.348842714938,17452568.0
2893.3502316185436,17449894.0
2893.35162052215,17449142.0
2893.3530094257553,17432848.0
2893.354398329362,17450792.0
2893.355787232969,17426546.0
2893.357176136574,17468390.0
2893.3585650401787,17430400.0
2893.359953943785,17460752.0
2893.3613428473914,17454966.0
2893.362731750532,17426274.0
2893.3641206541383,17426072.0
2893.3655095577437,17472510.0
2893.36689846135,17439086.0
2893.3682873649564,17430902.0
2893.3696762685627,17464596.0
2893.371065172168,17455212.0
2893.372454075308,17451456.0
2893.373842978913,17479120.0
2893.37523188252,17453148.0
2893.3766207861268,17447352.0
2893.378009689732,17435884.0
2893.379398592873,17457154.0
2893.380787496478,17459050.0
2893.3821764000845,17454462.0
2893.383565303691,17461080.0
2893.384954206831,17458104.0
2893.386343110436,17453500.0
2893.3877320140423,17458298.0
2893.389120917182,17458060.0
2893.390509820789,17476390.0
2893.3918987243956,17465586.0
2893.393287628001,17438596.0
2893.3946765311416,17452104.0
2893.396065434747,17463570.0
2893.3974543383533,17453622.0
2893.398843241493,17479638.0
2893.4002321450994,17472078.0
2893.401621048239,17469850.0
2893.4030099518454,17462360.0
2893.4043988554517,17476230.0
2893.4057877585924,17459450.0
2893.4071766621987,17485768.0
2893.4085655653384,17460656.0
2893.4099544689448,17461054.0
2893.4113433720845,17473052.0
2893.412732275691,17465768.0
2893.414121179296,17479092.0
2893.415510082437,17437176.0
2893.4168989860423,17453120.0
2893.418287889183,17478274.0
2893.4196767927892,17457842.0
2893.42106569593,17455564.0
2893.422454599536,17442184.0
2893.4238435026755,17475842.0
2893.4252324058148,17439284.0
2893.4266213094215,17444984.0
2893.4280102125626,17471228.0
2893.429399116168,17427980.0
2893.4307880193087,17467780.0
2893.432176922914,17453218.0
2893.433565826055,17446154.0
2893.4349547291963,17471822.0
2893.4363436328017,17414394.0
2893.4377325359414,17436310.0
2893.439121439547,17456002.0
2893.4405103426875,17420394.0
2893.441899245828,17468712.0
2893.4432881494345,17403258.0
2893.444677052574,17435574.0
2893.446065955715,17438076.0
2893.4474548588555,17430346.0
2893.448843762462,17440406.0
2893.4502326656016,17422222.0
2893.4516215687413,17402852.0
2893.4530104723467,17422524.0
2893.4543993754874,17422692.0
2893.455788278628,17401946.0
2893.4571771817687,17416034.0
2893.458566085375,17409342.0
2893.4599549885147,17402918.0
2893.4613438916554,17391380.0
2893.462732794796,17395648.0
2893.464121697936,17403832.0
2893.465510601541,17377724.0
2893.466899504682,17368422.0
2893.4682884078215,17374802.0
2893.4696773109627,17376780.0
2893.4710662141038,17365720.0
2893.4724551172435,17363800.0
2893.473844020384,17366188.0
2893.475232923524,17337930.0
2893.4766218271307,17354486.0
2893.478010730271,17343782.0
2893.4793996334106,17330428.0
2893.4807885365503,17348300.0
2893.482177439691,17335054.0
2893.4835663428316,17318784.0
2893.4849552459723,17311190.0
2893.486344149113,17328964.0
2893.4877330522527,17312526.0
2893.4891219553933,17302470.0
2893.4905108585326,17311316.0
2893.491899761673,17303280.0
2893.4932886648135,17284196.0
2893.494677567954,17296096.0
2893.496066471094,17280104.0
2893.4974553742345,17312796.0
2893.498844277375,17283310.0
2893.500233180516,17268992.0
2893.5016220836565,17250290.0
2893.503010986796,17280044.0
2893.504399889936,17252888.0
2893.50578879261,17269720.0
2893.5071776957516,17233050.0
2893.5085665988913,17256444.0
2893.509955502032,17238476.0
2893.5113444051717,17242082.0
2893.512733308313,17227024.0
2893.514122211454,17238724.0
2893.515511114128,17220050.0
2893.5169000172677,17210354.0
2893.5182889204066,17236420.0
2893.519677823548,17173194.0
2893.521066726689,17203768.0
2893.522455629364,17174782.0
2893.5238445325035,17210502.0
2893.5252334356437,17186968.0
2893.526622338784,17175718.0
2893.528011241459,17170410.0
2893.5294001446005,17181490.0
2893.5307890477393,17157672.0
2893.532177950879,17163846.0
2893.533566853553,17148220.0
2893.5349557566947,17125396.0
2893.5363446598353,17164266.0
2893.5377335625094,17128604.0
2893.53912246565,17114562.0
2893.54051136879,17114462.0
2893.5419002714657,17144692.0
2893.5432891746063,17114320.0
2893.544678077746,17100574.0
2893.5460669804193,17130562.0
2893.54745588356,17090092.0
2893.548844786235,17095222.0
2893.5502336893755,17100316.0
2893.551622592516,17083368.0
2893.5530114951903,17090060.0
2893.554400398331,17072708.0
2893.555789301006,17086002.0
2893.5571782041466,17054728.0
2893.5585671068197,17059522.0
2893.5599560099604,17076850.0
2893.5613449126345,17061376.0
2893.562733815775,17050194.0
2893.56412271845,17056492.0
2893.5655116215908,17057510.0
2893.5669005242657,17043762.0
2893.5682894274055,17026792.0
2893.5696783300805,17029780.0
2893.57106723322,17052710.0
2893.572456135895,17024674.0
2893.573845039035,17045370.0
2893.57523394171,17030278.0
2893.576622844384,17029638.0
2893.578011747525,17011656.0
2893.5794006502006,17015660.0
2893.5807895533403,17014546.0
2893.5821784560153,17017002.0
2893.583567358689,16991664.0
2893.584956261829,17002514.0
2893.586345164504,17005432.0
2893.587734067179,16971400.0
2893.589122970319,16998688.0
2893.590511872994,16979582.0
2893.591900775669,16994184.0
2893.593289678344,16981036.0
2893.5946785814845,17014890.0
2893.5960674841585,16989984.0
2893.5974563868326,17008950.0
2893.598845289973,16988838.0
2893.6002341926483,16976518.0
2893.6016230953223,16978520.0
2893.6030119979973,17001742.0
2893.6044009006714,16962756.0
2893.605789803812,16981362.0
2893.607178706487,16997362.0
2893.608567609162,16984196.0
2893.609956511837,16985668.0
2893.6113454145107,16977928.0
2893.6127343171843,17004682.0
2893.6141232203254,16963062.0
2893.615512123001,16995128.0
2893.616901025675,16973882.0
2893.61828992835,16996206.0
2893.619678831024,16986008.0
2893.6210677336994,16980766.0
2893.622456636375,16983290.0
2893.6238455390485,17004052.0
2893.625234441722,16994576.0
2893.626623344397,16976056.0
2893.6280122475378,17000258.0
2893.6294011502127,17001376.0
2893.6307900528877,16997782.0
2893.632178955562,17003170.0
2893.633567858237,17004526.0
2893.634956760912,16989202.0
2893.636345663587,17002042.0
2893.637734566261,17014184.0
2893.639123468935,17007776.0
2893.6405123711434,17014650.0
2893.6419012738183,17022632.0
2893.6432901764933,17011416.0
2893.6446790791683,17042572.0
2893.6460679818433,17021028.0
2893.6474568845174,17034090.0
2893.6488457871924,17045618.0
2893.6502346898665,17034246.0
2893.6516235925415,17058106.0
2893.6530124952155,17037586.0
2893.6544013978905,17048450.0
2893.655790300099,17081090.0
2893.6571792027744,17050370.0
2893.65856810545,17072486.0
2893.659957008124,17064390.0
2893.661345910799,17070580.0
2893.662734813473,17067650.0
2893.6641237156823,17095460.0
2893.6655126183564,17065854.0
2893.6669015210314,17095512.0
2893.6682904237055,17104968.0
2893.669679325915,17070760.0
2893.67106822859,17109038.0
2893.6724571312648,17114654.0
2893.6738460339398,17118092.0
2893.675234936148,17108666.0
2893.676623838823,17131492.0
2893.6780127414972,17138084.0
2893.6794016437066,17139072.0
2893.6807905463806,17149024.0
2893.6821794490556,17140596.0
2893.683568351264,17155172.0
2893.684957253939,17145688.0
2893.686346156614,17170600.0
2893.6877350588234,17155492.0
2893.6891239614984,17173228.0
2893.690512864172,17182922.0
2893.69190176638,17180224.0
2893.6932906690554,17177788.0
2893.694679571265,17203280.0
2893.6960684739392,17198750.0
2893.6974573761486,17233766.0
2893.6988462788227,17214430.0
2893.700235181498,17224518.0
2893.701624083708,17220590.0
2893.703012986382,17214660.0
2893.7044018885904,17226256.0
2893.7057907912645,17205318.0
2893.707179693474,17239628.0
2893.708568596149,17259468.0
2893.709957498358,17257288.0
2893.711346401032,17252026.0
2893.7127353032415,17270588.0
2893.714124205451,17258088.0
2893.715513108126,17292918.0
2893.7169020103343,17274530.0
2893.7182909130083,17294020.0
2893.7196798152168,17276926.0
2893.7210687174265,17305838.0
2893.722457620102,17307238.0
2893.7238465223104,17319452.0
2893.7252354249854,17321150.0
2893.726624327194,17307334.0
2893.728013229403,17333130.0
2893.729402132078,17338248.0
2893.730791034287,17303408.0
2893.732179936495,17345582.0
2893.73356883917,17336736.0
2893.7349577413784,17338526.0
2893.736346643588,17345168.0
2893.737735545798,17347428.0
2893.739124448472,17352280.0
2893.7405133506813,17332232.0
2893.7419022528898,17341948.0
2893.7432911550995,17377660.0
2893.744680057774,17361760.0
2893.7460689599825,17380558.0
2893.747457862191,17391760.0
2893.7488467644002,17383088.0
2893.7502356670752,17395258.0
2893.7516245692846,17398068.0
2893.753013471494,17367862.0
2893.7544023737023,17395710.0
2893.7557912759116,17411722.0
2893.75718017812,17413236.0
2893.7585690803294,17398798.0
2893.7599579830035,17391326.0
2893.761346885213,17431182.0
2893.762735787421,17422930.0
2893.764124689631,17431226.0
2893.7655135918408,17430698.0
2893.766902494049,17430176.0
2893.7682913962585,17428762.0
2893.769680298467,17458158.0
2893.7710692006754,17424914.0
2893.7724581028842,17454018.0
2893.773847005094,17466356.0
2893.7752359073024,17425696.0
2893.7766248095118,17452156.0
2893.77801371172,17474896.0
2893.77940261393,17465284.0
2893.7807915161397,17469260.0
2893.782180418348,17441340.0
2893.7835693205566,17493960.0
2893.784958222765,17456642.0
2893.7863471249743,17480466.0
2893.7877360271837,17488402.0
2893.789124929393,17461950.0
2893.7905138316014,17495314.0
2893.7919027338107,17491648.0
2893.79329163602,17493838.0
2893.7946805382294,17469642.0
2893.796069439973,17502722.0
2893.797458342181,17476106.0
2893.798847244389,17479782.0
2893.8002361465988,17510570.0
2893.8016250488085,17523866.0
2893.803013951017,17490226.0
2893.8044028527606,17525696.0
2893.805791754969,17484814.0
2893.807180657179,17528832.0
2893.8085695593886,17535014.0
2893.809958461597,17545406.0
2893.81134736334,17537106.0
2893.812736265548,17525142.0
2893.8141251677566,17513020.0
2893.8155140699664,17547886.0
2893.8169029717105,17544224.0
2893.818291873919,17533522.0
2893.8196807761283,17548312.0
2893.821069677871,17540198.0
2893.822458580081,17548770.0
2893.8238474822897,17532158.0
2893.8252363840325,17541552.0
2893.826625286241,17559818.0
2893.82801418845,17551314.0
2893.829403090194,17566422.0
2893.830791992403,17530228.0
2893.8321808946125,17566258.0
2893.8335697963553,17554958.0
2893.8349586985646,17554782.0
2893.8363476003083,17559800.0
2893.837736502517,17535894.0
2893.839125404725,17564408.0
2893.840514306469,17579792.0
2893.841903208677,17577272.0
2893.8432921104213,17591416.0
2893.844681012631,17570612.0
2893.846069914374,17596532.0
2893.847458816583,17598638.0
2893.848847718326,17591548.0
2893.8502366205353,17605878.0
2893.851625522278,17609590.0
2893.8530144244874,17589966.0
2893.85440332623,17638086.0
2893.8557922284394,17590964.0
2893.857181130183,17602970.0
2893.8585700323924,17597938.0
2893.859958934136,17631694.0
2893.861347835879,17631408.0
2893.862736738088,17650468.0
2893.8641256398305,17626964.0
2893.8655145420394,17638828.0
2893.866903443783,17662558.0
2893.8682923455267,17634896.0
2893.869681247735,17665542.0
2893.871070149479,17667940.0
2893.8724590512224,17646254.0
2893.873847953432,17684530.0
2893.8752368551754,17672566.0
2893.876625756918,17693412.0
2893.8780146591266,17682976.0
2893.87940356087,17681338.0
2893.880792462614,17706996.0
2893.8821813643567,17702690.0
2893.883570266566,17660678.0
2893.884959168309,17696320.0
2893.886348070053,17729092.0
2893.887736971797,17726308.0
2893.8891258740055,17729642.0
2893.890514775748,17734478.0
2893.891903677491,17746962.0
2893.8932925792346,17733210.0
2893.8946814809783,17743544.0
2893.8960703831876,17765966.0
2893.8974592849304,17734126.0
2893.898848186674,17748778.0
2893.9002370884177,17748893.682758622
2893.9016259901614,17749009.36551724
2893.903014891905,17749125.048275862
2893.9044037936474,17749240.731034484
2893.9057926958553,17749356.413793102
2893.9071815975994,17749472.096551724
2893.9085704993436,17749587.779310346
2893.9099594010863,17749703.462068964
2893.91134830283,17749819.144827586
2893.9127372045727,17749934.827586208
2893.9141261063164,17750050.51034483
2893.91551500806,17750166.193103448
2893.9169039098033,17750281.87586207
2893.9182928115456,17750397.55862069
2893.9196817132893,17750513.24137931
2893.921070615032,17750628.92413793
2893.922459516776,17750744.606896553
2893.9238484185203,17750860.28965517
2893.925237320263,17750975.972413793
2893.9266262220067,17751091.655172415
2893.9280151237494,17751207.337931033
2893.9294040254936,17751323.020689655
2893.930792927237,17751438.703448277
2893.9321818289795,17751554.386206895
2893.9335707307223,17751670.068965517
2893.9349596320003,17751785.75172414
2893.936348533744,17751901.434482757
2893.9377374354876,17752017.11724138
2893.9391263372313,17752132.8
2893.940515238974,17752248.48275862
2893.9419041407177,17752364.16551724
2893.9432930424605,17752479.848275863
2893.9446819437385,17752595.531034485
2893.9460708454812,17752711.213793103
2893.947459747225,17752826.896551725
2893.9488486489677,17752942.579310346
2893.950237550712,17753058.262068965
2893.9516264519903,17753173.944827586
2893.953015353733,17753289.62758621
2893.9544042554767,17753405.310344826
2893.9557931572194,17753520.99310345
2893.9571820584974,17753636.67586207
2893.95857096024,17753752.35862069
2893.959959861984,17753868.04137931
2893.9613487637266,17753983.724137932
2893.9627376650046,17754099.40689655
2893.9641265667474,17754215.089655172
2893.9655154684915,17754330.772413794
2893.96690436977,17754446.455172412
2893.9682932715127,17754562.137931034
2893.9696821732564,17754677.820689656
2893.971071074533,17754793.503448278
2893.9724599762762,17754909.186206896
2893.97384887802,17755024.868965518
2893.975237779298,17755140.55172414
2893.9766266810407,17755256.234482758
2893.9780155823187,17755371.91724138
2893.9794044840623,17755487.6
2893.980793385806,17755603.28275862
2893.982182287084,17755718.96551724
2893.9835711888263,17755834.648275863
2893.984960090103,17755950.33103448
2893.986348991847,17756066.013793103
2893.9877378931255,17756181.696551725
2893.9891267948683,17756297.379310343
2893.9905156961463,17756413.062068965
2893.991904597889,17756528.744827587
2893.9932934991675,17756644.427586205
2893.9946824009116,17756760.110344827
2893.9960713021887,17756875.79310345
2893.9974602039315,17756991.475862067
2893.9988491052086,17757107.15862069
2894.0002380069523,17757222.84137931
2894.0016269082303,17757338.524137933
2894.003015809974,17757454.20689655
2894.004404711251,17757569.889655173
2894.005793612529,17757685.572413795
2894.0071825142727,17757801.255172413
2894.0085714155507,17757916.937931035
2894.0099603172935,17758032.620689657
2894.0113492185706,17758148.303448275
2894.0127381198477,17758263.986206897
2894.0141270215913,17758379.66896552
2894.0155159228693,17758495.351724137
2894.0169048241473,17758611.03448276
2894.018293725891,17758726.71724138
2894.019682627168,17758842.4
2894.021071528446,17758958.08275862
2894.022460429724,17759073.765517242
2894.0238493314673,17759189.44827586
2894.025238232744,17759305.131034482
2894.026627134022,17759420.813793104
2894.028016035299,17759536.496551722
2894.029404937043,17759652.179310344
2894.0307938383216,17759767.862068966
2894.0321827395987,17759883.544827588
2894.0335716408767,17759999.227586206
2894.0349605426195,17760114.910344828
2894.036349443898,17760230.59310345
2894.0377383451755,17760346.275862068
2894.0391272464526,17760461.95862069
2894.0405161477297,17760577.64137931
2894.0419050490077,17760693.32413793
2894.0432939507514,17760809.00689655
2894.0446828520294,17760924.689655174
2894.0460717533074,17761040.37241379
2894.0474606545845,17761156.055172414
2894.0488495558625,17761271.737931035
2894.0502384571396,17761387.420689654
2894.0516273584176,17761503.103448275
2894.0530162596947,17761618.786206897
2894.0544051609727,17761734.468965515
2894.05579406225,17761850.151724137
2894.0571829635282,17761965.83448276
2894.0585718648067,17762081.51724138
2894.0599607665495,17762197.2
2894.0613496678275,17762312.88275862
2894.0627385691046,17762428.565517243
2894.0641274703826,17762544.24827586
2894.0655163716597,17762659.931034483
2894.066905272472,17762775.613793105
2894.068294173749,17762891.296551723
2894.069683075027,17763006.979310345
2894.071071976304,17763122.662068967
2894.0724608775827,17763238.344827585
2894.073849778861,17763354.027586207
2894.075238680138,17763469.71034483
2894.0766275814153,17763585.393103447
2894.0780164826924,17763701.07586207
2894.0794053839704,17763816.75862069
2894.0807942852484,17763932.44137931
2894.0821831865264,17764048.12413793
2894.083572087338,17764163.806896552
2894.084960988616,17764279.48965517
2894.086349889894,17764395.172413792
2894.087738791172,17764510.855172414
2894.08912769245,17764626.537931036
2894.0905165937265,17764742.220689654
2894.0919054945375,17764857.903448276
2894.093294395816,17764973.586206898
2894.0946832970944,17765089.268965516
2894.0960721983715,17765204.951724138
2894.097461099184,17765320.63448276
2894.098850000461,17765436.317241378
2894.1002389017394,17765552.0
2894.101627803018,17784968.0
2894.1030167038293,17745606.0
2894.1044056051064,17777692.0
2894.1057945063835,17772918.0
2894.1071834076615,17728480.0
2894.108572308474,17735060.0
2894.109961209752,17779948.0
2894.111350111029,17719520.0
2894.1127390118413,17759230.0
2894.1141279131193,17702112.0
2894.1155168143973,17747460.0
2894.1169057152088,17730954.0
2894.118294616486,17726162.0
2894.1196835172973,17713578.0
2894.1210724185757,17704880.0
2894.122461319854,17731228.0
2894.1238502206656,17704246.0
2894.1252391219437,17715588.0
2894.126628022755,17700978.0
2894.1280169240335,17691628.0
2894.1294058248463,17702604.0
2894.130794726123,17688142.0
2894.132183626934,17689358.0
2894.133572528212,17689672.0
2894.1349614290234,17701548.0
2894.136350330302,17663854.0
2894.1377392311147,17661306.0
2894.1391281323918,17677462.0
2894.140517033204,17655300.0
2894.141905934481,17655320.0
2894.1432948352935,17666264.0
2894.1446837365706,17655864.0
2894.146072637383,17648574.0
2894.1474615381944,17653628.0
2894.1488504394724,17643866.0
2894.1502393402848,17676612.0
2894.151628241563,17653420.0
2894.153017142375,17649226.0
2894.1544060431866,17633508.0
2894.1557949444646,17652566.0
2894.157183845276,17669442.0
2894.1585727460883,17615976.0
2894.1599616473654,17628670.0
2894.161350548178,17650028.0
2894.162739448989,17623182.0
2894.1641283502677,17586888.0
2894.1655172510805,17621214.0
2894.166906151892,17599132.0
2894.16829505317,17643304.0
2894.1696839539813,17609594.0
2894.1710728547937,17626546.0
2894.172461755605,17600888.0
2894.1738506564175,17600250.0
2894.1752395576946,17619106.0
2894.176628458507,17603226.0
2894.1780173593193,17598588.0
2894.1794062601316,17617336.0
2894.180795160944,17590872.0
2894.182184062221,17589152.0
2894.1835729630325,17601036.0
2894.1849618638444,17612356.0
2894.186350764657,17620238.0
2894.1877396654686,17589218.0
2894.189128566281,17597648.0
2894.1905174670924,17568888.0
2894.191906368371,17584162.0
2894.1932952691836,17606872.0
2894.194684169995,17584880.0
2894.1960730708074,17584724.0
2894.1974619716184,17592460.0
2894.1988508724294,17548426.0
2894.200239773242,17610778.0
2894.201628674055,17551676.0
2894.2030175748664,17587864.0
2894.2044064756788,17573164.0
2894.20579537649,17573604.0
2894.207184277303,17564858.0
2894.208573178116,17566966.0
2894.2099620789268,17554746.0
2894.2113509797377,17592772.0
2894.21273988055,17564976.0
2894.2141287813624,17553556.0
2894.215517682175,17553450.0
2894.216906582987,17580812.0
2894.2182954837986,17517954.0
2894.219684384611,17564378.0
2894.2210732854232,17545270.0
2894.22246218577,17595284.0
2894.2238510865814,17581430.0
2894.225239987393,17565180.0
2894.2266288882042,17553504.0
2894.228017789017,17577912.0
2894.22940668983,17552278.0
2894.2307955906413,17564414.0
2894.232184490988,17555404.0
2894.2335733917994,17553428.0
2894.234962292612,17561828.0
2894.236351193425,17556202.0
2894.237740094236,17557530.0
2894.2391289945813,17557586.0
2894.2405178953936,17556530.0
2894.241906796206,17556748.0
2894.2432956970183,17554560.0
2894.244684597365,17566340.0
2894.2460734981764,17531868.0
2894.247462398989,17556300.0
2894.248851299801,17559380.0
2894.2502402001473,17549416.0
2894.2516291009583,17545876.0
2894.2530180017707,17552316.0
2894.2544069021164,17552742.0
2894.2557958029292,17547962.0
2894.257184703742,17547528.0
2894.258573604088,17520146.0
2894.2599625049,17535866.0
2894.261351405246,17537458.0
2894.2627403060583,17537466.0
2894.2641292068697,17544796.0
2894.2655181072164,17529866.0
2894.266907008028,17538968.0
2894.2682959083745,17556048.0
2894.269684809186,17536464.0
2894.2710737099987,17551996.0
2894.272462610346,17536940.0
2894.2738515111573,17542148.0
2894.275240411504,17548620.0
2894.276629312315,17564172.0
2894.278018212661,17560064.0
2894.2794071134736,17521452.0
2894.2807960138202,17540158.0
2894.2821849146317,17544992.0
2894.2835738149784,17531508.0
2894.2849627157907,17545042.0
2894.2863516161374,17559490.0
2894.287740516484,17543998.0
2894.2891294172955,17546382.0
2894.2905183176413,17512844.0
2894.291907218453,17522414.0
2894.2932961188003,17557142.0
2894.294685019146,17526952.0
2894.2960739199584,17567694.0
2894.297462820304,17502820.0
2894.298851721117,17574632.0
2894.300240621464,17546004.0
2894.30162952181,17535432.0
2894.3030184226222,17539384.0
2894.3044073229676,17536398.0
2894.305796223314,17528946.0
2894.307185124126,17547192.0
2894.308574024473,17535702.0
2894.3099629248186,17527190.0
2894.3113518251653,17541440.0
2894.3127407259776,17522360.0
2894.3141296263243,17522050.0
2894.315518526671,17543912.0
2894.3169074270163,17500586.0
2894.3182963278273,17518088.0
2894.3196852281744,17552930.0
2894.3210741285216,17520048.0
2894.3224630288673,17535054.0
2894.323851929214,17535188.0
2894.3252408300255,17515152.0
2894.3266297303726,17537372.0
2894.3280186307197,17522838.0
2894.3294075310655,17520988.0
2894.3307964314113,17549280.0
2894.332185331757,17507190.0
2894.3335742325694,17539186.0
2894.334963132916,17538166.0
2894.3363520332628,17535778.0
2894.3377409336085,17533430.0
2894.339129833955,17540142.0
2894.340518734301,17516844.0
2894.341907634648,17502920.0
2894.3432965349944,17538380.0
2894.34468543534,17517254.0
2894.346074335686,17521362.0
2894.3474632360326,17502554.0
2894.3488521363793,17499178.0
2894.350241036726,17524612.0
2894.3516299370726,17511268.0
2894.3530188374184,17511660.0
2894.354407737765,17526142.0
2894.3557966381118,17530926.0
2894.357185538458,17516000.0
2894.3585744388033,17525360.0
2894.35996333915,17532350.0
2894.361352239496,17504562.0
2894.362741139843,17506530.0
2894.36413004019,17534194.0
2894.365518940536,17512096.0
2894.3669078408825,17525528.0
2894.3682967407626,17506242.0
2894.3696856411098,17508518.0
2894.371074541456,17508402.0
2894.3724634418018,17489932.0
2894.3738523421475,17522284.0
2894.375241242494,17501038.0
2894.376630142841,17499706.0
2894.378019042722,17526086.0
2894.3794079430686,17533144.0
2894.3807968434144,17473116.0
2894.382185743761,17509502.0
2894.383574644107,17480596.0
2894.384963543988,17495872.0
2894.3863524443336,17498662.0
2894.3877413446803,17506436.0
2894.389130245026,17486390.0
2894.3905191449076,17492316.0
2894.3919080452547,17491622.0
2894.3932969456005,17486608.0
2894.3946858454815,17489610.0
2894.3960747458273,17508610.0
2894.397463646174,17493996.0
2894.3988525465197,17475928.0
2894.4002414464007,17502004.0
2894.4016303467465,17483722.0
2894.4030192466275,17469978.0
2894.404408146974,17494074.0
2894.405797047321,17490142.0
2894.407185947202,17464662.0
2894.4085748475477,17493354.0
2894.4099637478935,17443764.0
2894.411352647774,17487152.0
2894.412741548121,17443400.0
2894.4141304480013,17475928.0
2894.415519348348,17476410.0
2894.416908248228,17466082.0
2894.418297148575,17458878.0
2894.4196860489224,17474688.0
2894.4210749488025,17456598.0
2894.422463849149,17465718.0
2894.423852749029,17466164.0
2894.425241649374,17483712.0
2894.4266305492556,17460860.0
2894.4280194496027,17475062.0
2894.429408349483,17457352.0
2894.430797249364,17447640.0
2894.4321861497097,17458308.0
2894.433575049591,17456094.0
2894.4349639499383,17448938.0
2894.436352849818,17459004.0
2894.4377417501632,17442570.0
2894.4391306500443,17443818.0
2894.4405195499253,17458694.0
2894.441908450272,17477388.0
2894.443297350153,17455540.0
2894.444686250033,17419306.0
2894.44607515038,17457242.0
2894.447464050261,17468732.0
2894.4488529506075,17437016.0
2894.4502418504876,17441226.0
2894.4516307503677,17455986.0
2894.453019650248,17454984.0
2894.454408550595,17415426.0
2894.4557974504764,17454960.0
2894.4571863503566,17452358.0
2894.4585752507032,17411276.0
2894.4599641505833,17437500.0
2894.461353050465,17432330.0
2894.4627419503463,17460996.0
2894.4641308506916,17404500.0
2894.4655197505713,17452942.0
2894.4669086504523,17416022.0
2894.4682975503333,17472236.0
2894.4696864502143,17427500.0
2894.471075350561,17420586.0
2894.472464250441,17461706.0
2894.473853150322,17412252.0
2894.475242050203,17417748.0
2894.4766309500837,17424860.0
2894.4780198499634,17436168.0
2894.4794087498444,17426378.0
2894.48079765019,17414556.0
2894.4821865500717,17417430.0
2894.483575449953,17458674.0
2894.4849643498333,17421186.0
2894.4863532497143,17443594.0
2894.4877421495944,17372628.0
2894.489131049476,17472242.0
2894.4905199493564,17412212.0
2894.4919088492366,17451336.0
2894.4932977491167,17422342.0
2894.4946866489977,17443086.0
2894.4960755488787,17442550.0
2894.4974644487597,17423380.0
2894.4988533486408,17401426.0
2894.500242248521,17436906.0
2894.501631148402,17423126.0
2894.503020048282,17425874.0
2894.504408948163,17407088.0
2894.505797848043,17438888.0
2894.507186747924,17441870.0
2894.5085756478043,17431128.0
2894.5099645476857,17447072.0
2894.511353447567,17439080.0
2894.5127423474473,17425752.0
2894.5141312473284,17431374.0
2894.515520146743,17396406.0
2894.516909046624,17451874.0
2894.518297946504,17429088.0
2894.519686846385,17429338.0
2894.521075746265,17406744.0
2894.522464646146,17466374.0
2894.523853546026,17422238.0
2894.525242445442,17433988.0
2894.5266313453235,17439784.0
2894.5280202452036,17417846.0
2894.5294091450846,17463622.0
2894.530798044964,17408646.0
2894.532186944379,17419072.0
2894.53357584426,17430742.0
2894.5349647441412,17467304.0
2894.5363536440213,17425934.0
2894.5377425434367,17445132.0
2894.5391314433177,17437532.0
2894.5405203431988,17441760.0
2894.541909242614,17455610.0
2894.5432981424933,17420492.0
2894.5446870423734,17407128.0
2894.5460759422544,17449500.0
2894.5474648416707,17439498.0
2894.548853741551,17425210.0
2894.550242640966,17437978.0
2894.5516315408463,17437812.0
2894.5530204407273,17447550.0
2894.5544093401436,17425878.0
2894.5557982400237,17446346.0
2894.557187139904,17431372.0
2894.5585760393174,17441072.0
2894.5599649391993,17436522.0
2894.5613538386147,17454254.0
2894.562742738495,17378274.0
2894.56413163791,17454712.0
2894.5655205377902,17420368.0
2894.566909437672,17414764.0
2894.5682983370875,17435158.0
2894.5696872369676,17446514.0
2894.571076136381,17434258.0
2894.572465036262,17440250.0
2894.5738539356776,17443738.0
2894.5752428355586,17414586.0
2894.576631734974,17427040.0
2894.578020634854,17437198.0
2894.5794095342694,17414030.0
2894.580798433685,17451282.0
2894.5821873335667,17383450.0
2894.5835762329802,17435692.0
2894.5849651328604,17440934.0
2894.586354032275,17428068.0
2894.5877429321563,17435860.0
2894.589131831572,17412814.0
2894.5905207309866,17439178.0
2894.5919096308676,17437660.0
2894.593298530282,17419046.0
2894.594687429698,17376682.0
2894.5960763295793,17403420.0
2894.5974652289933,17411094.0
2894.5988541284073,17429072.0
2894.6002430282883,17400512.0
2894.6016319277037,17387202.0
2894.603020827119,17449936.0
2894.604409727,17385952.0
2894.6057986264145,17407882.0
2894.60718752583,17401388.0
2894.6085764252452,17406978.0
2894.609965325126,17398408.0
2894.61135422454,17372736.0
2894.612743123955,17399258.0
2894.6141320233696,17375106.0
2894.615520923251,17438436.0
2894.616909822667,17386928.0
2894.6182987220814,17394456.0
2894.6196876214967,17384618.0
2894.621076520911,17404116.0
2894.6224654207927,17406038.0
2894.6238543202076,17394706.0
2894.625243219622,17406728.0
2894.6266321190365,17383342.0
2894.628021018452,17398584.0
2894.629409917867,17373226.0
2894.6307988172825,17384856.0
2894.6321877171636,17387116.0
2894.633576616578,17382276.0
2894.6349655159934,17378654.0
2894.6363544154074,17372018.0
2894.6377433148223,17391532.0
2894.6391322142376,17373062.0
2894.640521113653,17344022.0
2894.6419100130674,17377016.0
2894.643298912483,17352148.0
2894.644687811898,17353366.0
2894.6460767113135,17372254.0
2894.647465610729,17347400.0
2894.6488545101433,17336286.0
2894.650243409558,17379450.0
2894.6516323089727,17364620.0
2894.6530212083885,17345254.0
2894.654410107803,17362044.0
2894.6557990072183,17341002.0
2894.6571879066328,17356572.0
2894.6585768060486,17367202.0
2894.6599657054644,17330008.0
2894.661354604879,17377274.0
2894.662743504294,17337336.0
2894.6641324032425,17338886.0
2894.6655213026575,17365558.0
2894.666910202073,17332340.0
2894.668299101488,17363872.0
2894.6696880009026,17341252.0
2894.671076900318,17349890.0
2894.6724657997333,17324356.0
2894.6738546991487,17347772.0
2894.6752435980984,17344872.0
2894.6766324975124,17370752.0
2894.679410296342,17355874.0
2894.680799195758,17343756.0
2894.682188094707,17332598.0
2894.683576994122,17360466.0
2894.6849658935366,17337668.0
2894.6863547929524,17323786.0
2894.6877436919026,17323302.0
2894.689132591317,17331718.0
2894.6905214907315,17329348.0
2894.691910390146,17344346.0
2894.6932992890956,17338412.0
2894.694688188511,17330370.0
2894.6960770879264,17333244.0
2894.697465986875,17330308.0
2894.6988548862905,17342824.0
2894.700243785706,17341476.0
2894.7016326846556,17330956.0
2894.70302158407,17330526.0
2894.7044104834845,17320598.0
2894.7057993824333,17333092.0
2894.707188281849,17330910.0
2894.708577181265,17322598.0
2894.7099660802137,17312348.0
2894.711354979629,17335628.0
2894.712743878578,17317148.0
2894.7141327779937,17331038.0
2894.715521676944,17313068.0
2894.716910576358,17317310.0
2894.718299475772,17324366.0
2894.7196883747215,17306282.0
2894.721077274137,17317838.0
2894.7224661730866,17319142.0
2894.723855072502,17307550.0
2894.7252439714507,17324152.0
2894.726632870866,17331944.0
2894.7280217698158,17309416.0
2894.729410669231,17345226.0
2894.73079956818,17337596.0
2894.7321884675944,17323144.0
2894.733577366543,17339790.0
2894.7349662654933,17315220.0
2894.736355164909,17328886.0
2894.737744063858,17328030.0
2894.7391329632733,17330222.0
2894.740521862222,17316718.0
2894.741910761638,17329116.0
2894.743299660587,17326396.0
2894.744688559536,17313124.0
2894.7460774589504,17311828.0
2894.7474663579,17330298.0
2894.7488552568498,17324430.0
2894.750244156265,17332552.0
2894.751633055215,17317008.0
2894.7530219541636,17331208.0
2894.754410853579,17303062.0
2894.7557997525287,17311796.0
2894.757188651478,17347422.0
2894.758577550892,17289996.0
2894.7599664498416,17323360.0
2894.7613553487904,17297260.0
2894.762744248206,17305914.0
2894.7641331471564,17309282.0
2894.765522046105,17302294.0
2894.766910945055,17361068.0
2894.7682998440036,17312238.0
2894.769688743419,17334848.0
2894.771077642368,17290728.0
2894.7724665413175,17310226.0
2894.7738554402663,17337548.0
2894.7752443396816,17310268.0
2894.7766332386313,17300312.0
2894.778022137581,17294454.0
2894.7794110365307,17289244.0
2894.7807999354795,17325806.0
2894.7821888344292,17276972.0
2894.783577733378,17283090.0
2894.7849666327934,17305130.0
2894.786355531742,17319718.0
2894.787744430692,17320536.0
2894.7891333296407,17289706.0
2894.790522228591,17318546.0
2894.791911127541,17326512.0
2894.7933000264898,17338202.0
2894.7946889254395,17308638.0
2894.7960778243882,17287882.0
2894.797466723337,17285696.0
2894.7988556222863,17303016.0
2894.8002445212364,17306596.0
2894.801633420651,17305574.0
2894.8030223196006,17297272.0
2894.8044112185494,17284940.0
2894.8058001174995,17331592.0
2894.8071890164497,17279248.0
2894.8085779153985,17276242.0
2894.8099668138816,17314142.0
2894.8113557128304,17312868.0
2894.81274461178,17297330.0
2894.81413351073,17287466.0
2894.8155224096795,17282602.0
2894.8169113086283,17288274.0
2894.818300207578,17282234.0
2894.8196891065277,17275848.0
2894.8210780054774,17297244.0
2894.822466904427,17288638.0
2894.8238558033754,17306644.0
2894.8252447023237,17274436.0
2894.826633601274,17304278.0
2894.8280224997584,17247574.0
2894.829411398707,17272492.0
2894.830800297657,17291450.0
2894.8321891966057,17280972.0
2894.833578095556,17290020.0
2894.834966994506,17276692.0
2894.8363558929886,17273664.0
2894.837744791937,17276688.0
2894.8391336908867,17252958.0
2894.8405225898364,17243272.0
2894.841911488786,17273706.0
2894.84330038727,17255908.0
2894.844689286219,17269704.0
2894.8460781851686,17241200.0
2894.8474670841183,17208526.0
2894.8488559826023,17233474.0
2894.850244881551,17191462.0
2894.8516337805,17205196.0
2894.853022678983,17192440.0
2894.854411577933,17157318.0
2894.8558004768834,17150676.0
2894.857189375832,17125460.0
2894.858578274316,17091768.0
2894.859967173265,17091502.0
2894.861356072215,17078610.0
2894.8627449706996,17064104.0
2894.864133869648,17018344.0
2894.8655227685963,17003992.0
2894.8669116670803,16985556.0
2894.86830056603,16952770.0
2894.869689464514,16937362.0
2894.8710783634638,16894880.0
2894.8724672624126,16886906.0
2894.8738561608966,16861590.0
2894.8752450598463,16819512.0
2894.87663395833,16767077.0
2894.878022857278,16759900.0
2894.8794117557622,16686182.0
2894.880800654711,16695490.0
2894.882189553661,16642364.0
2894.8835784521457,16634323.0
2894.8849673510945,16566811.0
2894.8863562495785,16524044.0
2894.8877451485273,16511398.0
2894.889134047012,16448923.0
2894.890522945961,16394003.0
2894.891911844444,16350603.0
2894.893300743393,16310409.0
2894.894689641877,16266711.0
2894.896078540361,16236232.0
2894.8974674393107,16171391.0
2894.8988563377948,16119042.0
2894.9002452367436,16076805.0
2894.9016341352276,16022358.0
2894.9030230341764,15985189.0
2894.9044119326604,15904754.0
2894.9058008311436,15870009.0
2894.9071897300933,15800032.0
2894.9085786285764,15749898.0
2894.9099675275265,15693219.0
2894.911356426011,15642389.0
2894.912745324494,15578426.0
2894.914134223444,15503312.0
2894.915523121927,15466956.0
2894.916912020411,15387642.0
2894.91830091936,15335538.0
2894.919689817844,15290632.0
2894.921078716327,15201418.0
2894.9224676152767,15146020.0
2894.9238565137607,15111034.0
2894.9252454122447,15011165.0
2894.926634310729,14951461.0
2894.9280232096776,14893576.0
2894.9294121081607,14828361.0
2894.9308010066443,14774143.0
2894.932189905129,14695856.0
2894.9335788040776,14631488.0
2894.9349677025616,14561064.0
2894.9363566010447,14501840.0
2894.9377454995292,14415712.0
2894.9391343984794,14364393.0
2894.9405232969625,14298566.0
2894.9419121954465,14214458.0
2894.943301093929,14168360.0
2894.944689992413,14090170.0
2894.946078890897,14013211.0
2894.9474677898465,13958453.0
2894.9488566883297,13891041.0
2894.9502455868137,13828244.0
2894.9516344852977,13748993.0
2894.953023383782,13682769.0
2894.954412282266,13602871.0
2894.955801180749,13547294.0
2894.957190079232,13466070.0
2894.9585789781813,13405552.0
2894.959967876666,13330838.0
2894.961356775149,13263265.0
2894.962745673633,13217456.0
2894.964134572116,13153393.0
2894.9655234706006,13066528.0
2894.966912369085,12990778.0
2894.968301267568,12924093.0
2894.9696901660514,12866303.0
2894.9710790645345,12801970.0
2894.9724679630185,12729706.0
2894.9738568615026,12666183.0
2894.9752457599866,12598551.0
2894.9766346584697,12531693.0
2894.9780235569538,12443302.0
2894.979412455438,12374094.0
2894.980801353922,12287118.0
2894.982190252406,12199390.0
2894.9835791508885,12123218.0
2894.984968049371,12042574.0
2894.9863569478557,11968543.0
2894.98774584634,11898535.0
2894.9891347448233,11812529.0
2894.9905236433074,11740741.0
2894.991912541325,11661009.0
2894.9933014398093,11587471.0
2894.994690338294,11514112.0
2894.9960792367765,11447735.0
2894.998857033743,11302776.0
2895.0002459322272,11230999.0
2895.0016348307113,11169401.0
2895.0030237287297,11103064.0
2895.004412627213,11033737.0
2895.005801525697,10971385.0
2895.007190424181,10912037.0
2895.008579322665,10848652.0
2895.009968221148,10792149.0
2895.0113571191655,10737584.0
2895.0127460176486,10683397.0
2895.014134916133,10631914.0
2895.0155238146176,10583165.0
2895.0169127131007,10530583.0
2895.018301611119,10480535.0
2895.0196905096022,10436372.0
2895.0210794080867,10391461.0
2895.022468306571,10348090.0
2895.0238572045882,10313740.0
2895.025246103071,10268132.0
2895.026635001555,10237474.0
2895.0280238995733,10204221.0
2895.0294127980574,10174150.0
2895.0308016965414,10148370.0
2895.0321905950245,10126477.0
2895.033579493043,10114268.0
2895.034968391527,10089345.0
2895.0363572900105,10061217.0
2895.0377461880275,10047013.0
2895.0391350865116,10041245.0
2895.0405239849947,10017715.0
2895.0419128830135,10013094.0
2895.043301781498,10010150.0
2895.0446906795155,10005406.0
2895.0460795779995,10005469.0
2895.0474684764827,10012334.0
2895.0488573745015,10018671.0
2895.050246272985,10029675.0
2895.0516351710025,10036295.0
2895.0530240694857,10051094.0
2895.0544129679697,10064096.0
2895.055801865988,10081595.0
2895.057190764472,10109457.0
2895.0585796624905,10131479.0
2895.0599685609736,10156867.0
2895.061357458992,10186052.0
2895.062746357475,10210976.0
2895.0641352554935,10242218.0
2895.0655241539766,10278771.0
2895.066913051995,10318253.0
2895.068301950478,10358791.0
2895.069690848497,10403609.0
2895.0710797469815,10447906.0
2895.072468644999,10488822.0
2895.073857543483,10537250.0
2895.0752464415004,10589559.0
2895.0766353399845,10637922.0
2895.078024238002,10693154.0
2895.079413136486,10751782.0
2895.0808020345034,10807735.0
2895.0821909329875,10862563.0
2895.083579831006,10932882.0
2895.0849687290242,10983003.0
2895.0863576275083,11053743.0
2895.0877465255257,11117679.0
2895.08913542401,11188800.0
2895.0905243220272,11252003.0
2895.0919132200456,11317371.0
2895.0933021185288,11392372.0
2895.094691016547,11459588.0
2895.0960799145646,11535100.0
2895.097468813049,11606369.0
2895.098857711068,11683717.0
2895.100246609551,11761197.0
2895.1016355075694,11838213.0
2895.1030244055864,11919111.0
2895.1044133036044,11990683.0
2895.1058022020884,12078451.0
2895.107191100107,12157879.0
2895.1085799981242,12238702.0
2895.1099688966083,12308989.0
2895.1113577946267,12402101.0
2895.112746692645,12482823.0
2895.114135591129,12569477.0
2895.1155244891465,12634673.0
2895.116913387164,12698012.0
2895.118302285182,12787228.0
2895.1196911836664,12843438.0
2895.121080081684,12894672.0
2895.1224689797023,12984548.0
2895.1238578777197,13061859.0
2895.1252467757386,13106140.0
2895.126635674223,13171414.0
2895.1280245722405,13242995.0
2895.129413470258,13306774.0
2895.1308023682755,13378989.0
2895.132191266294,13450135.0
2895.133580164778,13508275.0
2895.1349690627962,13573305.0
2895.1363579608137,13669502.0
2895.137746858832,13718206.0
2895.1391357568505,13796504.0
2895.140524654869,13856610.0
2895.141913553353,13936316.0
2895.14330245137,14003981.0
2895.144691349387,14069694.0
2895.1460802474057,14133456.0
2895.1474691454246,14214677.0
2895.148858043442,14274485.0
2895.1502469414604,14329714.0
2895.151635839478,14403789.0
2895.1530247374967,14460473.0
2895.154413635981,14536652.0
2895.1558025339987,14611790.0
2895.157191432016,14678997.0
2895.1585803300336,14743020.0
2895.159969228052,14805954.0
2895.1613581260704,14874745.0
2895.1627470240887,14946846.0
2895.164135922106,15010180.0
2895.1655248201246,15075129.0
2895.166913718143,15132098.0
2895.1683026161613,15180316.0
2895.169691514179,15281079.0
2895.1710804121963,15311620.0
2895.1738582082326,15457026.0
2895.1752471062514,15507402.0
2895.176636004269,15576123.0
2895.1780249022872,15629507.0
2895.1794138003047,15701024.0
2895.1808026983235,15746706.0
2895.1821915963424,15796910.0
2895.1835804943594,15847543.0
2895.1849693923764,15920501.0
2895.1863582903948,15973293.0
2895.187747188413,16025469.0
2895.1891360864315,16068023.0
2895.1905249839842,16124004.0
2895.1919138820017,16172509.0
2895.19330278002,16236228.0
2895.1946916780385,16268797.0
2895.1960805760564,16311978.0
2895.1974694740734,16371382.0
2895.1988583720918,16398512.0
2895.2002472701092,16450034.0
2895.201636168128,16481119.0
2895.2030250656812,16523558.0
2895.2044139636987,16562669.0
2895.205802861717,16580975.0
2895.2071917597345,16645974.0
2895.2085806577534,16684754.0
2895.2099695557713,16724162.0
2895.211358453323,16744438.0
2895.2127473513406,16769833.0
2895.214136249359,16797508.0
2895.2155251473773,16837670.0
2895.2169140453957,16868510.0
2895.218302943414,16900320.0
2895.219691840966,16944894.0
2895.2210807389843,16906332.0
2895.2224696370026,16997824.0
2895.2238585350206,16980616.0
2895.225247432572,16998002.0
2895.2266363305903,17042138.0
2895.2280252286077,17049378.0
2895.2294141266266,17102856.0
2895.2308030241797,17077898.0
2895.232191922197,17140524.0
2895.2335808202156,17140154.0
2895.234969718233,17182484.0
2895.236358615786,17151330.0
2895.2377475138032,17172010.0
2895.2391364118216,17204720.0
2895.240525309839,17216938.0
2895.241914207392,17196070.0
2895.24330310541,17233404.0
2895.2446920034286,17247658.0
2895.2460809009813,17241768.0
2895.2474697989987,17298524.0
2895.248858697017,17255862.0
2895.250247594569,17262684.0
2895.2516364925873,17258538.0
2895.2530253906048,17264322.0
2895.2544142881575,17290304.0
2895.255803186175,17263236.0
2895.257192084194,17247746.0
2895.258580981747,17298538.0
2895.2599698797644,17276208.0
2895.261358777783,17291960.0
2895.262747675334,17278848.0
2895.264136573352,17274236.0
2895.265525470905,17281036.0
2895.266914368923,17306818.0
2895.2683032669406,17276478.0
2895.2696921644933,17243292.0
2895.2710810625117,17289906.0
2895.2724699600644,17303890.0
2895.273858858083,17296274.0
2895.2752477561003,17289630.0
2895.276636653652,17285164.0
2895.27802555167,17302762.0
2895.279414449223,17265754.0
2895.2808033472406,17287350.0
2895.2821922447934,17317194.0
2895.283581142811,17295056.0
2895.284970040364,17303986.0
2895.286358938383,17302264.0
2895.2877478364003,17301806.0
2895.289136733953,17315468.0
2895.29052563197,17288632.0
2895.2919145295223,17310914.0
2895.2933034275406,17304014.0
2895.2946923250934,17345940.0
2895.296081223111,17280174.0
2895.2974701206635,17316778.0
2895.298859018682,17309754.0
2895.3002479162346,17323266.0
2895.301636814253,17332376.0
2895.3030257118044,17305606.0
2895.3044146098214,17276760.0
2895.3058035073745,17275442.0
2895.3071924049277,17323140.0
2895.308581302945,17336720.0
2895.309970200498,17305248.0
2895.3113590985154,17317370.0
2895.3127479960685,17327240.0
2895.3141368940874,17351168.0
2895.315525791639,17346580.0
2895.3169146896566,17323328.0
2895.3183035872084,17283236.0
2895.319692484761,17334612.0
2895.3210813827795,17335792.0
2895.3224702803323,17324220.0
2895.3238591783497,17305940.0
2895.3252480759024,17348198.0
2895.326636973455,17355142.0
2895.3280258714735,17309276.0
2895.3294147690253,17347874.0
2895.330803667043,17360694.0
2895.3321925645946,17322700.0
2895.333581462148,17359734.0
2895.3349703601666,17340950.0
2895.3363592577184,17354062.0
2895.337748155271,17326166.0
2895.3391370532886,17359864.0
2895.3405259508418,17356048.0
2895.3419148488606,17348020.0
2895.343303746412,17364466.0
2895.3446926439633,17327062.0
2895.3460815419817,17340076.0
2895.3474704395344,17391442.0
2895.348859337087,17337162.0
2895.3502482351055,17341334.0
2895.3516371326573,17401372.0
2895.35302603021,17321956.0
2895.3544149282284,17351940.0
2895.355803825781,17372378.0
2895.357192723333,17352438.0
2895.3585816208847,17369290.0
2895.359970518903,17340516.0
2895.361359416456,17402644.0
2895.3627483140085,17385104.0
2895.364137212026,17386988.0
2895.3655261095787,17363878.0
2895.3669150071314,17352234.0
2895.368303904684,17394744.0
2895.3696928027016,17390386.0
2895.3710817002534,17411536.0
2895.372470597805,17386010.0
2895.3738594953584,17371232.0
2895.375248393377,17388682.0
2895.376637290929,17402284.0
2895.3780261884817,17397136.0
2895.3794150860335,17379270.0
2895.3808039840524,17396054.0
2895.3821928816055,17382202.0
2895.383581779157,17392728.0
2895.3849706767082,17403208.0
2895.3863595747266,17401530.0
2895.3877484722793,17410792.0
2895.389137369832,17392844.0
2895.3905262673848,17397870.0
2895.391915165402,17392010.0
2895.393304062955,17390960.0
2895.3946929605077,17417208.0
2895.39608185806,17399638.0
2895.3974707556113,17425632.0
2895.3988596536296,17397272.0
2895.4002485511814,17424952.0
2895.4016374487346,17411012.0
2895.403026346288,17418632.0
2895.4044152438396,17420730.0
2895.4058041413923,17399056.0
2895.40719303941,17403972.0
2895.408581936963,17422670.0
2895.409970834515,17418958.0
2895.411359732067,17443614.0
2895.412748629619,17404920.0
2895.4141375271715,17430008.0
2895.41552642519,17423114.0
2895.4169153227426,17458112.0
2895.4183042202953,17427880.0
2895.419693117847,17406774.0
2895.4210820154,17447004.0
2895.4224709129517,17403140.0
2895.4238598105044,17451878.0
2895.425248708522,17444038.0
2895.4266376060746,17440958.0
2895.4280265036264,17440948.0
2895.4294154011795,17419904.0
2895.4308042987327,17429990.0
2895.4321931962845,17441762.0
2895.4335820938372,17454306.0
2895.434970991389,17446930.0
2895.4363598894074,17421708.0
2895.437748786959,17454354.0
2895.439137684512,17426774.0
2895.4405265820637,17424470.0
2895.4419154796165,17469152.0
2895.443304377169,17478724.0
2895.444693274722,17419480.0
2895.4460821722746,17422414.0
2895.4474710698264,17443474.0
2895.448859967379,17452102.0
2895.450248864931,17456044.0
2895.4516377629493,17436600.0
2895.453026660501,17475956.0
2895.454415558054,17471970.0
2895.4558044556056,17444524.0
2895.457193353159,17492206.0
2895.458582250712,17446430.0
2895.459971148264,17451646.0
2895.4613600458165,17478184.0
2895.462748943368,17463034.0
2895.46413784092,17434220.0
2895.465526738473,17456576.0
2895.4669156360255,17463250.0
2895.4683045335773,17450748.0
2895.46969343113,17457516.0
2895.4710823286828,17418806.0
2895.4724712262355,17469628.0
2895.473860124254,17461988.0
2895.4752490218057,17459392.0
2895.4766379193575,17450326.0
2895.4780268169097,17444308.0
2895.479415714463,17437686.0
2895.4808046120147,17491068.0
2895.4821935095674,17426558.0
2895.4835824071192,17463412.0
2895.4849713046724,17466354.0
2895.4863602022256,17472200.0
2895.4877490997774,17470258.0
2895.489137997329,17432952.0
2895.490526894881,17453910.0
2895.4919157924337,17466568.0
2895.4933046899864,17435606.0
2895.494693587539,17410152.0
2895.496082485091,17483332.0
2895.4974713826437,17470304.0
2895.4988602801964,17433584.0
2895.500249177749,17416074.0
2895.501638075302,17463796.0
2895.503026972853,17446196.0
2895.5044158704045,17456676.0
2895.5058047679577,17488438.0
2895.507193665511,17450822.0
2895.5085825630626,17445564.0
2895.5099714606154,17472608.0
2895.511360358167,17449868.0
2895.5127492557203,17439300.0
2895.5141381532735,17459338.0
2895.5155270508253,17440526.0
2895.516915948377,17459842.0
2895.518304845929,17495644.0
2895.5196937434816,17436526.0
2895.5210826410344,17474844.0
2895.522471538587,17438794.0
2895.523860436139,17445396.0
2895.525249333692,17488828.0
2895.526638231245,17435260.0
2895.528027128797,17449224.0
2895.529416026349,17458592.0
2895.5308049239006,17445066.0
2895.5321938214533,17473768.0
2895.533582719006,17394734.0
2895.534971616559,17452716.0
2895.5363605141106,17444986.0
2895.5377494116633,17438624.0
2895.539138309216,17426516.0
2895.5405272067687,17421744.0
2895.5419161043214,17460188.0
2895.543305001407,17450712.0
2895.5446938989585,17444418.0
2895.5460827965117,17456292.0
2895.547471694065,17440662.0
2895.5488605916166,17472828.0
2895.5502494891693,17443706.0
2895.551638386721,17423328.0
2895.5530272842743,17444516.0
2895.5544161818275,17439280.0
2895.555805079379,17437816.0
2895.55719397693,17430320.0
2895.558582874483,17454972.0
2895.5599717720356,17426946.0
2895.5613606695883,17462518.0
2895.562749567141,17419408.0
2895.564138464693,17421714.0
2895.5655273622456,17458756.0
2895.5669162597983,17431170.0
2895.568305157351,17428872.0
2895.569694054903,17448536.0
2895.5710829524546,17454958.0
2895.5724718500064,17424810.0
2895.5738607475596,17458476.0
2895.5752496451128,17416158.0
2895.5766385426646,17421000.0
2895.5780274402173,17464398.0
2895.5794163373034,17448146.0
2895.5808052348566,17427450.0
2895.5821941324098,17437924.0
2895.583583029961,17443352.0
2895.5849719275125,17430728.0
2895.586360825065,17456738.0
2895.587749722618,17449216.0
2895.5891386201706,17427432.0
2895.5905275177233,17440126.0
2895.591916415275,17423156.0
2895.593305312828,17436568.0
2895.5946942103806,17464178.0
2895.596083107933,17431692.0
2895.597472005484,17433042.0
2895.598860903037,17454048.0
2895.6002498005887,17444674.0
2895.601638698142,17437200.0
2895.603027595695,17455772.0
2895.604416493247,17445532.0
2895.6058053907996,17455704.0
2895.6071942883514,17432404.0
2895.6085831859045,17466328.0
2895.609972083457,17427838.0
2895.6113609810086,17475226.0
2895.6127498780947,17452444.0
2895.6141387756475,17444362.0
2895.6155276732,17424680.0
2895.616916570753,17468150.0
2895.6183054683056,17427040.0
2895.6196943658574,17450172.0
2895.62108326341,17439284.0
2895.622472160962,17440224.0
2895.6238610585146,17424722.0
2895.6252499560665,17466644.0
2895.626638853619,17462214.0
2895.628027751171,17432140.0
2895.629416648724,17443612.0
2895.6308055462773,17467058.0
2895.632194443829,17445842.0
2895.633583341382,17457128.0
2895.6349722389336,17443138.0
2895.6363611364864,17463668.0
2895.637750034038,17433768.0
2895.639138931591,17452162.0
2895.6405278291427,17444386.0
2895.641916726696,17441324.0
2895.643305624249,17427218.0
2895.644694521801,17442168.0
2895.6460834193535,17466778.0
2895.6474723169054,17446712.0
2895.6488612144585,17444710.0
2895.650250112011,17445434.0
2895.6516390095626,17431590.0
2895.6530279071144,17444756.0
2895.654416804667,17448980.0
2895.65580570222,17464976.0
2895.6571945997725,17452064.0
2895.6585834973253,17487302.0
2895.659972394877,17461024.0
2895.66136129243,17464718.0
2895.6627501899816,17471650.0
2895.6641390875343,17440858.0
2895.665527985086,17453894.0
2895.666916882639,17461684.0
2895.6683057801906,17450006.0
2895.669694677744,17482352.0
2895.671083575297,17458246.0
2895.6724724728488,17460584.0
2895.6738613704015,17463532.0
2895.6752502679533,17484390.0
2895.676639165506,17461326.0
2895.678028063058,17477252.0
2895.6794169606105,17462006.0
2895.6808058581623,17471478.0
2895.682194755715,17413936.0
2895.6835836532678,17456084.0
2895.6849725508205,17498978.0
2895.686361448373,17459140.0
2895.687750345925,17450558.0
2895.6891392439425,17444954.0
2895.6905281414947,17491272.0
2895.691917039048,17437434.0
2895.6933059365997,17485168.0
2895.6946948341524,17424212.0
2895.696083731704,17510078.0
2895.6974726292574,17457128.0
2895.6988615268106,17444470.0
2895.7002504243624,17499656.0
2895.701639321915,17485178.0
2895.7030282194664,17450010.0
2895.7044171170187,17505914.0
2895.7058060145714,17500948.0
2895.707194912124,17487564.0
2895.7085838101416,17472706.0
2895.7099727076943,17470682.0
2895.711361605247,17490470.0
2895.7127505027997,17433252.0
2895.7141394003525,17468184.0
2895.7155282979043,17493240.0
2895.716917195456,17477764.0
2895.718306093008,17509928.0
2895.7196949905615,17481816.0
2895.7210838881133,17495092.0
2895.7224727861317,17484660.0
2895.7238616836835,17499378.0
2895.7252505812367,17511342.0
2895.72663947879,17492718.0
2895.7280283763416,17487396.0
2895.7294172738934,17536796.0
2895.7308061714443,17520058.0
2895.7321950694636,17486508.0
2895.7335839670163,17516970.0
2895.734972864569,17524624.0
2895.736361762121,17482852.0
2895.737750659674,17542062.0
2895.739139557227,17511054.0
2895.740528454779,17533680.0
2895.7419173527974,17497718.0
2895.7433062503483,17555640.0
2895.744695147901,17504848.0
2895.7460840454537,17520448.0
2895.747472943006,17521578.0
2895.748861841024,17521004.0
2895.7502507385757,17539508.0
2895.7516396361293,17527500.0
2895.753028533682,17548044.0
2895.7544174312347,17552146.0
2895.7558063292513,17530250.0
2895.757195226803,17539318.0
2895.758584124356,17543638.0
2895.7599730219085,17533672.0
2895.7613619194613,17546656.0
2895.7627508174787,17560130.0
2895.7641397150314,17502018.0
2895.765528612584,17546044.0
2895.766917510138,17542200.0
2895.7683064081552,17561596.0
2895.769695305707,17582764.0
2895.771084203258,17543276.0
2895.772473100811,17589634.0
2895.77386199883,17564632.0
2895.7752508963817,17533294.0
2895.7766397939345,17588134.0
2895.778028691952,17555636.0
2895.779417589505,17545432.0
2895.7808064870583,17608908.0
2895.78219538461,17559284.0
2895.7835842826275,17544960.0
2895.7849731801793,17567514.0
2895.786362077732,17557128.0
2895.7877509757504,17566118.0
2895.789139873303,17566090.0
2895.790528770855,17573570.0
2895.7919176688733,17560336.0
2895.793306566426,17590358.0
2895.7946954639788,17586414.0
2895.7960843619962,17555580.0
2895.797473259548,17613772.0
2895.7988621571,17560716.0
2895.8002510551187,17574290.0
2895.801639952672,17595228.0
2895.8030288502237,17564492.0
2895.804417748242,17578860.0
2895.805806645794,17608518.0
2895.8071955438127,17581370.0
2895.808584441366,17567542.0
2895.809973338917,17609574.0
2895.811362236934,17574986.0
2895.812751134487,17558174.0
2895.8141400325053,17588624.0
2895.815528930058,17573804.0
2895.8169178280764,17603516.0
2895.818306725628,17588934.0
2895.8196956231814,17587148.0
2895.8210845212,17580370.0
2895.8224734187515,17594260.0
2895.8238623167686,17589140.0
2895.8252512143213,17592138.0
2895.8266401123396,17585078.0
2895.8280290098924,17605036.0
2895.8294179079107,17537380.0
2895.8308068054625,17591610.0
2895.832195703481,17562972.0
2895.8335846010336,17569134.0
2895.834973499052,17584100.0
2895.836362396604,17579586.0
2895.8377512946213,17565054.0
2895.839140192173,17532980.0
2895.840529090192,17568340.0
2895.841917987745,17579354.0
2895.8433068857626,17581738.0
2895.8446957833153,17525150.0
2895.8460846813327,17568770.0
2895.8474735793516,17569418.0
2895.8488624769047,17567904.0
2895.8502513749218,17575730.0
2895.851640272473,17562866.0
2895.8530291704915,17560100.0
2895.85441806851,17538750.0
2895.8558069660626,17537116.0
2895.857195864081,17545484.0
2895.8585847616328,17561514.0
2895.859973659651,17532192.0
2895.8613625576695,17527046.0
2895.8627514552218,17539266.0
2895.864140353239,17527644.0
2895.865529251257,17531862.0
2895.866918148809,17518052.0
2895.868307046828,17491878.0
2895.8696959448466,17535936.0
2895.8710848423984,17540814.0
2895.872473740417,17518092.0
2895.8738626384343,17529956.0
2895.8752515359874,17516818.0
2895.8766404340054,17489254.0
2895.878029332023,17505688.0
2895.8794182300403,17515690.0
2895.880807127593,17496788.0
2895.8821960256114,17519978.0
2895.8835849236298,17484960.0
2895.884973821648,17517662.0
2895.8863627192,17500402.0
2895.8877516172183,17492584.0
2895.889140515236,17488026.0
2895.890529413254,17493402.0
2895.8919183112716,17496320.0
2895.8933072088244,17500504.0
2895.894696106842,17518994.0
2895.8960850048607,17488786.0
2895.8974739028795,17503156.0
2895.898862800897,17467074.0
2895.9002516989153,17479404.0
2895.901640596468,17477166.0
2895.903029494486,17481306.0
2895.904418392503,17482394.0
2895.9058072905214,17477764.0
2895.907196188539,17479032.0
2895.9085850865577,17492138.0
2895.9099739845765,17479100.0
2895.911362882594,17471298.0
2895.9127517806123,17444336.0
2895.914140678164,17502236.0
2895.9155295761825,17458996.0
2895.9169184742,17484358.0
2895.9183073722184,17474242.0
2895.919696270236,17452864.0
2895.921085168254,17469998.0
2895.9224740662726,17453768.0
2895.923862964291,17485564.0
2895.9252518623093,17435974.0
2895.926640760327,17508600.0
2895.928029658345,17436888.0
2895.9294185563626,17471042.0
2895.930807454381,17467300.0
2895.9321963523985,17471006.0
2895.933585250417,17438798.0
2895.9349741484343,17480768.0
2895.936363046919,17446878.0
2895.9377519449376,17458004.0
2895.939140842955,17469148.0
2895.9405297409735,17478240.0
2895.941918638991,17465042.0
2895.9433075370093,17452768.0
2895.944696435027,17487094.0
2895.946085333045,17458398.0
2895.9474742310626,17482932.0
2895.9488631295467,17484328.0
2895.950252027565,17478056.0
2895.9516409255834,17449992.0
2895.953029823602,17467718.0
2895.9544187216193,17478150.0
2895.9558076196367,17457536.0
2895.9571965181203,17481508.0
2895.958585416139,17449352.0
2895.9599743141566,17479048.0
2895.961363212175,17474764.0
2895.962752110658,17476084.0
2895.964141008677,17466292.0
2895.965529906696,17471894.0
2895.9669188047133,17462070.0
2895.9683077031973,17491904.0
2895.9696966012148,17487160.0
2895.971085499233,17484548.0
2895.9724743977163,17467614.0
2895.9738632957346,17490228.0
2895.975252193752,17451750.0
2895.9766410922366,17506398.0
2895.9780299902554,17464146.0
2895.979418888273,17475206.0
2895.980807786757,17469882.0
2895.982196684774,17474870.0
2895.9835855832575,17466316.0
2895.984974481276,17476814.0
2895.9863633792943,17456212.0
2895.9877522777774,17470396.0
2895.989141175796,17481438.0
2895.99053007428,17455108.0
2895.991918972298,17480642.0
2895.9933078707822,17459964.0
2895.9946967687997,17485080.0
2895.996085667283,17438514.0
2895.9974745653008,17450846.0
2895.9988634637853,17455336.0
2896.0002523618027,17497066.0
2896.0016412602868,17414960.0
2896.003030158304,17468332.0
2896.0044190567887,17442666.0
2896.0058079548076,17464596.0
2896.0071968532907,17443972.0
2896.0085857517747,17405248.0
2896.0099746497917,17447444.0
2896.0113635482753,17432914.0
2896.0127524462937,17440174.0
2896.0141413447777,17436156.0
2896.015530243261,17396732.0
2896.0169191412792,17397680.0
2896.0183080397633,17425888.0
2896.0196969382473,17388468.0
2896.0210858362657,17407122.0
2896.0224747347484,17399426.0
2896.023863633231,17380638.0
2896.02525253125,17373318.0
2896.0266414297344,17384592.0
2896.0280303282175,17369756.0
2896.0294192267015,17379146.0
2896.03080812472,17330652.0
2896.032197023204,17350134.0
2896.033585921688,17339862.0
2896.034974820171,17336612.0
2896.0363637186542,17294232.0
2896.037752616672,17361842.0
2896.0391415151566,17279602.0
2896.0405304136398,17295452.0
2896.041919312124,17313166.0
2896.043308210607,17282068.0
2896.0446971090914,17264310.0
2896.046086007576,17311980.0
2896.047474906059,17250906.0
2896.0488638040765,17280322.0
2896.0502527025596,17249390.0
2896.0516416010437,17260444.0
2896.0530304995277,17219260.0
2896.0544193980118,17239482.0
2896.055808296495,17232040.0
2896.057197194979,17209512.0
2896.058586093463,17191048.0
2896.059974991947,17208452.0
2896.276643231776,17092856.0
2896.27803213119,17091498.0
2896.279421030605,17088546.0
2896.2808099304852,17091120.0
2896.282198829901,17094200.0
2896.283587729317,17107084.0
2896.2849766287313,17083828.0
2896.2863655286124,17095326.0
2896.287754428027,17090092.0
2896.289143327442,17108766.0
2896.2905322268566,17091614.0
2896.2919211267376,17100408.0
2896.293310026152,17102546.0
2896.2946989255674,17097552.0
2896.2960878254485,17102180.0
2896.297476724864,17103218.0
2896.298865624279,17096438.0
2896.3002545241593,17105392.0
2896.301643423575,17098308.0
2896.3030323234557,17106340.0
2896.30442122287,17093634.0
2896.3058101227502,17109886.0
2896.3071990221656,17106584.0
2896.3085879220466,17107028.0
2896.309976821462,17093730.0
2896.311365721343,17095360.0
2896.3127546207575,17098040.0
2896.3141435206385,17097272.0
2896.315532420053,17090766.0
2896.316921319934,17090082.0
2896.3183102193484,17090634.0
2896.3196991192294,17078418.0
2896.3210880191095,17085046.0
2896.3224769185254,17083728.0
2896.323865818407,17083490.0
2896.325254718287,17076712.0
2896.3266436177023,17076542.0
2896.3280325175824,17083770.0
2896.3294214174634,17067356.0
2896.330810316878,17077438.0
2896.332199216759,17074572.0
2896.333588116639,17052674.0
2896.33497701652,17059620.0
2896.3363659159354,17067638.0
2896.3377548158164,17043930.0
2896.3391437156974,17057756.0
2896.3405326155776,17046638.0
2896.3419215154586,17040166.0
2896.3433104153387,17053668.0
2896.344699314754,17023950.0
2896.346088214634,17035866.0
2896.347477114515,17026530.0
2896.348866014396,17024516.0
2896.3502549142772,17016700.0
2896.3516438141583,17033610.0
2896.3530327140384,16999250.0
2896.3544216139194,17009304.0
2896.3558105137995,17005296.0
2896.3571994136805,16997028.0
2896.3585883135606,17011420.0
2896.3599772134417,16980312.0
2896.3613661133218,16998146.0
2896.3627550132032,16983140.0
2896.3641439130847,16977546.0
2896.365532812965,16976248.0
2896.366921712846,16960798.0
2896.368310612726,16961150.0
2896.3696995130726,16968848.0
2896.3710884129528,16952970.0
2896.372477312834,16957484.0
2896.373866212714,16950150.0
2896.375255112595,16935404.0
2896.3766440129416,16940748.0
2896.3780329128226,16940038.0
2896.3794218127036,16930900.0
2896.3808107125838,16918794.0
2896.382199612464,16930954.0
2896.38358851281,16911126.0
2896.3849774126916,16909790.0
2896.3863663125717,16899532.0
2896.3877552129184,16914534.0
2896.3891441127985,16892398.0
2896.39053301268,16893704.0
2896.391921913027,16880368.0
2896.393310812907,16900148.0
2896.394699712788,16877942.0
2896.396088613134,16885296.0
2896.397477513015,16868510.0
2896.398866413361,16869856.0
2896.400255313242,16867606.0
2896.4016442135876,16868396.0
2896.403033113469,16848454.0
2896.404422013816,16841164.0
2896.4058109136963,16848626.0
2896.407199814043,16845842.0
2896.4085887139227,16828336.0
2896.409977614269,16832634.0
2896.41136651415,16820774.0
2896.4127554144966,16839252.0
2896.4141443148424,16815598.0
2896.4155332147234,16808278.0
2896.41692211507,16814938.0
2896.418311014951,16826676.0
2896.4196999152978,16797690.0
2896.4210888156435,16811124.0
2896.4224777155237,16788532.0
2896.42386661587,16801764.0
2896.425255516217,16795016.0
2896.426644416563,16786106.0
2896.428033316444,16787294.0
2896.4294222167896,16784496.0
2896.4308111171367,16785758.0
2896.432200017484,16767957.0
2896.433588917364,16782064.0
2896.4349778177107,16768706.0
2896.436366718056,16770696.0
2896.437755618402,16763134.0
2896.439144518749,16761308.0
2896.4405334190956,16771530.0
2896.4419223189757,16757211.0
2896.443311219323,16755500.0
2896.44470011967,16749503.0
2896.4460890200157,16761595.0
2896.4474779203624,16751463.0
2896.4488668207077,16748882.0
2896.450255721054,16740652.0
2896.4516446214006,16753997.0
2896.4530335217473,16741048.0
2896.454422422093,16740431.0
2896.45581132244,16730201.0
2896.4572002227865,16751080.0
2896.458589123133,16736242.0
2896.45997802348,16741496.0
2896.4613669238256,16739247.0
2896.4627558241714,16743002.0
2896.4641447245176,16730179.0
2896.4655336253304,16739853.0
2896.466922525676,16737582.0
2896.468311426023,16731818.0
2896.4697003263686,16734439.0
2896.471089226716,16735574.0
2896.472478127063,16731933.0
2896.4738670278743,16734687.0
2896.47525592822,16736077.0
2896.476644828566,16738675.0
2896.4780337289126,16732738.0
2896.4794226292593,16742665.0
2896.4808115300716,16740310.0
2896.4822004304174,16737759.0
2896.4835893307645,16741487.0
2896.4849782315773,16734847.0
2896.486367131923,16752337.0
2896.4877560322698,16734264.0
2896.4891449330808,16757581.0
2896.490533833427,16755545.0
2896.4919227337737,16743059.0
2896.493311634586,16749261.0
2896.494700534932,16748465.0
2896.496089435744,16750609.0
2896.497478336091,16749182.0
2896.4988672364375,16766302.0
2896.50025613725,16756475.0
2896.5016450375956,16769013.0
2896.503033938407,16761441.0
2896.5044228387533,16779806.0
2896.505811739566,16760686.0
2896.507200639912,16777009.0
2896.508589540724,16774523.0
2896.50997844107,16782458.0
2896.5113673418828,16782198.0
2896.51275624223,16775938.0
2896.5141451430413,16789948.0
2896.5155340438528,16801624.0
2896.5169229441985,16785096.0
2896.518311845011,16803784.0
2896.5197007453576,16791652.0
2896.52108964617,16803530.0
2896.5224785469813,16804004.0
2896.5238674473285,16804246.0
2896.5252563481413,16799710.0
2896.5266452489527,16823038.0
2896.528034149765,16817794.0
2896.5294230501104,16820270.0
2896.5308119509223,16816064.0
2896.5322008517346,16840530.0
2896.5335897520813,16826752.0
2896.5349786528927,16834814.0
2896.536367553705,16837908.0
2896.5377564545174,16844740.0
2896.5391453553298,16860350.0
2896.5405342556764,16854960.0
2896.5419231564874,16852448.0
2896.5433120572984,16863008.0
2896.544700958111,16871648.0
2896.546089858924,16869386.0
2896.5474787597354,16857574.0
2896.548867660548,16885366.0
2896.550256561359,16876452.0
2896.5516454617064,16880678.0
2896.553034362519,16896602.0
2896.5544232633306,16890580.0
2896.555812164142,16909268.0
2896.5572010649535,16890072.0
2896.558589965766,16915978.0
2896.559978866578,16920628.0
2896.5613677673905,16914086.0
2896.562756668202,16923260.0
2896.5641455690147,16928160.0
2896.5655344698275,16928976.0
2896.566923370639,16937730.0
2896.5683122714513,16953038.0
2896.5697011722623,16944282.0
2896.57109007354,16943248.0
2896.572478974352,16943952.0
2896.5738678751645,16970652.0
2896.575256775976,16961282.0
2896.5766456767883,16959912.0
2896.5780345776006,16991834.0
2896.579423478413,16981110.0
2896.5808123792253,16984620.0
2896.582201280502,16990768.0
2896.583590181313,17003222.0
2896.5849790821258,17012224.0
2896.5863679829386,17010088.0
2896.58775688375,17019524.0
2896.589145785028,17017998.0
2896.5905346858394,17026750.0
2896.5919235866522,17041790.0
2896.5933124879307,17035856.0
2896.594701388742,17043272.0
2896.5960902895536,17040812.0
2896.597479190365,17061104.0
2896.598868091643,17053526.0
2896.6002569924553,17063142.0
2896.6016458932677,17057870.0
2896.603034794545,17081586.0
2896.6044236953576,17081990.0
2896.6058125961704,17087396.0
2896.6072014974475,17077862.0
2896.608590398259,17091066.0
2896.609979299536,17102480.0
2896.6113682003484,17104588.0
2896.6127571011607,17101338.0
2896.6141460024387,17123448.0
2896.61553490325,17107242.0
2896.616923804528,17133858.0
2896.6183127053405,17136964.0
2896.6197016066185,17138206.0
2896.621090507431,17137920.0
2896.6224794087075,17139442.0
2896.6238683095185,17153556.0
2896.625257210797,17157758.0
2896.6266461116097,17153758.0
2896.628035012887,17166652.0
2896.629423913699,17167880.0
2896.6308128149763,17159408.0
2896.6322017162547,17187344.0
2896.6335906170675,17167392.0
2896.6349795183446,17191342.0
2896.636368419156,17191338.0
2896.637757320433,17202866.0
2896.639146221711,17212228.0
2896.6405351225235,17210080.0
2896.6419240238015,17205800.0
2896.6433129250786,17218526.0
2896.6447018258914,17219182.0
2896.64609072717,17216414.0
2896.647479628447,17236188.0
2896.6488685292584,17234556.0
2896.6502574305355,17237870.0
2896.6516463318135,17249038.0
2896.6530352330915,17243496.0
2896.654424133904,17248818.0
2896.655813035181,17259058.0
2896.657201936459,17267350.0
2896.658590837737,17255508.0
2896.6599797385493,17264262.0
2896.6613686398273,17275020.0
2896.662757541104,17281726.0
2896.6641464423806,17279986.0
2896.665535343659,17285206.0
2896.666924244472,17287574.0
2896.668313145749,17295504.0
2896.669702047027,17295774.0
2896.671090948304,17287936.0
2896.6724798495825,17302082.0
2896.673868750861,17294584.0
2896.6752576521376,17312334.0
2896.6766465529486,17302670.0
2896.6780354542266,17316606.0
2896.6794243555046,17307636.0
2896.6808132567826,17317660.0
2896.6822021580606,17307668.0
2896.6835910593377,17311580.0
2896.684979960616,17327220.0
2896.6863688618946,17319812.0
2896.6877577631717,17314968.0
2896.689146664449,17324310.0
2896.690535565726,17322406.0
2896.691924467004,17327000.0
2896.693313368282,17318350.0
2896.69470226956,17326024.0
2896.696091170837,17334068.0
2896.697480072115,17328728.0
2896.698868973393,17327486.0
2896.700257874671,17328876.0
2896.701646775949,17330430.0
2896.7030356772257,17335226.0
2896.7044245785023,17328436.0
2896.7058134797808,17331540.0
2896.707202381525,17325826.0
2896.708591282802,17343358.0
2896.70998018408,17334872.0
2896.711369085357,17345688.0
2896.7127579866356,17354496.0
2896.714146887914,17337046.0
2896.7155357891907,17330716.0
2896.716924690933,17345578.0
2896.7183135922114,17331428.0
2896.71970249349,17343552.0
2896.721091394767,17344620.0
2896.722480296045,17345192.0
2896.7238691977877,17354164.0
2896.725258099066,17339012.0
2896.7266470003447,17347342.0
2896.7280359016218,17336390.0
2896.729424802899,17355306.0
2896.7308137046416,17339128.0
2896.7322026059196,17339012.0
2896.7335915071976,17346752.0
2896.7349804084756,17355520.0
2896.7363693102184,17350182.0
2896.7377582114964,17331978.0
2896.7391471127744,17350616.0
2896.740536014518,17354150.0
2896.741924915795,17348642.0
2896.7433138170722,17340156.0
2896.744702718815,17349728.0
2896.7460916200935,17357574.0
2896.747480521372,17351824.0
2896.7488694231147,17351118.0
2896.7502583243927,17347910.0
2896.7516472256707,17352826.0
2896.7530361274144,17358280.0
2896.7544250286924,17356734.0
2896.755813929969,17351454.0
2896.7572028317113,17358028.0
2896.7585917329898,17358112.0
2896.759980634734,17355440.0
2896.761369536011,17349100.0
2896.762758437289,17348960.0
2896.7641473390318,17360618.0
2896.76553624031,17367452.0
2896.7669251420543,17354662.0
2896.7683140433314,17350308.0
2896.769702945074,17358238.0
2896.7710918463513,17341682.0
2896.772480748095,17363916.0
2896.773869649373,17343060.0
2896.7752585511166,17367182.0
2896.7766474523937,17361640.0
2896.7780363541374,17349232.0
2896.7794252554154,17363180.0
2896.780814157159,17363036.0
2896.782203058436,17351892.0
2896.783591960179,17366596.0
2896.784980861456,17357466.0
2896.7863697632,17352484.0
2896.7877586644786,17357578.0
2896.7891475662213,17352958.0
2896.790536467965,17364414.0
2896.791925369243,17368732.0
2896.7933142709867,17352308.0
2896.7947031722647,17354554.0
2896.796092074007,17353204.0
2896.7974809752836,17352786.0
2896.7988698770278,17355088.0
2896.800258778772,17354628.0
2896.801647680049,17366848.0
2896.8030365817926,17354038.0
2896.8044254835354,17355756.0
2896.805814384814,17362030.0
2896.807203286558,17334290.0
2896.8085921883003,17370962.0
2896.809981089577,17358072.0
2896.8113699913206,17349298.0
2896.8127588930643,17360084.0
2896.8141477943423,17366076.0
2896.815536696086,17358922.0
2896.8169255978287,17355078.0
2896.8183144991067,17363828.0
2896.8197034008504,17355752.0
2896.821092302594,17360298.0
2896.822481203871,17357352.0
2896.823870105614,17348158.0
2896.8252590073575,17358542.0
2896.826647909101,17361002.0
2896.828036810379,17354722.0
2896.829425712122,17353236.0
2896.8308146138656,17361188.0
2896.8322035156093,17359098.0
2896.8335924168873,17366382.0
2896.834981318631,17365060.0
2896.8363702203733,17364780.0
2896.8377591221156,17353408.0
2896.8391480238597,17359928.0
2896.840536925138,17349244.0
2896.841925826881,17365788.0
2896.8433147286246,17362366.0
2896.8447036303673,17356444.0
2896.8460925321115,17353450.0
2896.84748143339,17356740.0
2896.8488703351322,17343036.0
2896.8502592368745,17360566.0
2896.851648138618,17351284.0
2896.853037040362,17362616.0
2896.8544259421055,17367776.0
2896.8558148433835,17356150.0
2896.8572037451263,17350778.0
2896.8585926468704,17366548.0
2896.8599815486145,17346496.0
2896.8613704503573,17364844.0
2896.8627593521,17347914.0
2896.864148253843,17344620.0
2896.8655371555865,17347032.0
2896.8669260568645,17359154.0
2896.868314958608,17348846.0
2896.869703860351,17350702.0
2896.8710927620946,17358014.0
2896.8724816638382,17348214.0
2896.873870565582,17343012.0
2896.8752594673247,17357854.0
2896.8766483690674,17355930.0
2896.87803727081,17360406.0
2896.8794261725543,17348720.0
2896.8808150742984,17366496.0
2896.882203976041,17350768.0
2896.883592877785,17347888.0
2896.8849817795276,17349486.0
2896.886370680806,17361226.0
2896.88775958255,17359926.0
2896.8891484842925,17340262.0
2896.890537386035,17366794.0
2896.891926287779,17354830.0
2896.893315189523,17359410.0
2896.894704091266,17340414.0
2896.8960929930095,17352860.0
2896.897481894752,17351236.0
2896.8988707964963,17348002.0
2896.9002596982405,17357704.0
2896.9016485999828,17346798.0
2896.903037501725,17351732.0
2896.9044264034687,17344122.0
2896.9058153052124,17359708.0
2896.907204206956,17354624.0
2896.9085931086997,17352212.0
2896.909982010908,17355566.0
2896.911370912652,17350316.0
2896.9127598143955,17352118.0
2896.914148716139,17357034.0
2896.915537617882,17343548.0
2896.9169265196247,17368386.0
2896.9183154213674,17357478.0
2896.9197043231115,17360728.0
2896.9210932248557,17356006.0
2896.9224821265984,17360894.0
2896.923871028342,17354114.0
2896.9252599300858,17354994.0
2896.9266488318294,17366902.0
2896.928037733573,17344594.0
2896.9294266353154,17372080.0
2896.9308155375234,17348634.0
2896.9322044392675,17350028.0
2896.9335933410116,17357758.0
2896.9349822427544,17359132.0
2896.936371144498,17370984.0
2896.937760046241,17355664.0
2896.939148947985,17355028.0
2896.940537849729,17359048.0
2896.9419267514713,17357172.0
2896.9433156536793,17350774.0
2896.944704555423,17360838.0
2896.9460934571666,17354020.0
2896.9474823589103,17357704.0
2896.948871260654,17355774.0
2896.9502601623967,17368002.0
2896.9516490641404,17366548.0
2896.9530379663497,17344984.0
2896.9544268680934,17365478.0
2896.955815769836,17356048.0
2896.957204671579,17365966.0
2896.9585935733226,17369982.0
2896.959982475066,17365920.0
2896.96137137681,17356720.0
2896.9627602790183,17369976.0
2896.964149180762,17370466.0
2896.9655380825056,17365050.0
2896.9669269842493,17371376.0
2896.968315885992,17367640.0
2896.9697047882005,17373060.0
2896.9710936899432,17365954.0
2896.9724825916874,17377494.0
2896.9738714934315,17363340.0
2896.9752603951742,17374116.0
2896.976649296918,17370986.0
2896.9780381991263,17365812.0
2896.9794271008705,17362494.0
2896.9808160026146,17373318.0
2896.982204904357,17371514.0
2896.983593806565,17363262.0
2896.984982708309,17367784.0
2896.986371610053,17382340.0
2896.987760511796,17367508.0
2896.9891494135395,17367346.0
2896.990538315748,17371370.0
2896.991927217492,17375022.0
2896.993316119236,17373696.0
2896.994705020979,17361774.0
2896.9960939231873,17389626.0
2896.99748282493,17344076.0
2896.9988717266738,17380728.0
2897.0002606284174,17372356.0
2897.001649530161,17373912.0
2897.0030384323695,17355622.0
2897.004427334113,17367750.0
2897.005816235857,17365890.0
2897.0072051376005,17367426.0
2897.008594039809,17377662.0
2897.0099829415517,17374740.0
2897.0113718432945,17373696.0
2897.0127607450386,17367762.0
2897.0141496472484,17374848.0
2897.015538548991,17379210.0
2897.016927450735,17371234.0
2897.0183163524785,17376658.0
2897.019705254688,17368162.0
2897.0210941564314,17377102.0
2897.0224830581737,17370018.0
2897.0238719603817,17366084.0
2897.025260862126,17374984.0
2897.02664976387,17365804.0
2897.0280386656127,17359306.0
2897.029427567822,17374460.0
2897.030816469565,17364428.0
2897.032205371309,17356774.0
2897.033594273053,17368204.0
2897.034983175261,17373326.0
2897.0363720770033,17375256.0
2897.037760978747,17366324.0
2897.0391498809563,17370042.0
2897.0405387827,17379590.0
2897.0419276844436,17364612.0
2897.043316586652,17372284.0
2897.0447054883957,17362212.0
2897.0460943901394,17362146.0
2897.047483291883,17373832.0
2897.0488721940915,17349932.0
2897.0502610958342,17370930.0
2897.051649997578,17360248.0
2897.053038899787,17369368.0
2897.054427801531,17354070.0
2897.0558167032736,17359026.0
2897.0572056050173,17364200.0
2897.0585945072266,17363132.0
2897.0599834089703,17365942.0
2897.061372310714,17361868.0
2897.062761212922,17361400.0
2897.0641501146642,17344722.0
2897.0655390164084,17362204.0
2897.066927918618,17365380.0
2897.068316820361,17347898.0
2897.0697057221046,17364572.0
2897.071094624313,17362150.0
2897.072483526057,17356892.0
2897.0738724278012,17373746.0
2897.075261330009,17340740.0
2897.0766502317515,17365650.0
2897.0780391334956,17348824.0
2897.0794280352397,17354810.0
2897.080816937448,17352954.0
2897.082205839192,17358426.0
2897.0835947409346,17359552.0
2897.0849836431444,17335626.0
2897.0863725448885,17355182.0
2897.0877614466312,17351444.0
2897.0891503488397,17361802.0
2897.0905392505824,17360724.0
2897.091928152326,17336666.0
2897.0933170545354,17358402.0
2897.094705956279,17349780.0
2897.096094858022,17357808.0
2897.097483760231,17341220.0
2897.098872661975,17357480.0
2897.1002615637185,17354612.0
2897.101650465927,17353608.0
2897.1030393676697,17361058.0
2897.1044282694124,17351606.0
2897.105817171622,17349358.0
2897.1072060733663,17345916.0
2897.108594975109,17344538.0
2897.1099838773184,17364360.0
2897.111372779062,17361060.0
2897.1127616808058,17340456.0
2897.114150583015,17343486.0
2897.1155394847574,17352780.0
2897.1169283864997,17363780.0
2897.1183172887095,17341194.0
2897.1197061904536,17344002.0
2897.1210950921964,17350616.0
2897.12248399394,17343416.0
2897.1238728961484,17355932.0
2897.1252617978926,17346608.0
2897.1266506996367,17357094.0
2897.128039601845,17337188.0
2897.129428503588,17336056.0
2897.1308174053306,17365942.0
2897.13220630754,17350204.0
2897.1335952092836,17349828.0
2897.1349841110273,17348352.0
2897.1363730132357,17357274.0
2897.13776191498,17363364.0
2897.139150816724,17350060.0
2897.1405397189324,17347498.0
2897.141928620675,17340176.0
2897.143317522418,17347310.0
2897.144706424627,17360174.0
2897.146095326371,17362338.0
2897.1474842281145,17338086.0
2897.148873130323,17345254.0
2897.1502620320666,17350094.0
2897.1516509338103,17343556.0
2897.1530398360196,17347362.0
2897.1544287377633,17347048.0
2897.1558176395056,17347422.0
2897.1572065417135,17341222.0
2897.158595443457,17352164.0
2897.159984345202,17330984.0
2897.1613732469445,17356918.0
2897.162762149154,17337978.0
2897.1641510508975,17349350.0
2897.165539952641,17353016.0
2897.1669288548505,17343962.0
2897.1683177565924,17341848.0
2897.169706658335,17346402.0
2897.1710955605445,17338098.0
2897.172484462289,17351970.0
2897.173873364032,17343656.0
2897.175262266241,17359022.0
2897.176651167984,17337570.0
2897.178040069728,17338484.0
2897.179428971472,17355110.0
2897.1808178736806,17349478.0
2897.1822067754233,17335478.0
2897.183595677165,17339570.0
2897.1849845793754,17354068.0
2897.186373481119,17334976.0
2897.1877623828627,17339222.0
2897.189151285071,17354184.0
2897.190540186814,17331422.0
2897.1919290885585,17334506.0
2897.193317990302,17344952.0
2897.1947068925115,17338440.0
2897.1960957942533,17348326.0
2897.197484695997,17338092.0
2897.1988735982063,17320984.0
2897.2002624999495,17344904.0
2897.2016514016927,17347518.0
2897.2030403034355,17335046.0
2897.2044292056457,17339340.0
2897.2058181073894,17336718.0
2897.207207009133,17336138.0
2897.2085959113406,17338300.0
2897.2099848130833,17340244.0
2897.211373714827,17330976.0
2897.2127626165707,17337784.0
2897.21415151878,17338008.0
2897.2155404205228,17336564.0
2897.2169293222664,17329002.0
2897.21831822401,17326786.0
2897.2197071262203,17352730.0
2897.221096027963,17332436.0
2897.2224849297054,17330088.0
2897.2238738314486,17334676.0
2897.225262733658,17331394.0
2897.2266516354016,17331354.0
2897.2280405371444,17341148.0
2897.229429438888,17325678.0
2897.2308183410973,17324492.0
2897.2322072428415,17323266.0
2897.2335961445847,17327918.0
2897.234985046327,17340366.0
2897.236373948535,17329964.0
2897.237762850279,17323602.0
2897.239151752023,17325718.0
2897.240540653766,17328044.0
2897.2419295559753,17314900.0
2897.243318457718,17319164.0
2897.244707359462,17334894.0
2897.2460962612063,17320300.0
2897.2474851634147,17327594.0
2897.2488740651575,17312604.0
2897.2502629669007,17322444.0
2897.251651868645,17326542.0
2897.2530407703875,17330822.0
2897.254429672597,17315756.0
2897.2558185743396,17327920.0
2897.2572074760837,17319054.0
2897.258596377828,17316766.0
2897.2599852800363,17301784.0
2897.26137418178,17317672.0
2897.2627630835223,17319012.0
2897.2641519852655,17323674.0
2897.265540887009,17312430.0
2897.2669297892185,17311116.0
2897.268318690961,17315796.0
2897.269707592705,17311818.0
2897.2710964944486,17306480.0
2897.272485396192,17321152.0
2897.273874297936,17302422.0
2897.275263200144,17315168.0
2897.276652101887,17297852.0
2897.2780410036307,17305058.0
2897.2794299053744,17312850.0
2897.280818807117,17285404.0
2897.2822077093265,17326538.0
2897.28359661107,17296022.0
2897.284985512814,17308804.0
2897.2863744145575,17308320.0
2897.2877633163002,17307160.0
2897.289152218043,17295808.0
2897.290541120252,17300274.0
2897.291930021996,17305762.0
2897.2933189237388,17303288.0
2897.2947078254824,17303818.0
2897.296096727225,17317846.0
2897.2974856289693,17303650.0
2897.2988745307134,17295060.0
2897.300263432922,17292436.0
2897.3016523346646,17291396.0
2897.303041236408,17290608.0
2897.304430138152,17308756.0
2897.3058190398947,17295412.0
2897.3072079416384,17298316.0
2897.308596843381,17303784.0
2897.3099857451252,17292820.0
2897.311374647335,17291156.0
2897.3127635490778,17292730.0
2897.3141524508214,17288522.0
2897.3155413525637,17286318.0
2897.316930254307,17287656.0
2897.3183191560506,17281956.0
2897.3197080577943,17295644.0
2897.321096959537,17290910.0
2897.3224858612807,17271986.0
2897.3238747630244,17298304.0
2897.3252636652337,17287418.0
2897.3266525669774,17283820.0
2897.32804146872,17279306.0
2897.329430370464,17277528.0
2897.3308192722066,17280876.0
2897.33220817395,17279902.0
2897.333597075693,17271160.0
2897.3349859774366,17275710.0
2897.3363748791803,17266632.0
2897.337763780924,17281720.0
2897.3391526826676,17282508.0
2897.3405415844104,17282146.0
2897.341930486153,17276220.0
2897.3433193878964,17266712.0
2897.3447082896405,17280646.0
2897.3460971913833,17274308.0
2897.347486093127,17276160.0
2897.3488749948697,17264884.0
2897.3502638970795,17285290.0
2897.3516527988236,17253012.0
2897.3530417005663,17274264.0
2897.35443060231,17276114.0
2897.3558195040528,17266968.0
2897.3572084057964,17260842.0
2897.358597307539,17251898.0
2897.359986209283,17275680.0
2897.3613751110256,17281470.0
2897.3627640127697,17278158.0
2897.364152914514,17273156.0
2897.3655418162566,17265978.0
2897.3669307180003,17273546.0
2897.3683196197426,17262090.0
2897.369708521486,17268220.0
2897.3710974232295,17256444.0
2897.372486324973,17263938.0
2897.37387522625,17271730.0
2897.375264127994,17266830.0
2897.3766530297376,17253918.0
2897.378041931481,17268576.0
2897.379430833225,17266830.0
2897.3808197349676,17266724.0
2897.3822086367113,17259492.0
2897.383597538454,17257788.0
2897.3849864401977,17271820.0
2897.3863753419405,17250988.0
2897.387764243684,17258210.0
2897.389153145428,17262534.0
2897.3905420471715,17265970.0
2897.391930948915,17233534.0
2897.393319850658,17255008.0
2897.3947087524007,17255798.0
2897.396097654144,17265948.0
2897.3974865554223,17255660.0
2897.398875457165,17254878.0
2897.4002643589088,17266370.0
2897.4016532606515,17245360.0
2897.4030421623956,17257556.0
2897.4044310641398,17244960.0
2897.4058199658825,17264810.0
2897.407208867626,17252274.0
2897.408597769369,17248600.0
2897.409986670647,17241276.0
2897.4113755723897,17263748.0
2897.4127644741334,17264704.0
2897.414153375876,17244736.0
2897.4155422776203,17263994.0
2897.4169311793644,17245578.0
2897.418320081107,17247044.0
2897.419708982385,17258716.0
2897.421097884128,17235120.0
2897.4224867858716,17255506.0
2897.4238756876143,17255296.0
2897.425264589358,17239270.0
2897.4266534911008,17246224.0
2897.4280423923788,17268262.0
2897.4294312941224,17250356.0
2897.430820195866,17244970.0
2897.4322090976098,17254326.0
2897.4335979993525,17239262.0
2897.4349869006305,17252242.0
2897.4363758023733,17263508.0
2897.437764704117,17235412.0
2897.4391536058597,17257890.0
2897.4405425076034,17235528.0
2897.4419314088814,17257994.0
2897.443320310625,17243642.0
2897.4447092123687,17254458.0
2897.4460981141115,17244896.0
2897.4474870153895,17239206.0
2897.448875917132,17224042.0
2897.450264818876,17238014.0
2897.4516537206187,17241768.0
2897.4530426218967,17245716.0
2897.4544315236394,17237564.0
2897.4558204253835,17241998.0
2897.4572093271277,17232620.0
2897.4585982284048,17242568.0
2897.4599871301484,17220460.0
2897.461376031891,17246358.0
2897.462764933635,17224712.0
2897.464153834912,17238448.0
2897.4655427366556,17239738.0
2897.4669316383984,17223346.0
2897.468320539677,17227642.0
2897.469709441421,17229910.0
2897.4710983431637,17225234.0
2897.4724872444417,17236618.0
2897.4738761461845,17223688.0
2897.475265047928,17226058.0
2897.4766539492052,17222774.0
2897.478042850949,17232624.0
2897.4794317526917,17220906.0
2897.4808206539697,17243070.0
2897.4822095557133,17219038.0
2897.483598457457,17236534.0
2897.484987358735,17211828.0
2897.4863762604778,17235734.0
2897.487765162222,17216278.0
2897.4891540634994,17196986.0
2897.490542965242,17221086.0
2897.4919318665193,17234630.0
2897.493320768263,17219294.0
2897.4947096700066,17221848.0
2897.4960985712846,17195830.0
2897.4974874730283,17207144.0
2897.4988763743054,17210252.0
2897.500265276049,17208886.0
2897.501654177792,17219148.0
2897.50304307907,17204844.0
2897.5044319808126,17204072.0
2897.5058208820906,17217866.0
2897.5072097838342,17200306.0
2897.5085986851122,17213268.0
2897.509987586856,17219200.0
2897.5113764885987,17200432.0
2897.5127653898767,17202304.0
2897.5141542916203,17199402.0
2897.515543192898,17210526.0
2897.51693209464,17197466.0
2897.518320995918,17207514.0
2897.519709897661,17194496.0
2897.5210987989394,17195230.0
2897.5224877006835,17193552.0
2897.5238766019606,17202580.0
2897.5252655037043,17200668.0
2897.5266544049814,17199612.0
2897.528043306725,17200602.0
2897.529432208002,17198052.0
2897.530821109746,17193186.0
2897.532210011023,17195010.0
2897.533598912767,17197260.0
2897.5349878140455,17192604.0
2897.5363767157883,17194460.0
2897.5377656170663,17189168.0
2897.5391545183434,17201014.0
2897.5405434200875,17199870.0
2897.541932321365,17195500.0
2897.543321223108,17172892.0
2897.544710124385,17188480.0
2897.5460990261286,17196398.0
2897.5474879274066,17169144.0
2897.5488768286846,17194102.0
2897.5502657304282,17191626.0
2897.5516546317053,17191016.0
2897.553043533449,17189054.0
2897.554432434727,17187820.0
2897.5558213360046,17186856.0
2897.557210237747,17194118.0
2897.558599139025,17177222.0
2897.5599880407685,17182876.0
2897.5613769420465,17192638.0
2897.5627658433245,17178286.0
2897.5641547450673,17181112.0
2897.5655436463453,17186692.0
2897.5669325476233,17179210.0
2897.5683214493665,17181384.0
2897.569710350643,17174300.0
2897.571099251921,17174938.0
2897.572488153664,17194526.0
2897.5738770549424,17177190.0
2897.575265956221,17177182.0
2897.5766548579636,17175342.0
2897.5780437592416,17178550.0
2897.5794326605196,17173644.0
2897.5808215622633,17176796.0
2897.5822104635404,17178954.0
2897.5835993648175,17166150.0
2897.5849882660946,17184182.0
2897.5863771678387,17173016.0
2897.587766069117,17175886.0
2897.5891549703942,17165380.0
2897.5905438716723,17174640.0
2897.591932773415,17183734.0
2897.5933216746935,17166216.0
2897.594710575971,17172744.0
2897.596099477248,17170638.0
2897.597488378991,17177560.0
2897.598877280269,17169608.0
2897.600266181547,17158860.0
2897.601655082825,17166544.0
2897.603043984103,17170650.0
2897.6044328858457,17163372.0
2897.605821787124,17180114.0
2897.6072106884026,17152442.0
2897.608599589679,17181466.0
2897.609988490956,17153498.0
2897.611377392234,17163788.0
2897.6127662939775,17152088.0
2897.6141551952555,17177602.0
2897.6155440965335,17161650.0
2897.6169329978106,17157116.0
2897.6183218990886,17163078.0
2897.6197108003666,17154884.0
2897.6210997021103,17165272.0
2897.6224886033874,17169992.0
2897.6238775046645,17150044.0
2897.6252664059416,17163034.0
2897.62665530722,17154088.0
2897.6280442084985,17171470.0
2897.6294331097756,17149462.0
2897.6308220110536,17160136.0
2897.6322109123316,17155496.0
2897.6335998136096,17158868.0
2897.6349887148867,17162722.0
2897.6363776166295,17160606.0
2897.6377665179066,17136270.0
2897.639155419185,17147512.0
2897.6405443204635,17163738.0
2897.6419332217406,17152238.0
2897.6433221230186,17154946.0
2897.6447110242957,17153234.0
2897.646099925574,17145678.0
2897.6474888268526,17141230.0
2897.6488777281293,17140972.0
2897.650266629406,17147342.0
2897.6516555306844,17143462.0
2897.653044431963,17141058.0
2897.65443333324,17165598.0
2897.655822234518,17124230.0
2897.657211135795,17156352.0
2897.6586000370735,17130674.0
2897.659988938352,17158732.0
2897.6613778396286,17132764.0
2897.662766740905,17140466.0
2897.6641556421832,17149488.0
2897.6655445434612,17133572.0
2897.6669334442736,17137668.0
2897.6683223455516,17134058.0
2897.6697112468287,17140004.0
2897.6711001481067,17136414.0
2897.6724890493847,17127302.0
2897.6738779506627,17133710.0
2897.67526685194,17131758.0
2897.676655753217,17125386.0
2897.678044654495,17128538.0
2897.679433555773,17129394.0
2897.680822457051,17090378.0
2897.6822113578623,17149676.0
2897.6836002591403,17124364.0
2897.6849891604184,17112518.0
2897.6863780616964,17135998.0
2897.6877669629744,17124616.0
2897.689155864251,17121910.0
2897.690544765062,17118208.0
2897.6919336663404,17117020.0
2897.693322567619,17115166.0
2897.694711468896,17125042.0
2897.696100370174,17119608.0
2897.697489271452,17112158.0
2897.6988781722644,17119984.0
2897.7002670735424,17103714.0
2897.701655974819,17117172.0
2897.7030448760956,17111910.0
2897.7044337769084,17116988.0
2897.705822678187,17122072.0
2897.707211579464,17098124.0
2897.708600480742,17110298.0
2897.7099893815534,17119498.0
2897.711378282832,17096670.0
2897.7127671841104,17088820.0
2897.7141560853875,17073074.0
2897.715544986199,17055186.0
2897.716933887476,17065228.0
2897.718322788754,17042294.0
2897.7197116895663,17026298.0
2897.7211005908443,17022172.0
2897.7224894921214,17003438.0
2897.7238783934,16971762.0
2897.7252672942127,16977264.0
2897.72665619549,16938184.0
2897.728045096767,16929824.0
2897.7294339975783,16903702.0
2897.7308228988563,16888658.0
2897.7322118001343,16862280.0
2897.7336007009467,16850186.0
2897.734989602224,16807544.0
2897.736378503036,16787030.0
2897.737767404314,16766875.0
2897.739156305592,16730648.0
2897.7405452064045,16692560.0
2897.741934107681,16672046.0
2897.743323008493,16628112.0
2897.744711909771,16606034.0
2897.746100811049,16569068.0
2897.7474897118605,16534929.0
2897.7488786131385,16495519.0
2897.750267513951,16468053.0
2897.751656415229,16432694.0
2897.753045316041,16379037.0
2897.7544342173182,16342766.0
2897.7558231181297,16294426.0
2897.7572120194072,16252846.0
2897.7586009206857,16211608.0
2897.759989821497,16160116.0
2897.761378722775,16114886.0
2897.7627676235866,16055490.0
2897.764156524865,16014652.0
2897.765545425678,15962746.0
2897.7669343264893,15906595.0
2897.7683232277664,15849786.0
2897.7697121285782,15794168.0
2897.7711010298567,15747996.0
2897.772489930668,15682353.0
2897.773878831946,15629343.0
2897.7752677327576,15563611.0
2897.776656634036,15512020.0
2897.778045534849,15450311.0
2897.779434436126,15400676.0
2897.7808233369383,15333981.0
2897.7822122377493,15278333.0
2897.783601139027,15215355.0
2897.784990039839,15155700.0
2897.786378941117,15089168.0
2897.7877678419286,15028031.0
2897.7891567427414,14970799.0
2897.79054564402,14897618.0
2897.7919345448313,14838337.0
2897.7933234456436,14777519.0
2897.7947123469203,14707632.0
2897.796101247732,14646692.0
2897.7974901485445,14578092.0
2897.7988790498225,14517946.0
2897.800267950634,14449009.0
2897.8016568514463,14375743.0
2897.8030457527243,14325216.0
2897.8044346535366,14242559.0
2897.805823554349,14185123.0
2897.807212455626,14108439.0
2897.8086013564384,14042230.0
2897.80999025725,13974276.0
2897.811379158062,13914071.0
2897.8127680593393,13836609.0
2897.8141569601516,13769884.0
2897.815545860964,13702438.0
2897.8169347617763,13634300.0
2897.8183236630543,13566401.0
2897.819712563866,13492362.0
2897.821101464678,13428914.0
2897.8224903654896,13361049.0
2897.823879266302,13292747.0
2897.825268167579,13229444.0
2897.8266570683913,13157044.0
2897.828045969203,13087622.0
2897.8294348700156,13025550.0
2897.8308237708284,12952638.0
2897.8322126721055,12890256.0
2897.833601572918,12822323.0
2897.8349904737292,12757743.0
2897.8363793745416,12699471.0
2897.837768275353,12615456.0
2897.8391571761654,12561927.0
2897.840546076977,12486642.0
2897.8419349782553,12424956.0
2897.843323879068,12358920.0
2897.8447127798795,12292113.0
2897.846101680692,12212745.0
2897.8474905815033,12126061.0
2897.8488794823156,12047997.0
2897.850268383127,11967139.0
2897.8516572839394,11885067.0
2897.853046184751,11809945.0
2897.8544350855636,11731279.0
2897.8558239863764,11656920.0
2897.857212887188,11581537.0
2897.858601788,11508172.0
2897.8599906888116,11432657.0
2897.861379589624,11361467.0
2897.8627684904354,11285656.0
2897.8641573912478,11215273.0
2897.865546292059,11148113.0
2897.8669351928716,11076595.0
2897.868324093684,11010818.0
2897.8697129944962,10941800.0
2897.8711018953086,10882184.0
2897.87249079612,10816985.0
2897.873879696933,10754342.0
2897.8752685977447,10695913.0
2897.876657498556,10636910.0
2897.8780463993676,10579152.0
2897.87943530018,10521932.0
2897.8808242009923,10471294.0
2897.8822131018046,10417325.0
2897.883602002617,10368968.0
2897.8849909034284,10322044.0
2897.8863798042407,10272133.0
2897.8877687045865,10226768.0
2897.889157605399,10186341.0
2897.8905465062103,10145675.0
2897.8919354070226,10109543.0
2897.893324307835,10070885.0
2897.8947132086473,10039807.0
2897.8961021094597,10005923.0
2897.8974910098054,9978822.0
2897.898879910618,9951861.0
2897.90026881143,9928209.0
2897.901657712242,9904768.0
2897.903046613053,9887566.0
2897.9044355138653,9871341.0
2897.905824414211,9860028.0
2897.907213315024,9844161.0
2897.9086022158367,9834943.0
2897.909991116648,9828979.0
2897.911380016995,9823879.0
2897.9127689178063,9824041.0
2897.914157818619,9824891.0
2897.915546719431,9828261.0
2897.9169356197767,9835429.0
2897.918324520588,9844685.0
2897.919713421401,9857786.0
2897.9211023222138,9872404.0
2897.9224912225595,9888009.0
2897.923880123372,9908722.0
2897.9252690241833,9928766.0
2897.9266579245304,9954282.0
2897.9280468253423,9982178.0
2897.9294357261538,10008615.0
2897.9308246264995,10041632.0
2897.932213527312,10074900.0
2897.9336024281242,10110673.0
2897.934991328471,10147694.0
2897.9363802292833,10189447.0
2897.9377691300947,10233362.0
2897.939158030442,10276716.0
2897.9405469312546,10323764.0
2897.9419358316,10372115.0
2897.943324732411,10421871.0
2897.9447136332233,10475097.0
2897.94610253357,10525441.0
2897.9474914343823,10580935.0
2897.948880334729,10642240.0
2897.9502692355404,10697953.0
2897.951658135887,10760279.0
2897.9530470366994,10820884.0
2897.9544359375113,10887134.0
2897.9558248378567,10948956.0
2897.957213738669,11014154.0
2897.9586026390157,11085582.0
2897.959991539828,11151084.0
2897.9613804401747,11223830.0
2897.962769340986,11295875.0
2897.964158241333,11365189.0
2897.965547142145,11440555.0
2897.966936042492,11517638.0
2897.9683249433033,11589628.0
2897.969713843649,11664796.0
2897.971102743995,11739745.0
2897.9724916448076,11822663.0
2897.9738805451548,11897844.0
2897.975269445966,11983495.0
2897.976658346313,12057582.0
2897.9780472471252,12144420.0
2897.979436147472,12224541.0
2897.9808250478186,12303516.0
2897.9822139486296,12366513.0
2897.983602848975,12435589.0
2897.9849917497877,12497790.0
2897.986380650135,12566286.0
2897.9877695504806,12636185.0
2897.989158451293,12697705.0
2897.9905473516387,12764032.0
2897.991936251986,12831425.0
2897.9933251527987,12904350.0
2897.994714053144,12963713.0
2897.9961029534893,13038742.0
2897.9974918543016,13102242.0
2897.9988807546483,13170537.0
2898.000269654995,13232481.0
2898.0016585553417,13309363.0
2898.003047456153,13380189.0
2898.0044363565003,13443510.0
2898.0058252568474,13510273.0
2898.007214157193,13581032.0
2898.0086030580046,13652669.0
2898.0099919583504,13713543.0
2898.011380858697,13783393.0
2898.0127697590437,13856101.0
2898.014158659856,13917542.0
2898.015547560202,13985521.0
2898.0169364605485,14059345.0
2898.0183253608952,14129271.0
2898.019714261242,14197261.0
2898.0211031620534,14261492.0
2898.022492062399,14331418.0
2898.023880962746,14399430.0
2898.0252698630925,14467899.0
2898.026658763439,14534602.0
2898.028047663785,14592834.0
2898.0294365645973,14666673.0
2898.030825464944,14728719.0
2898.0322143652907,14795083.0
2898.0336032656373,14857207.0
2898.0349921659827,14921477.0
2898.036381066328,14989638.0
2898.037769966675,15042484.0
2898.0391588670223,15106663.0
2898.040547767368,15172843.0
2898.0419366677147,15239775.0
2898.0433255680614,15296028.0
2898.0447144688737,15362716.0
2898.0461033692204,15415776.0
2898.047492269566,15474843.0
2898.048881169912,15544012.0
2898.050270070258,15588811.0
2898.0516589706053,15658086.0
2898.053047870951,15703591.0
2898.054436771298,15767650.0
2898.0558256716436,15833581.0
2898.0572145719907,15882921.0
2898.058603472338,15926498.0
2898.0599923726836,15984035.0
2898.0613812730294,16039875.0
2898.06277017291,16094762.0
2898.064159073257,16142997.0
2898.065547973603,16189320.0
2898.0669368739495,16241969.0
2898.0683257742953,16287930.0
2898.0697146746425,16331269.0
2898.0711035749896,16364407.0
2898.0724924753354,16410801.0
2898.073881375682,16442342.0
2898.0752702760274,16500005.0
2898.0766591763736,16528114.0
2898.0780480762546,16565451.0
2898.0794369766013,16608315.0
2898.080825876947,16640757.0
2898.082214777294,16672071.0
2898.0836036776413,16695516.0
2898.084992577987,16714698.0
2898.086381477868,16769126.0
2898.0877703782135,16786886.0
2898.0891592785597,16819472.0
2898.0905481789064,16843314.0
2898.091937079253,16861016.0
2898.093325979133,16895730.0
2898.09471487948,16916896.0
2898.0961037798265,16928670.0
2898.097492680173,16961062.0
2898.0988815800542,16980940.0
2898.1002704804,16989346.0
2898.1016593807467,17016700.0
2898.1030482810925,17031140.0
2898.1044371809735,17045210.0
2898.1058260813193,17057070.0
2898.107214981666,17071656.0
2898.1086038820126,17092690.0
2898.1099927818937,17102550.0
2898.1113816822403,17110736.0
2898.112770582586,17123064.0
2898.114159482467,17132934.0
2898.115548382813,17126188.0
2898.1169372831596,17142928.0
2898.1183261830397,17146556.0
2898.1197150833864,17155448.0
2898.1211039832674,17157594.0
2898.122492883614,17143338.0
2898.1238817839608,17143704.0
2898.125270683841,17157790.0
2898.1266595841876,17138920.0
2898.1280484840677,17160682.0
2898.1294373844144,17151794.0
2898.13082628476,17148322.0
2898.132215184641,17133712.0
2898.133604084987,17147616.0
2898.1349929848684,17145736.0
2898.1363818852155,17159712.0
2898.1377707850957,17159538.0
2898.1391596854423,17153230.0
2898.1405485853234,17160290.0
2898.1419374856696,17160262.0
2898.1433263855492,17163616.0
2898.144715285896,17159648.0
2898.146104185776,17163792.0
2898.147493086123,17154860.0
2898.1488819860047,17177904.0
2898.1502708863504,17150212.0
2898.1516597862314,17162654.0
2898.153048686577,17174192.0
2898.1544375864582,17157016.0
2898.1558264863384,17166450.0
2898.157215386685,17181346.0
2898.158604286565,17168978.0
2898.1599931869123,17174458.0
2898.1613820867938,17174492.0
2898.1627709871395,17174014.0
2898.1641598870206,17169214.0
2898.1655487869007,17179178.0
2898.166937687248,17186316.0
2898.1683265871284,17169292.0
2898.1697154870085,17172958.0
2898.1711043873543,17178448.0
2898.1724932872353,17164214.0
2898.1738821871163,17176984.0
2898.175271087463,17176316.0
2898.176659987344,17160254.0
2898.178048887224,17182806.0
2898.1794377875713,17172430.0
2898.1808266874527,17183564.0
2898.1822155873324,17167132.0
2898.183604487212,17182610.0
2898.1849933875587,17178902.0
2898.1863822874398,17187436.0
2898.187771187321,17187138.0
2898.189160087202,17175108.0
2898.1905489875476,17187576.0
2898.1919378874286,17177994.0
2898.1933267873096,17182796.0
2898.19471568719,17194778.0
2898.19610458707,17186506.0
2898.1974934874165,17180538.0
2898.1988823872975,17196918.0
2898.2002712871786,17186616.0
2898.2016601870596,17186268.0
2898.2030490869397,17191174.0
2898.2044379868207,17186302.0
2898.2058268871674,17193440.0
2898.2072157870484,17180498.0
2898.2086046869285,17215528.0
2898.2099935868087,17190936.0
2898.2113824866888,17195874.0
2898.2127713865702,17197128.0
2898.2141602864517,17190074.0
2898.215549186332,17214322.0
2898.216938086213,17190538.0
2898.218326986094,17204482.0
2898.2197158864406,17188782.0
2898.2211047863207,17211324.0
2898.222493686201,17199252.0
2898.223882586081,17198796.0
2898.2252714859624,17187182.0
2898.226660385844,17194520.0
2898.228049285724,17191380.0
2898.229438185605,17214030.0
2898.230827085485,17191898.0
2898.2322159853666,17183888.0
2898.233604885248,17213618.0
2898.2349937851277,17199568.0
2898.2363826850074,17192770.0
2898.237771584889,17197908.0
2898.2391604847703,17209896.0
2898.2405493841848,17189760.0
2898.241938284066,17203658.0
2898.243327183946,17194076.0
2898.2447160838274,17197144.0
2898.246104983709,17210434.0
2898.247493883589,17202674.0
2898.248882783469,17214402.0
2898.250271683349,17194774.0
2898.25166058323,17205082.0
2898.253049483111,17211812.0
2898.2544383825266,17210102.0
2898.2558272824067,17201380.0
2898.257216182288,17198436.0
2898.2586050821697,17214316.0
2898.2599939820498,17199080.0
2898.26138288193,17225788.0
2898.2627717813443,17211418.0
2898.2641606812253,17206296.0
2898.2655495811064,17214872.0
2898.2669384809874,17216344.0
2898.2683273808675,17219898.0
2898.269716280283,17228184.0
2898.271105180164,17225000.0
2898.272494080045,17204200.0
2898.273882979926,17220702.0
2898.27527187934,17214600.0
2898.2766607792205,17241688.0
2898.2780496791015,17221324.0
2898.279438578517,17191498.0
2898.280827478397,17206720.0
2898.282216378278,17222538.0
2898.283605278159,17236162.0
2898.2849941775744,17226340.0
2898.2863830774554,17217602.0
2898.287771977335,17228572.0
2898.289160876749,17222026.0
2898.2905497766305,17237926.0
2898.291938676512,17215310.0
2898.2933275759265,17240314.0
2898.2947164758075,17224312.0
2898.296105375223,17223912.0
2898.297494275104,17219370.0
2898.298883174985,17248176.0
2898.3002720743993,17236538.0
2898.3016609742795,17245078.0
2898.3030498736944,17236452.0
2898.304438773576,17239042.0
2898.3058276729903,17225424.0
2898.3072165728713,17246558.0
2898.3086054727514,17248142.0
2898.3099943721672,17240412.0
2898.3113832720487,17233872.0
2898.312772171463,17231234.0
2898.314161071344,17252280.0
2898.3155499707586,17220054.0
2898.3169388706397,17255552.0
2898.318327770054,17245004.0
2898.319716669935,17248170.0
2898.3211055693496,17244466.0
2898.3224944687654,17250074.0
2898.323883368647,17242888.0
2898.3252722680613,17269226.0
2898.3266611679423,17244384.0
2898.328050067357,17252472.0
2898.329438967238,17249626.0
2898.3308278666523,17245496.0
2898.3322167660676,17241348.0
2898.3336056659477,17250172.0
2898.3349945653636,17258740.0
2898.336383465245,17257268.0
2898.3377723646595,17257812.0
2898.339161264075,17252510.0
2898.340550163955,17271360.0
2898.3419390633703,17240858.0
2898.3433279627848,17259960.0
2898.344716862666,17265722.0
2898.3461057620802,17253318.0
2898.347494661496,17270440.0
2898.3488835613775,17261488.0
2898.350272460792,17269832.0
2898.3516613602073,17259590.0
2898.353050259622,17262304.0
2898.354439159503,17269346.0
2898.3558280589173,17260984.0
2898.3572169583326,17265198.0
2898.358605857747,17277224.0
2898.359994757628,17265194.0
2898.3613836570435,17275986.0
2898.362772556459,17289772.0
2898.364161455874,17276798.0
2898.3655503557543,17259726.0
2898.36693925517,17281128.0
2898.368328154585,17278128.0
2898.3697170539995,17277704.0
2898.371105953414,17264514.0
2898.3724948528293,17282550.0
2898.3738837527103,17281610.0
2898.3752726521257,17269000.0
2898.376661551541,17270026.0
2898.3780504509555,17295276.0
2898.379439350371,17272486.0
2898.3808282497853,17294506.0
2898.3822171492006,17268690.0
2898.383606048615,17274022.0
2898.3849949480305,17284858.0
2898.3863838479115,17289178.0
2898.387772747327,17274724.0
2898.389161646742,17285278.0
2898.3905505461566,17275158.0
2898.391939445572,17284180.0
2898.3933283449874,17292136.0
2898.3947172444023,17295630.0
2898.3961061438163,17287494.0
2898.3974950432316,17278744.0
2898.398883942646,17300716.0
2898.400272842062,17283368.0
2898.4016617414777,17308646.0
2898.403050640892,17291940.0
2898.4044395403075,17284322.0
2898.405828439723,17286538.0
2898.4072173391382,17292102.0
2898.4086062385527,17276868.0
2898.409995137967,17300096.0
2898.411384036916,17301948.0
2898.4127729363317,17297386.0
2898.4141618357476,17300584.0
2898.415550735162,17291586.0
2898.4169396345774,17291532.0
2898.418328533992,17304588.0
2898.4197174334076,17301236.0
2898.4211063328225,17315016.0
2898.422495232237,17295404.0
2898.423884131186,17321224.0
2898.4252730306016,17313304.0
2898.4266619300174,17308010.0
2898.428050829432,17308870.0
2898.4294397288472,17306054.0
2898.4308286282617,17313894.0
2898.432217527212,17312010.0
2898.4336064266276,17314184.0
2898.4349953260416,17325116.0
2898.4363842254556,17302056.0
2898.437773124406,17313112.0
2898.4391620238216,17340244.0
2898.440550923236,17308716.0
2898.4419398226514,17337660.0
2898.4433287216,17315190.0
2898.444717621016,17316156.0
2898.446106520432,17325772.0
2898.447495419846,17317020.0
2898.448884318794,17321606.0
2898.4502732182095,17325026.0
2898.451662117625,17335372.0
2898.4530510165746,17331148.0
2898.45443991599,17323496.0
2898.4558288154044,17337274.0
2898.4572177143546,17337560.0
2898.4586066137704,17336320.0
2898.459995513185,17329194.0
2898.4613844121336,17344746.0
2898.462773311548,17334716.0
2898.4641622104978,17351270.0
2898.465551109913,17348494.0
2898.4669400093285,17333018.0
2898.4683289082773,17340612.0
2898.4697178076926,17338264.0
2898.4711067066423,17329248.0
2898.4724956060577,17345424.0
2898.4738845050074,17342114.0
2898.4752734044214,17345284.0
2898.4766623033706,17341334.0
2898.478051202786,17335012.0
2898.4794401017357,17353152.0
2898.48082900115,17328316.0
2898.4822179001,17353196.0
2898.483606799515,17334694.0
2898.484995698465,17358490.0
2898.4863845978803,17358324.0
2898.4877734968286,17359808.0
2898.4891623962426,17358954.0
2898.4905512951927,17352498.0
2898.4919401946086,17369600.0
2898.4933290935573,17371264.0
2898.4947179929727,17362224.0
2898.4961068919224,17362756.0
2898.497495790872,17339384.0
2898.4988846902875,17322044.0
2898.5002735892363,17349760.0
2898.5016624886507,17333668.0
2898.5030513876,17335368.0
2898.50444028655,17340328.0
2898.5058291859646,17337540.0
2898.5072180849143,17336646.0
2898.508606983864,17345432.0
2898.5099958832793,17353090.0
2898.511384782229,17328518.0
2898.512773681178,17334920.0
2898.5141625805923,17345986.0
2898.5155514795415,17338666.0
2898.5169403784917,17344782.0
2898.5183292774404,17347364.0
2898.519718176856,17352164.0
2898.5211070758046,17355826.0
2898.5224959747547,17369902.0
2898.523884873705,17373414.0
2898.5252737731194,17387086.0
2898.526662672069,17374572.0
2898.528051571018,17397244.0
2898.5294404699675,17387550.0
2898.530829369382,17380220.0
2898.5322182683317,17373972.0
2898.5336071672805,17383626.0
2898.5349960662306,17388552.0
2898.536384965181,17381576.0
2898.5377738641296,17395284.0
2898.539162763545,17387520.0
2898.5405516624937,17386262.0
2898.5419405614434,17383470.0
2898.543329460392,17395684.0
2898.544718359342,17396782.0
2898.5461072582907,17391222.0
2898.547496157241,17398034.0
2898.548885056191,17398666.0
2898.55027395514,17385486.0
2898.5516628540895,17388960.0
2898.553051753504,17388228.0
2898.5544406524536,17386734.0
2898.5558295514024,17418000.0
2898.557218450352,17386030.0
2898.558607349301,17387184.0
2898.559996248251,17395630.0
2898.5613851472012,17399482.0
2898.56277404615,17385664.0
2898.5641629450997,17413686.0
2898.5655518440485,17397422.0
2898.5669407429987,17402390.0
2898.568329641948,17411004.0
2898.5697185408967,17407020.0
2898.5711074398455,17401318.0
2898.5724963383295,17399940.0
2898.5738852372792,17401422.0
2898.575274136229,17396040.0
2898.5766630351786,17410396.0
2898.5780519341274,17407112.0
2898.5794408330776,17418146.0
2898.580829732027,17403058.0
2898.5822186309756,17413248.0
2898.5836075299244,17401808.0
2898.584996428874,17418954.0
2898.586385327358,17394440.0
2898.587774226308,17407354.0
2898.5891631252575,17410882.0
2898.5905520242063,17431196.0
2898.591940923156,17406592.0
2898.5933298221057,17422394.0
2898.5947187205893,17415000.0
2898.5961076195376,17411314.0
2898.5974965184873,17418044.0
2898.598885417437,17412496.0
2898.6002743163867,17431616.0
2898.6016632148708,17417944.0
2898.6030521138196,17413420.0
2898.6044410127693,17428196.0
2898.605829911719,17405644.0
2898.607218810203,17407084.0
2898.608607709152,17411790.0
2898.6099966081006,17424624.0
2898.6113855065846,17398978.0
2898.6127744055343,17422550.0
2898.614163304484,17440268.0
2898.615552202967,17430496.0
2898.616941101917,17396922.0
2898.6183300008665,17422952.0
2898.6197188993506,17421632.0
2898.6211077982994,17431820.0
2898.622496697248,17416958.0
2898.6238855957313,17424508.0
2898.6252744946814,17426406.0
2898.6266633936316,17420672.0
2898.6280522921147,17418764.0
2898.6294411910644,17431824.0
2898.6308300895485,17426648.0
2898.632218988498,17417450.0
2898.633607886982,17424778.0
2898.6349967859305,17428366.0
2898.636385684879,17416980.0
2898.6377745833634,17427156.0
2898.6391634823135,17428778.0
2898.6405523807966,17419358.0
2898.6419412797463,17419868.0
2898.6433301782295,17428684.0
2898.6447190771796,17417496.0
2898.646107975664,17436184.0
2898.6474968746124,17429252.0
2898.648885773095,17443054.0
2898.6502746720453,17426272.0
2898.6516635705298,17431922.0
2898.653052469013,17429222.0
2898.6544413679626,17432324.0
2898.6558302664457,17426720.0
2898.657219165396,17412314.0
2898.6586080638804,17428646.0
2898.659996962829,17436620.0
2898.6613858613123,17426956.0
2898.662774759796,17435288.0
2898.664163658746,17429364.0
2898.665552557229,17430502.0
2898.666941455713,17428266.0
2898.668330354662,17419994.0
2898.6697192531465,17430834.0
2898.671108151631,17435206.0
2898.6724970505798,17449226.0
2898.673885949064,17409954.0
2898.6752748475465,17441392.0
2898.6766637464957,17436308.0
2898.6780526449797,17428518.0
2898.679441543464,17427356.0
2898.6808304424126,17435016.0
2898.682219340897,17438898.0
2898.6836082393816,17441438.0
2898.6849971378647,17422104.0
2898.6863860368144,17441912.0
2898.687774935297,17422670.0
2898.6891638337806,17421542.0
2898.6905527322647,17424122.0
2898.6919416307487,17429758.0
2898.6933305296975,17412840.0
2898.6947194281815,17436284.0
2898.6961083266656,17421346.0
2898.6974972251496,17428336.0
2898.6988861236337,17433478.0
2898.700275022117,17434736.0
2898.7016639210665,17427998.0
2898.7030528195496,17421952.0
2898.7044417180336,17432792.0
2898.705830616517,17424470.0
2898.707219515001,17417770.0
2898.708608413485,17420828.0
2898.709997311969,17419800.0
2898.711386210453,17438414.0
2898.712775108936,17428740.0
2898.71416400742,17426958.0
2898.715552906369,17426880.0
2898.716941804853,17425370.0
2898.718330703336,17454294.0
2898.71971960182,17426988.0
2898.721108500304,17437390.0
2898.722497398788,17412110.0
2898.723886297272,17446638.0
2898.7252751957553,17430698.0
2898.7266640942394,17429718.0
2898.7280529927225,17436724.0
2898.7294418912065,17426522.0
2898.7308307896897,17438140.0
2898.732219687708,17429780.0
2898.733608586192,17444328.0
2898.734997484676,17435170.0
2898.73638638316,17431156.0
2898.7377752816433,17437676.0
2898.7391641801273,17433000.0
2898.7405530786114,17435594.0
2898.741941977095,17440460.0
2898.7433308755776,17450538.0
2898.7447197740617,17437970.0
2898.7461086725457,17445448.0
2898.747497570564,17454778.0
2898.748886469048,17453692.0
2898.7502753675312,17437526.0
2898.7516642660153,17453290.0
2898.7530531644993,17445004.0
2898.754442062983,17445510.0
2898.755830961,17439696.0
2898.757219859484,17443676.0
2898.758608757967,17451982.0
2898.7599976564516,17458414.0
2898.7613865544704,17457408.0
2898.7627754529535,17447112.0
2898.7641643514376,17451594.0
2898.7655532499216,17461214.0
2898.76694214794,17450022.0
2898.768331046423,17456550.0
2898.7697199449062,17443074.0
2898.7711088433894,17443506.0
2898.772497741408,17440170.0
2898.7738866398927,17455000.0
2898.775275538376,17461182.0
2898.776664436394,17442996.0
2898.778053334878,17464962.0
2898.7794422333623,17469086.0
2898.7808311313797,17442320.0
2898.782220029863,17466774.0
2898.783608928346,17469060.0
2898.784997826365,17446470.0
2898.7863867248493,17472502.0
2898.787775622867,17456356.0
2898.789164521351,17459348.0
2898.790553419834,17460286.0
2898.7919423178528,17473910.0
2898.7933312163373,17448846.0
2898.7947201143543,17450624.0
2898.796109012837,17458812.0
2898.797497910856,17471176.0
2898.7988868093403,17471720.0
2898.8002757073577,17458086.0
2898.801664605842,17483732.0
2898.8030535038592,17462760.0
2898.8044424023437,17463964.0
2898.8058313003626,17480174.0
2898.8072201988457,17452514.0
2898.808609096863,17461724.0
2898.8099979953463,17493492.0
2898.8113868933647,17464972.0
2898.8127757918487,17458420.0
2898.814164689867,17461210.0
2898.81555358835,17487642.0
2898.816942486369,17471330.0
2898.818331384388,17470444.0
2898.819720282871,17467136.0
2898.8211091808885,17471704.0
2898.8224980793716,17482760.0
2898.82388697739,17454470.0
2898.8252758754084,17462308.0
2898.8266647738924,17461484.0
2898.82805367191,17481012.0
2898.8294425699287,17457488.0
2898.830831468413,17468846.0
2898.8322203664306,17484698.0
2898.833609264449,17466752.0
2898.8349981629317,17457952.0
2898.8363870609496,17474240.0
2898.837775958968,17483932.0
2898.839164857452,17458224.0
2898.8405537554695,17463274.0
2898.841942653488,17472946.0
2898.8433315515063,17475908.0
2898.8447204499903,17467504.0
2898.8461093480087,17467618.0
2898.8474982460257,17470468.0
2898.8488871440436,17477704.0
2898.850276042062,17458096.0
2898.851664940546,17475198.0
2898.8530538385635,17452654.0
2898.854442736582,17471504.0
2898.8558316346002,17460590.0
2898.8572205326186,17450526.0
2898.8586094311026,17477324.0
2898.85999832912,17438910.0
2898.8613872271385,17466410.0
2898.862776125156,17458410.0
2898.8641650231743,17466942.0
2898.865553921192,17455942.0
2898.86694281921,17465054.0
2898.8683317172286,17453896.0
2898.869720615247,17471792.0
2898.871109513731,17473796.0
2898.8724984117484,17462562.0
2898.873887309766,17449750.0
2898.875276207784,17473370.0
2898.8766651058027,17468540.0
2898.87805400382,17458746.0
2898.8794429018385,17449258.0
2898.880831799857,17455288.0
2898.8822206978753,17450168.0
2898.8836095958936,17460378.0
2898.884998493911,17443314.0
2898.8863873919295,17458578.0
2898.887776289947,17447956.0
2898.8891651879653,17457712.0
2898.890554085983,17462152.0
2898.891942984001,17444360.0
2898.8933318820195,17439800.0
2898.894720780038,17427178.0
2898.8961096775906,17457554.0
2898.897498575608,17453298.0
2898.8988874736265,17444180.0
2898.900276371645,17468512.0
2898.9016652696628,17430842.0
2898.90305416768,17461476.0
2898.904443065698,17454134.0
2898.9058319637165,17444118.0
2898.907220861735,17426024.0
2898.9086097592876,17441108.0
2898.909998657305,17451762.0
2898.9113875553235,17448712.0
2898.912776453342,17443878.0
2898.9141653513598,17447178.0
2898.915554248911,17451462.0
2898.9169431469295,17445874.0
2898.918332044947,17424840.0
2898.919720942966,17462558.0
2898.9211098409846,17438450.0
2898.9224987385364,17442716.0
2898.923887636555,17433918.0
2898.925276534573,17440626.0
2898.9266654325916,17450564.0
2898.9280543301434,17457016.0
2898.929443228161,17429070.0
2898.9308321261783,17458194.0
2898.9322210237315,17461662.0
2898.9336099217503,17450928.0
2898.9349988197678,17434604.0
2898.9363877173205,17447490.0
2898.937776615339,17451880.0
2898.9391655133572,17443870.0
2898.940554410909,17460134.0
2898.9419433089265,17439442.0
2898.943332206944,17464204.0
2898.944721104497,17445734.0
2898.946110002516,17455326.0
2898.947498900068,17456436.0
2898.948887798086,17449368.0
2898.9502766961036,17438882.0
2898.951665593657,17443816.0
2898.9530544916756,17457370.0
2898.954443389227,17455334.0
2898.955832287244,17442320.0
2898.957221184797,17454144.0
2898.958610082816,17455296.0
2898.959998980368,17459832.0
2898.961387878386,17455560.0
2898.962776775938,17451002.0
2898.964165673957,17445656.0
2898.96555457151,17468156.0
2898.9669434695275,17436182.0
2898.9683323670793,17454840.0
2898.969721265097,17448450.0
2898.9711101626503,17463092.0
2898.972499060668,17462856.0
2898.9738879582205,17440026.0
2898.9752768557723,17450904.0
2898.976665753791,17461650.0
2898.9780546513443,17477762.0
2898.979443549362,17452072.0
2898.9808324469136,17454452.0
2898.9822213444654,17456596.0
2898.983610242484,17467144.0
2898.9849991400365,17436404.0
2898.986388037589,17459508.0
2898.9877769356067,17440932.0
2898.98916583316,17478380.0
2898.990554730713,17453924.0
2898.9919436287305,17447472.0
2898.993332526283,17452542.0
2898.9947214238346,17451722.0
2898.9961103218525,17459692.0
2898.997499219405,17473468.0
2898.998888116958,17466820.0
2899.0002770145097,17455824.0
2899.0016659125286,17476022.0
2899.0030548100817,17450452.0
2899.0044437076335,17455146.0
2899.0058326051862,17458892.0
2899.0072215032033,17474066.0
2899.0086104007555,17449372.0
2899.0099992983082,17451550.0
2899.011388195861,17460564.0
2899.0127770934128,17462504.0
2899.014165991431,17453152.0
2899.015554888984,17451774.0
2899.0169437865366,17461710.0
2899.0183326840893,17454720.0
2899.019721581641,17466428.0
2899.021110479194,17481492.0
2899.0224993767456,17460728.0
2899.023888274764,17459032.0
2899.025277172316,17459024.0
2899.0266660698685,17433660.0
2899.028054967421,17451188.0
2899.029443864974,17460536.0
2899.0308327625266,17437822.0
2899.0322216600784,17448208.0
2899.0336105576316,17450114.0
2899.034999455184,17477824.0
2899.0363883527357,17434706.0
2899.0377772502875,17457224.0
2899.03916614784,17461186.0
2899.040555045393,17461618.0
2899.0419439429456,17449664.0
2899.0433328404984,17438268.0
2899.04472173805,17449702.0
2899.0461106356033,17451122.0
2899.0474995331556,17469020.0
2899.0488884307074,17449622.0
2899.050277328259,17455950.0
2899.051666225812,17460750.0
2899.0530551233646,17458006.0
2899.0544440209173,17454926.0
2899.05583291847,17468576.0
2899.057221816022,17440738.0
2899.058610713109,17462298.0
2899.0599996106616,17444306.0
2899.061388508214,17455674.0
2899.0627774057652,17443050.0
2899.064166303318,17466914.0
2899.0655552008707,17438786.0
2899.0669440984234,17455918.0
2899.0683329955104,17447734.0
2899.0697218930623,17440280.0
2899.071110790615,17455728.0
2899.0724996881677,17459904.0
2899.07388858572,17446888.0
2899.0752774828056,17432464.0
2899.0766663803583,17467984.0
2899.078055277911,17441318.0
2899.079444175464,17450568.0
2899.080833072551,17439380.0
2899.0822219701026,17448282.0
2899.0836108676554,17453870.0
2899.084999765208,17467086.0
2899.086388662295,17441126.0
2899.087777559847,17448002.0
2899.0891664573987,17460782.0
2899.090555354486,17448510.0
2899.0919442520385,17456826.0
2899.093333149591,17437446.0
2899.0947220466774,17430422.0
2899.09611094423,17454184.0
2899.097499841783,17458192.0
2899.09888873887,17445824.0
2899.1002776364226,17454214.0
2899.101666533974,17439498.0
2899.1030554310596,17448444.0
2899.1044443286128,17451660.0
2899.1058332257003,17450398.0
2899.107222123252,17448338.0
2899.108611020805,17460888.0
2899.109999917892,17459532.0
2899.1113888154446,17448378.0
2899.1127777125316,17445320.0
2899.114166610083,17454212.0
2899.1155555071687,17446362.0
2899.116944404722,17443626.0
2899.1183333018093,17451838.0
2899.119722199361,17468322.0
2899.121111096448,17447132.0
2899.122499994001,17468674.0
2899.123888891088,17455206.0
2899.1252777886407,17455226.0
2899.126666685727,17467860.0
2899.1280555832786,17449414.0
2899.1294444803652,17443696.0
2899.1308333779184,17463948.0
2899.1322222750046,17442510.0
2899.1336111720916,17467914.0
2899.1350000696443,17414368.0
2899.1363889667314,17452246.0
2899.137777864284,17460692.0
2899.1391667613702,17469648.0
2899.1405556584564,17424572.0
2899.1419445560086,17468514.0
2899.143333453096,17464444.0
2899.1447223501823,17444792.0
2899.146111247735,17436230.0
2899.147500144821,17455346.0
2899.1488890419087,17468600.0
2899.150277939462,17446538.0
2899.151666836548,17465520.0
2899.153055733635,17456410.0
2899.154444630721,17456522.0
2899.155833528274,17448400.0
2899.15722242536,17443276.0
2899.158611322447,17440060.0
2899.1600002195332,17448864.0
2899.1613891170864,17453454.0
2899.162778014174,17426778.0
2899.16416691126,17430062.0
2899.165555808347,17431934.0
2899.1669447059,17431630.0
2899.1683336029864,17452408.0
2899.169722500072,17426236.0
2899.171111397159,17424408.0
2899.1725002942453,17435780.0
2899.173889191333,17439542.0
2899.175278088886,17405594.0
2899.176666985972,17413256.0
2899.178055883059,17424876.0
2899.1794447801462,17408454.0
2899.180833677233,17407660.0
2899.1822225743185,17396440.0
2899.183611471405,17407014.0
2899.1850003684917,17396732.0
2899.186389265579,17399126.0
2899.1877781631324,17381192.0
2899.1891670602186,17400234.0
2899.1905559573056,17379916.0
2899.1919448543917,17375264.0
2899.1933337514793,17384966.0
2899.194722648566,17399680.0
2899.196111545651,17375750.0
2899.197500442738,17380448.0
2899.198889339825,17371736.0
2899.200278236913,17347404.0
2899.2016671339993,17373716.0
2899.2030560310864,17363664.0
2899.2044449281725,17343428.0
2899.20583382526,17353710.0
2899.2072227223466,17344716.0
2899.208611618966,17322502.0
2899.2100005160532,17341676.0
2899.2113894131403,17348726.0
2899.2127783102283,17296006.0
2899.2141672073144,17330094.0
2899.215556104401,17327322.0
2899.2169450014876,17308558.0
2899.2183338985747,17321404.0
2899.2197227956626,17311384.0
2899.221111692282,17313972.0
2899.2225005893683,17306100.0
2899.2238894864554,17286110.0
2899.2252783835434,17283090.0
2899.2266672806295,17311194.0
2899.2280561777156,17283748.0
2899.229445074337,17277008.0
2899.230833971424,17276428.0
2899.232222868512,17267402.0
2899.233611765598,17254430.0
2899.2350006622187,17259156.0
2899.236389559304,17257392.0
2899.2377784563914,17245962.0
2899.239167353479,17239288.0
2899.2405562500994,17247594.0
2899.2419451471865,17237730.0
2899.2433340442735,17236738.0
2899.2447229413615,17235626.0
2899.246111837982,17218440.0
2899.247500735068,17212670.0
2899.2488896321534,17199284.0
2899.250278528775,17186498.0
2899.2516674258627,17216456.0
2899.253056322949,17199074.0
2899.2544452195702,17190196.0
2899.2558341166573,17182814.0
2899.2572230137453,17187812.0
2899.2586119103657,17162122.0
2899.260000807452,17169164.0
2899.2613897040724,17171086.0
2899.262778601159,17146444.0
2899.264167497781,17163206.0
2899.265556394867,17166856.0
2899.266945291954,17128672.0
2899.2683341885754,17143264.0
2899.269723085663,17142304.0
2899.271111982284,17134872.0
2899.27250087937,17115674.0
2899.2738897759905,17111864.0
2899.275278673077,17115202.0
2899.276667569699,17121796.0
2899.278056466785,17099412.0
2899.2794453634065,17092204.0
2899.2808342604926,17103450.0
2899.2822231571145,17098922.0
2899.283612054202,17068584.0
2899.2850009508225,17086256.0
2899.2863898479095,17069090.0
2899.28777874453,17062242.0
2899.2891676411514,17054620.0
2899.2905565382375,17045314.0
2899.291945434859,17047414.0
2899.293334331945,17060702.0
2899.294723228567,17044506.0
2899.2961121251888,17030368.0
2899.297501022275,17022490.0
2899.2988899188963,17026014.0
2899.3002788155177,17038408.0
2899.3016677126047,17012452.0
2899.3030566092243,17029062.0
2899.3044455058457,17014344.0
2899.305834402932,17019354.0
2899.3072232995537,17019328.0
2899.3086121961755,17011698.0
2899.3100010932617,17005630.0
2899.311389989883,16977412.0
2899.3127788865045,17006812.0
2899.3141677831254,16985824.0
2899.315556680211,16977480.0
2899.3169455768325,16984622.0
2899.318334473453,16980868.0
2899.319723370075,16984918.0
2899.3211122671623,16980308.0
2899.322501163783,16965784.0
2899.323890060404,16990886.0
2899.3252789570256,16958068.0
2899.326667853647,16976856.0
2899.3280567502675,16985758.0
2899.3294456473536,16952050.0
2899.330834543974,16968308.0
2899.332223440596,16969776.0
2899.333612337218,16951184.0
2899.3350012338383,16944964.0
2899.3363901304597,16952774.0
2899.33777902708,16970142.0
2899.3391679241677,16965052.0
2899.3405568207886,16947442.0
2899.341945717409,16949816.0
2899.3433346140296,16952716.0
2899.3447235106514,16948594.0
2899.3461124072733,16954266.0
2899.3475013038938,16952024.0
2899.348890200515,16957020.0
2899.3502790971356,16951060.0
2899.3516679937575,16949614.0
2899.3530568903793,16970436.0
2899.3544457869993,16957058.0
2899.3558346836194,16940914.0
2899.357223580241,16954076.0
2899.358612476863,16953226.0
2899.3600013734836,16932298.0
2899.361390270105,16944954.0
2899.3627791667254,16952202.0
2899.3641680633473,16963424.0
2899.365556959969,16959464.0
2899.366945856589,16980338.0
2899.368334753209,16972694.0
2899.3697236493654,16978254.0
2899.371112545987,16972780.0
2899.3725014426077,16976288.0
2899.373890339229,16966130.0
2899.3752792358496,16980106.0
2899.3766681324714,16990320.0
2899.3780570290933,16964720.0
2899.379445925248,16982304.0
2899.3808348218686,16998638.0
2899.3822237184895,16983606.0
2899.3836126151114,16983586.0
2899.385001511732,17010546.0
2899.3863904083532,16999966.0
2899.387779304508,17007520.0
2899.38916820113,17015824.0
2899.3905570977518,17028954.0
2899.3919459943722,17003356.0
2899.393334890528,17032638.0
2899.3947237871485,17034604.0
2899.39611268377,17036106.0
2899.3975015803903,17037746.0
2899.398890476546,17039380.0
2899.4002793731665,17033450.0
2899.4016682697884,17054496.0
2899.4030571659446,17049780.0
2899.404446062565,17041198.0
2899.4058349591864,17080514.0
2899.407223855341,17049804.0
2899.4086127519618,17066026.0
2899.410001648583,17085038.0
2899.411390544739,17079436.0
2899.4127794413594,17069460.0
2899.414168337981,17092834.0
2899.4155572341374,17090300.0
2899.416946130758,17103334.0
2899.4183350269136,17083988.0
2899.419723923534,17111974.0
2899.4211128201555,17099538.0
2899.4225017163103,17121746.0
2899.4238906129317,17117508.0
2899.4252795090865,17117570.0
2899.4266684057084,17138860.0
2899.4280573018646,17158180.0
2899.429446198485,17123956.0
2899.4308350946408,17142802.0
2899.4322239912613,17148286.0
2899.433612887417,17149608.0
2899.4350017840375,17175360.0
2899.436390680193,17176822.0
2899.4377795768137,17196102.0
2899.43916847297,17167214.0
2899.4405573695917,17190478.0
2899.4419462657465,17157122.0
2899.443335162368,17188732.0
2899.4447240585228,17204226.0
2899.446112954679,17203254.0
2899.4475018513,17206938.0
2899.4488907474547,17223938.0
2899.450279644075,17219416.0
2899.4516685402314,17235960.0
2899.4530574363876,17236016.0
2899.454446333008,17227998.0
2899.4558352291638,17236794.0
2899.4572241253186,17248720.0
2899.4586130219404,17243502.0
2899.4600019180966,17259606.0
2899.461390814251,17272826.0
2899.462779710871,17264762.0
2899.464168607027,17271448.0
2899.4655575031834,17266164.0
2899.466946399338,17269860.0
2899.4683352959596,17269118.0
2899.4697241921144,17297292.0
2899.4711130882706,17286340.0
2899.472501984427,17294422.0
2899.473890881047,17298652.0
2899.475279777201,17311068.0
2899.476668673357,17294632.0
2899.4780575695127,17317696.0
2899.479446466134,17327912.0
2899.48083536229,17326082.0
2899.4822242584446,17316320.0
2899.483613154601,17353618.0
2899.485002050757,17310944.0
2899.486390946912,17334238.0
2899.4877798435323,17332096.0
2899.489168739687,17334452.0
2899.490557635843,17351594.0
2899.4919465319986,17337556.0
2899.4933354281543,17371648.0
2899.494724324309,17371474.0
2899.4961132204653,17370814.0
2899.4975021166215,17366414.0
2899.4988910127763,17379078.0
2899.500279908931,17358690.0
2899.5016688055516,17392018.0
2899.5030577017073,17382544.0
2899.504446597863,17370286.0
2899.505835494019,17381078.0
2899.5072243901736,17386310.0
2899.50861328633,17390506.0
2899.510002182486,17398196.0
2899.511391078641,17388268.0
2899.5127799747966,17401232.0
2899.514168870951,17405486.0
2899.515557767106,17423410.0
2899.516946663262,17406474.0
2899.5183355594177,17429826.0
2899.519724455107,17415004.0
2899.521113351263,17422060.0
2899.522502247419,17409840.0
2899.523891143574,17431816.0
2899.5252800397298,17442800.0
2899.5266689358846,17433040.0
2899.5280578320403,17447138.0
2899.529446728195,17435474.0
2899.530835624351,17446778.0
2899.5322245205057,17437330.0
2899.533613416196,17445128.0
2899.5350023123524,17452732.0
2899.536391208507,17452856.0
2899.537780104663,17432676.0
2899.5391690008178,17463754.0
2899.5405578969735,17462636.0
2899.5419467926627,17449152.0
2899.5433356888184,17467696.0
2899.544724584973,17465916.0
2899.5461134811294,17471028.0
2899.54750237682,17448950.0
2899.5488912729747,17465178.0
2899.5502801691305,17473014.0
2899.5516690652853,17457394.0
2899.553057960976,17470406.0
2899.554446857131,17469636.0
2899.555835753286,17469854.0
2899.557224648975,17454744.0
2899.558613545131,17475098.0
2899.5600024412865,17453996.0
2899.5613913374423,17479820.0
2899.5627802331323,17464272.0
2899.564169129287,17455336.0
2899.5655580254434,17443366.0
2899.566946921133,17473550.0
2899.568335817288,17451140.0
2899.569724712977,17478328.0
2899.5711136091327,17458544.0
2899.5725025052884,17464018.0
2899.5738914009785,17461426.0
2899.575280297134,17479384.0
2899.5766691928234,17466568.0
2899.5780580889796,17478360.0
2899.57944698467,17472144.0
2899.5808358808245,17462488.0
2899.582224776979,17469942.0
2899.583613672669,17471290.0
2899.5850025688246,17480634.0
2899.5863914645147,17470172.0
2899.5877803606704,17473548.0
2899.5891692563596,17462710.0
2899.5905581525158,17472964.0
2899.5919470482063,17490216.0
2899.593335944361,17457168.0
2899.5947248400503,17455532.0
2899.5961137357394,17468810.0
2899.597502631895,17452968.0
2899.5988915275852,17472394.0
2899.600280423741,17474272.0
2899.60166931943,17466704.0
2899.6030582155863,17469278.0
2899.604447111277,17465900.0
2899.605836006966,17455012.0
2899.607224903121,17481858.0
2899.60861379881,17455588.0
2899.6100026945,17482832.0
2899.611391590656,17467032.0
2899.612780486346,17481330.0
2899.6141693825007,17461890.0
2899.615558278191,17473726.0
2899.6169471738817,17456230.0
2899.618336069571,17473252.0
2899.6197249657266,17465756.0
2899.6211138614153,17477214.0
2899.622502757105,17454148.0
2899.6238916532607,17469516.0
2899.6252805489507,17463546.0
2899.62666944464,17446986.0
2899.6280583403304,17471664.0
2899.6294472364866,17458242.0
2899.630836132176,17462398.0
2899.632225027866,17475618.0
2899.6336139235545,17473308.0
2899.635002819244,17478748.0
2899.6363917154,17451148.0
2899.63778061109,17446546.0
2899.639169506779,17485342.0
2899.6405584024697,17452910.0
2899.64194729816,17453300.0
2899.6433361938493,17483030.0
2899.644725090005,17456060.0
2899.6461139856942,17465498.0
2899.6475028813843,17454674.0
2899.6488917770735,17446318.0
2899.6502806727635,17474444.0
2899.6516695684527,17465018.0
2899.653058464143,17468562.0
2899.6544473598337,17465516.0
2899.655836255523,17483166.0
2899.657225151213,17456538.0
2899.658614047368,17483160.0
2899.6600029430583,17445382.0
2899.661391838748,17476844.0
2899.662780734437,17467608.0
2899.6641696301263,17461956.0
2899.6655585258163,17477894.0
2899.6669474215064,17461230.0
2899.6683363171965,17455926.0
2899.6697252128865,17465874.0
2899.6711141085757,17465746.0
2899.672503004266,17478976.0
2899.67389189949,17457752.0
2899.6752807951793,17465672.0
2899.6766696908685,17465400.0
2899.6780585865586,17468272.0
2899.6794474822486,17449066.0
2899.6808363779387,17461356.0
2899.682225273629,17460900.0
2899.683614169318,17464114.0
2899.6850030650085,17472972.0
2899.686391960699,17470386.0
2899.687780855922,17453672.0
2899.6891697516107,17444076.0
2899.690558647301,17476770.0
2899.691947542991,17475020.0
2899.693336438681,17475260.0
2899.694725334371,17464700.0
2899.6961142295945,17478666.0
2899.697503125285,17473264.0
2899.6988920209756,17456360.0
2899.7002809166643,17468124.0
2899.701669812353,17470538.0
2899.7030587075774,17465942.0
2899.7044476032675,17471306.0
2899.7058364989575,17468534.0
2899.7072253946476,17453964.0
2899.708614289871,17468678.0
2899.7100031855616,17468588.0
2899.711392081252,17466518.0
2899.7127809764756,17465548.0
2899.714169872165,17450306.0
2899.715558767854,17475726.0
2899.716947663544,17477172.0
2899.7183365587684,17462402.0
2899.7197254544585,17484014.0
2899.721114349682,17454152.0
2899.7225032453725,17465174.0
2899.723892141063,17469566.0
2899.7252810362866,17468034.0
2899.7266699319766,17475792.0
2899.7280588276653,17463258.0
2899.7294477228893,17484690.0
2899.7308366185794,17447042.0
2899.7322255138038,17485864.0
2899.733614409493,17459476.0
2899.735003304718,17456814.0
2899.7363922004083,17459948.0
2899.7377810960975,17468280.0
2899.739169991322,17499476.0
2899.7405588870106,17435796.0
2899.7419477822345,17481556.0
2899.7433366779246,17479878.0
2899.744725573149,17476866.0
2899.746114468838,17482598.0
2899.747503364063,17465854.0
2899.7488922597536,17481198.0
2899.750281154977,17485098.0
2899.7516700502015,17467780.0
2899.7530589458906,17498902.0
2899.754447841115,17450704.0
2899.755836736804,17482678.0
2899.7572256320286,17473158.0
2899.758614527718,17480518.0
2899.7600034229426,17499160.0
2899.7613923181675,17459474.0
2899.7627812138567,17467552.0
2899.764170109081,17495510.0
2899.7655590043046,17489904.0
2899.7669478999946,17467790.0
2899.768336795218,17478230.0
2899.769725690908,17474928.0
2899.7711145861317,17485204.0
2899.7725034813566,17488562.0
2899.7738923765814,17481582.0
2899.7752812722706,17488442.0
2899.776670167495,17487886.0
2899.7780590627185,17483010.0
2899.779447958409,17493698.0
2899.780836853633,17490314.0
2899.7822257488565,17476416.0
2899.78361464408,17497906.0
2899.7850035397705,17491772.0
2899.7863924349954,17488266.0
2899.787781330219,17486824.0
2899.7891702254433,17487000.0
2899.790559120667,17500732.0
2899.7919480163573,17494798.0
2899.793336911582,17498208.0
2899.794725806805,17484052.0
2899.7961147020283,17501936.0
2899.797503597253,17483702.0
2899.7988924929437,17498558.0
2899.800281388167,17493678.0
2899.8016702833916,17496472.0
2899.803059178615,17499498.0
2899.80444807384,17503584.0
2899.805836969065,17481986.0
2899.807225864288,17508976.0
2899.808614759511,17470640.0
2899.8100036547357,17512216.0
2899.8113925499606,17491066.0
2899.8127814456498,17477498.0
2899.814170340874,17461432.0
2899.8155592360977,17516182.0
2899.8169481313225,17501494.0
2899.8183370265474,17485692.0
2899.819725921771,17486338.0
2899.8211148169944,17502610.0
2899.8225037122183,17505840.0
2899.823892607443,17490612.0
2899.8252815026667,17491136.0
2899.826670397891,17485928.0
2899.8280592931146,17515138.0
2899.8294481883395,17508690.0
2899.8308370830987,17500506.0
2899.832225978322,17513730.0
2899.8336148735457,17487154.0
2899.8350037687696,17509796.0
2899.8363926639945,17507614.0
2899.837781559218,17497752.0
2899.8391704544424,17515564.0
2899.840559349666,17512254.0
2899.841948244891,17491322.0
2899.8433371401156,17506414.0
2899.8447260348735,17508556.0
2899.846114930098,17522984.0
2899.847503825321,17506612.0
2899.848892720545,17501784.0
2899.8502816157693,17483186.0
2899.8516705109937,17518730.0
2899.8530594057515,17516452.0
2899.8544483009764,17493194.0
2899.8558371962013,17502608.0
2899.8572260914248,17500654.0
2899.8586149861835,17477198.0
2899.8600038814066,17526796.0
2899.8613927766305,17461424.0
2899.862781671855,17511234.0
2899.8641705666137,17504576.0
2899.865559461837,17499258.0
2899.866948357062,17501722.0
2899.868337252287,17497612.0
2899.8697261470447,17492488.0
2899.871115042269,17487538.0
2899.8725039374926,17503252.0
2899.8738928322514,17506608.0
2899.875281727475,17510126.0
2899.8766706226993,17499182.0
2899.878059517457,17511670.0
2899.879448412682,17488106.0
2899.880837307441,17500894.0
2899.8822262026647,17483526.0
2899.883615097889,17516888.0
2899.885003992647,17492510.0
2899.886392887872,17494410.0
2899.88778178263,17502678.0
2899.8891706778536,17491882.0
2899.890559573077,17491568.0
2899.8919484678363,17492264.0
2899.893337363061,17485446.0
2899.894726257819,17507562.0
2899.8961151530434,17503716.0
2899.8975040478012,17496678.0
2899.898892943026,17517870.0
2899.9002818377844,17491260.0
2899.901670733008,17496374.0
2899.9030596277657,17476178.0
2899.9044485229906,17454474.0
2899.90583741775,17497620.0
2899.9072263129733,17498444.0
2899.908615207732,17513702.0
2899.91000410249,17480538.0
2899.9113929977148,17499492.0
2899.912781892474,17487456.0
2899.914170787697,17509124.0
2899.9155596824544,17492612.0
2899.9169485776792,17486504.0
2899.9183374724385,17476244.0
2899.9197263671963,17499064.0
2899.9211152624207,17501338.0
2899.9225041571785,17490188.0
2899.9238930519377,17500892.0
2899.9252819471626,17493516.0
2899.92667084192,17503640.0
2899.9280597366774,17483230.0
2899.9294486319022,17487736.0
2899.9308375266614,17468602.0
2899.9322264214193,17500036.0
2899.933615316178,17509098.0
2899.9350042114015,17490388.0
2899.9363931061607,17493938.0
2899.93778200092,17491354.0
2899.9391708961434,17481474.0
2899.9405597909013,17497126.0
2899.9419486856596,17505758.0
2899.9433375804188,17489508.0
2899.9447264751766,17488996.0
2899.946115370401,17504560.0
2899.947504265159,17466506.0
2899.948893159918,17484410.0
2899.9502820546772,17467078.0
2899.951670949435,17486018.0
2899.9530598446595,17499244.0
2899.9544487394173,17469368.0
2899.955837634176,17497180.0
2899.957226528934,17475028.0
2899.9586154236927,17486746.0
2899.9600043184505,17486304.0
2899.9613932132097,17489958.0
2899.962782107969,17489198.0
2899.9641710027267,17475346.0
2899.965559897951,17488394.0
2899.966948792709,17495766.0
2899.9683376874677,17479330.0
2899.9697265822256,17472880.0
2899.9711154769843,17448612.0
2899.972504371742,17489760.0
2899.9738932665014,17488192.0
2899.9752821612606,17479408.0
2899.9766710560184,17485298.0
2899.978059950777,17480218.0
2899.979448845536,17490308.0
2899.980837740294,17484090.0
2899.9822266350516,17483858.0
2899.9836155298103,17486792.0
2899.985004424568,17485534.0
2899.9863933193274,17457126.0
2899.9877822140866,17489866.0
2899.9891711088444,17481016.0
2899.9905600031375,17487626.0
2899.9919488978962,17463946.0
2899.9933377926545,17469554.0
2899.994726687412,17476386.0
2899.9961155821707,17454180.0
2899.9975044769285,17468614.0
2899.9988933716877,17464468.0
2900.000282266447,17473982.0
2900.001671160739,17483340.0
2900.003060055498,17453266.0
2900.0044489502566,17491324.0
2900.0058378450153,17468212.0
2900.007226739773,17467074.0
2900.008615634531,17478062.0
2900.010004528823,17487120.0
2900.0113934235824,17460504.0
2900.0127823183416,17471194.0
2900.0141712130994,17455642.0
2900.0155601073925,17463858.0
2900.0169490021513,17480534.0
2900.01833789691,17449942.0
2900.0197267916687,17461042.0
2900.0211156859605,17473400.0
2900.0225045807188,17447488.0
2900.0238934754775,17456558.0
2900.0252823697706,17458282.0
2900.0266712645284,17468596.0
2900.028060159287,17462834.0
2900.029449054046,17460358.0
2900.030837948339,17461948.0
2900.0322268430978,17456880.0
2900.0336157373895,17456292.0
2900.035004632148,17474082.0
2900.0363935269065,17467936.0
2900.0377824211996,17438298.0
2900.0391713159574,17443938.0
2900.040560210716,17441976.0
2900.0419491050093,17469466.0
2900.043337999768,17435714.0
2900.044726894061,17472868.0
2900.046115788819,17454880.0
2900.047504683112,17446942.0
2900.04889357787,17471272.0
2900.050282472163,17455010.0
2900.051671366921,17466688.0
2900.0530602616795,17466694.0
2900.0544491559726,17429456.0
2900.0558380507314,17454262.0
2900.0572269450245,17469498.0
2900.0586158393166,17451566.0
2900.0600047340754,17445154.0
2900.0613936283676,17437044.0
2900.0627825231263,17466508.0
2900.0641714174185,17440376.0
2900.0655603121772,17467588.0
2900.0669492064703,17425274.0
2900.068338101229,17448754.0
2900.069726995522,17442848.0
2900.0711158898143,17443560.0
2900.0725047845735,17459438.0
2900.073893678866,17427672.0
2900.075282573624,17453070.0
2900.076671467916,17449478.0
2900.0780603622093,17428230.0
2900.079449256968,17431590.0
2900.080838151261,17450018.0
2900.082227045554,17432976.0
2900.083615940312,17452992.0
2900.0850048346056,17438700.0
2900.086393728899,17459876.0
2900.0877826236565,17440632.0
2900.089171517948,17450998.0
2900.0905604122413,17471244.0
2900.0919493065344,17431802.0
2900.093338201293,17445220.0
2900.094727095586,17432840.0
2900.0961159898784,17464986.0
2900.097504884172,17426230.0
2900.098893778931,17450270.0
2900.100282673223,17434760.0
2900.1016715675146,17462872.0
2900.1030604618077,17434680.0
2900.1044493561008,17443800.0
2900.1058382508595,17452344.0
2900.1072271451526,17438418.0
2900.1086160394448,17450158.0
2900.1100049337383,17443036.0
2900.111393828032,17449614.0
2900.112782722324,17439620.0
2900.114171616616,17445780.0
2900.115560511374,17440514.0
2900.116949405667,17452810.0
2900.11833829996,17414480.0
2900.1197271942533,17447924.0
2900.1211160885455,17458046.0
2900.122504982839,17437940.0
2900.1238938771326,17439252.0
2900.1252827714247,17433494.0
2900.126671665717,17433970.0
2900.128060560009,17431178.0
2900.129449454302,17434258.0
2900.1308383485953,17434266.0
2900.1322272428883,17439560.0
2900.1336161371805,17433420.0
2900.135005031474,17440358.0
2900.1363939257676,17429372.0
2900.13778282006,17445040.0
2900.139171714353,17437964.0
2900.1405606086446,17433482.0
2900.141949502937,17458632.0
2900.1433383972303,17418986.0
2900.1447272915234,17438534.0
2900.1461161858156,17467202.0
2900.147505080109,17445430.0
2900.1488939744027,17415772.0
2900.150282868695,17437032.0
2900.1516717625223,17436634.0
2900.1530606568144,17413552.0
2900.1544495511075,17426408.0
2900.1558384453997,17424558.0
2900.157227339693,17425026.0
2900.158616233985,17453346.0
2900.1600051282785,17400888.0
2900.1613940221064,17419074.0
2900.1627829163986,17442738.0
2900.1641718106916,17417684.0
2900.165560704984,17428308.0
2900.166949599277,17424256.0
2900.1683384931034,17425834.0
2900.1697273873965,17409240.0
2900.1711162816887,17418488.0
2900.172505175982,17401454.0
2900.17389406981,17431574.0
2900.1752829641023,17430718.0
2900.1766718583954,17438348.0
2900.1780607526875,17422786.0
2900.1794496465154,17418502.0
2900.180838540808,17429022.0
2900.1822274351002,17410744.0
2900.1836163289267,17400558.0
2900.1850052232203,17418744.0
2900.186394117514,17418920.0
2900.1877830113403,17408642.0
2900.1891719056334,17419666.0
2900.1905607999256,17405098.0
2900.1919496937535,17404686.0
2900.193338588046,17418576.0
2900.1947274818726,17414212.0
2900.196116376165,17401258.0
2900.1975052704584,17406806.0
2900.1988941642862,17396280.0
2900.2002830585784,17390422.0
2900.201671952406,17405634.0
2900.203060846698,17412568.0
2900.204449740526,17392278.0
2900.2058386348194,17387574.0
2900.2072275286455,17386244.0
2900.208616422937,17402234.0
2900.210005316765,17402808.0
2900.2113942110586,17385940.0
2900.212783104885,17403440.0
2900.2141719991782,17369614.0
2900.2155608930057,17419812.0
2900.2169497872987,17375932.0
2900.218338681126,17385590.0
2900.2197275754183,17386032.0
2900.221116469245,17391684.0
2900.2225053635375,17390926.0
2900.2238942573654,17369302.0
2900.2252831516575,17396382.0
2900.226672045485,17381004.0
2900.2280609393124,17389718.0
2900.2294498336055,17378074.0
2900.230838727433,17394176.0
2900.2322276212594,17393144.0
2900.2336165155516,17376304.0
2900.2350054093786,17368480.0
2900.2363943032065,17372666.0
2900.2377831974986,17376146.0
2900.239172091326,17372774.0
2900.2405609851535,17381680.0
2900.2419498794466,17380974.0
2900.243338773274,17361896.0
2900.2447276671005,17367838.0
2900.2461165613936,17359640.0
2900.24750545522,17372052.0
2900.2488943490475,17361202.0
2900.250283242874,17377606.0
2900.251672137167,17368002.0
2900.2530610309946,17346378.0
2900.254449924822,17343832.0
2900.2558388186494,17361948.0
2900.2572277129416,17373730.0
2900.258616606769,17348230.0
2900.2600055005955,17342696.0
2900.261394394423,17354146.0
2900.2627832882495,17347302.0
2900.264172182077,17370482.0
2900.26556107637,17341454.0
2900.2669499701974,17373636.0
2900.268338864025,17333912.0
2900.2697277578513,17350988.0
2900.2711166516788,17332262.0
2900.272505545506,17364092.0
2900.273894439333,17342206.0
2900.275283333159,17341438.0
2900.2766722274523,17336744.0
2900.2780611212797,17352558.0
2900.279450015107,17337682.0
2900.2808389089346,17332946.0
2900.282227802761,17331018.0
2900.2836166965885,17363704.0
2900.285005590416,17355292.0
2900.2863944842434,17346798.0
2900.28778337807,17339640.0
2900.2891722718964,17336712.0
2900.290561165724,17336260.0
2900.2919500595513,17348580.0
2900.2933389533787,17344510.0
2900.294727847205,17340022.0
2900.2961167410326,17346506.0
2900.29750563486,17337632.0
2900.2988945286875,17321680.0
2900.300283422514,17344022.0
2900.301672315875,17333866.0
2900.3030612097023,17320690.0
2900.3044501035297,17324752.0
2900.305838997357,17325650.0
2900.3072278911836,17335108.0
2900.308616785011,17310314.0
2900.3100056788385,17315374.0
2900.311394572666,17337656.0
2900.3127834664933,17336902.0
2900.3141723598537,17322748.0
2900.3155612536807,17328360.0
2900.316950147508,17322394.0
2900.3183390413355,17328804.0
2900.319727935162,17315988.0
2900.3211168285243,17308472.0
2900.322505722352,17348154.0
2900.3238946161787,17295602.0
2900.325283510006,17346336.0
2900.326672403832,17314724.0
2900.3280612971935,17300250.0
2900.329450191021,17332614.0
2900.3308390848483,17302808.0
2900.332227978675,17316098.0
2900.333616872037,17323116.0
2900.335005765865,17323874.0
2900.3363946596915,17281482.0
2900.337783553053,17312728.0
2900.3391724468797,17313134.0
2900.340561340707,17336220.0
2900.341950234068,17286576.0
2900.3433391278954,17331854.0
2900.344728021722,17303050.0
2900.346116915084,17286872.0
2900.347505808912,17316574.0
2900.3488947027386,17309932.0
2900.3502835961003,17311968.0
2900.351672489927,17290452.0
2900.3530613832886,17311750.0
2900.354450277115,17305346.0
2900.3558391709425,17317972.0
2900.3572280643034,17318080.0
2900.3586169581313,17322528.0
2900.3600058514935,17304512.0
2900.36139474532,17333310.0
2900.362783638682,17284080.0
2900.3641725325083,17314360.0
2900.3655614258705,17293636.0
2900.3669503196975,17310986.0
2900.3683392130583,17294732.0
2900.369728106885,17317910.0
2900.371117000247,17290328.0
2900.372505894075,17282752.0
2900.373894787436,17300624.0
2900.375283681263,17313302.0
2900.376672574624,17295062.0
2900.378061468452,17287762.0
2900.379450361814,17300168.0
2900.3808392551746,17277412.0
2900.3822281490006,17290130.0
2900.383617042363,17263992.0
2900.3850059361907,17302394.0
2900.3863948295516,17287552.0
2900.3877837229134,17269286.0
2900.38917261674,17276240.0
2900.390561510102,17297910.0
2900.3919504034643,17277822.0
2900.3933392972904,17275044.0
2900.3947281906508,17280454.0
2900.396117084013,17297416.0
2900.397505977841,17290386.0
2900.3988948712017,17255432.0
2900.4002837645635,17263680.0
2900.401672658391,17281240.0
2900.4030615517527,17259000.0
2900.4044504451144,17264082.0
2900.4058393384753,17265734.0
2900.407228232302,17271508.0
2900.408617125663,17234102.0
2900.4100060190253,17268930.0
2900.411394912386,17268472.0
2900.412783805748,17267148.0
2900.4141726995754,17269144.0
2900.415561592937,17259502.0
2900.416950486299,17251332.0
2900.4183393796598,17259772.0
2900.4197282730206,17261712.0
2900.4211171668476,17251586.0
2900.42250606021,17256122.0
2900.4238949535707,17255404.0
2900.4252838469324,17246068.0
2900.426672740294,17250188.0
2900.428061633656,17267620.0
2900.4294505270177,17250130.0
2900.4308394203786,17251970.0
2900.4322283137403,17246278.0
2900.433617207567,17246694.0
2900.4350061009286,17257818.0
2900.4363949942895,17218694.0
2900.437783887651,17248188.0
2900.439172781013,17238742.0
2900.4405616743747,17230282.0
2900.4419505677365,17236918.0
2900.4433394610974,17237408.0
2900.444728354459,17238174.0
2900.446117247821,17252612.0
2900.447506141182,17221672.0
2900.4488950345426,17241208.0
2900.4502839279044,17222158.0
2900.451672821266,17248686.0
2900.453061714628,17240432.0
2900.4544506079897,17220572.0
2900.4558395013505,17246208.0
2900.4572283947123,17242760.0
2900.4586172876084,17220560.0
2900.4600061809697,17225650.0
2900.46139507433,17228576.0
2900.462783967692,17238196.0
2900.4641728610536,17225342.0
2900.4655617544154,17228616.0
2900.466950647777,17206448.0
2900.468339541138,17230848.0
2900.4697284340346,17215622.0
2900.4711173273968,17231456.0
2900.4725062207576,17230608.0
2900.4738951141185,17211730.0
2900.4752840074793,17227798.0
2900.476672900841,17211322.0
2900.478061793737,17197956.0
2900.479450687099,17204076.0
2900.48083958046,17228536.0
2900.482228473822,17228418.0
2900.4836173667186,17205174.0
2900.4850062600794,17232638.0
2900.4863951534403,17208580.0
2900.487784046801,17225722.0
2900.4891729396973,17210628.0
2900.490561833059,17214518.0
2900.491950726421,17227528.0
2900.493339619316,17207006.0
2900.494728512678,17212888.0
2900.4961174060404,17171290.0
2900.4975062994013,17203216.0
2900.4988951922974,17222958.0
2900.5002840856578,17193060.0
2900.5016729785534,17205170.0
2900.503061871915,17215340.0
2900.504450765277,17219754.0
2900.505839658172,17199144.0
2900.5072285515344,17194508.0
2900.5086174448966,17211054.0
2900.5100063377918,17202962.0
2900.5113952311535,17202048.0
2900.5127841240487,17181640.0
2900.5141730174105,17199256.0
2900.5155619103057,17199170.0
2900.5169508036674,17178960.0
2900.5183396965626,17200282.0
2900.519728589925,17191326.0
2900.521117483287,17199500.0
2900.5225063761823,17213086.0
2900.523895269544,17186692.0
2900.525284162439,17193726.0
2900.526673055801,17192162.0
2900.528061948696,17204016.0
2900.5294508415923,17190494.0
2900.530839734953,17166390.0
2900.5322286278497,17190144.0
2900.533617521212,17198356.0
2900.535006414107,17179714.0
2900.536395307469,17204406.0
2900.537784200365,17188312.0
2900.539173093261,17170788.0
2900.540561986622,17191552.0
2900.541950879517,17186480.0
2900.543339772878,17187456.0
2900.5447286657745,17175652.0
2900.546117558671,17179242.0
2900.547506452032,17178542.0
2900.548895344928,17180320.0
2900.550284237824,17178160.0
2900.551673131186,17175960.0
2900.553062024081,17194408.0
2900.5544509169763,17160154.0
2900.555839810337,17193216.0
2900.5572287032337,17164418.0
2900.5586175961303,17172848.0
2900.5600064890255,17149440.0
2900.561395382387,17159508.0
2900.5627842752833,17182436.0
2900.5641731681794,17170756.0
2900.5655620610755,17182274.0
2900.566950954436,17149312.0
2900.5683398473307,17166554.0
2900.569728740227,17154040.0
2900.571117633124,17154810.0
2900.572506526019,17145214.0
2900.5738954193807,17144860.0
2900.575284312277,17170442.0
2900.576673205173,17148588.0
2900.578062098069,17140348.0
2900.5794509909642,17138036.0
2900.5808398838594,17149368.0
2900.5822287772207,17103678.0
2900.5836176701173,17093776.0
2900.5850065630125,17088716.0
2900.5863954559086,17074712.0
2900.5877843488047,17046172.0
2900.589173241701,17050612.0
2900.590562134597,17013976.0
2900.591951027492,17024760.0
2900.593339920388,16996162.0
2900.5947288132834,16962528.0
2900.5961177061795,16951432.0
2900.5975065990747,16926406.0
2900.598895491971,16892246.0
2900.600284384867,16877944.0
2900.601673277763,16822312.0
2900.603062170659,16825424.0
2900.6044510635543,16788888.0
2900.605839956451,16760859.0
2900.6072288493465,16706381.0
2900.6086177422417,16707468.0
2900.610006635137,16661092.0
2900.611395528033,16620362.0
2900.612784420929,16595934.0
2900.614173313825,16547207.0
2900.6155622067213,16510754.0
2900.6169510996165,16484347.0
2900.618339992513,16441284.0
2900.6197288854087,16392878.0
2900.621117777838,16357125.0
2900.6225066707334,16303146.0
2900.6238955636295,16264300.0
2900.6252844565256,16216846.0
2900.6266733494217,16162831.0
2900.628062242318,16121331.0
2900.629451135213,16067448.0
2900.630840027644,16018443.0
2900.6322289205405,15963981.0
2900.633617813435,15922739.0
2900.63500670633,15862871.0
2900.6363955992265,15807200.0
2900.6377844916574,15756144.0
2900.6391733845526,15705682.0
2900.6405622774487,15642108.0
2900.641951170344,15580599.0
2900.6433400627748,15529974.0
2900.6447289556713,15464455.0
2900.6461178485665,15410729.0
2900.647506740996,15355626.0
2900.6488956338917,15292047.0
2900.6502845267883,15238229.0
2900.6516734196834,15168381.0
2900.653062312114,15115877.0
2900.654451205009,15052586.0
2900.6558400979056,14982137.0
2900.6572289903365,14930470.0
2900.6586178832317,14871719.0
2900.6600067756613,14808194.0
2900.661395668557,14728209.0
2900.6627845614535,14678644.0
2900.664173453883,14611499.0
2900.665562346779,14550316.0
2900.6669512392086,14481150.0
2900.668340132105,14413798.0
2900.6697290250017,14346496.0
2900.6711179174313,14280871.0
2900.6725068103274,14210474.0
2900.673895702757,14142958.0
2900.675284595653,14072160.0
2900.6766734880825,14011296.0
2900.6780623809786,13948702.0
2900.679451273408,13881849.0
2900.6808401663047,13810820.0
2900.6822290587356,13745892.0
2900.683617951631,13677056.0
2900.6850068440613,13607914.0
2900.6863957369565,13538595.0
2900.687784629387,13476066.0
2900.689173522282,13400676.0
2900.6905624147125,13358364.0
2900.6919513076086,13276638.0
2900.693340200039,13204822.0
2900.6947290924695,13148708.0
2900.6961179853647,13069736.0
2900.697506877795,13010490.0
2900.6988957702256,12945527.0
2900.7002846631212,12872058.0
2900.7016735555503,12798611.0
2900.7030624484464,12736917.0
2900.704451340877,12670560.0
2900.7058402333073,12612504.0
2900.7072291262034,12538283.0
2900.708618018633,12477817.0
2900.7100069110634,12407966.0
2900.7113958039595,12342314.0
2900.71278469639,12266949.0
2900.7141735888194,12180656.0
2900.715562481249,12097488.0
2900.716951374145,12020353.0
2900.7183402665755,11938279.0
2900.719729159006,11858591.0
2900.7211180514355,11779751.0
2900.7225069443316,11706993.0
2900.723895836762,11628082.0
2900.7252847291925,11557160.0
2900.726673621622,11479612.0
2900.7280625140515,11405661.0
2900.7294514069476,11337860.0
2900.730840299378,11267341.0
2900.7322291918085,11204838.0
2900.733618084238,11126561.0
2900.735006976669,11063914.0
2900.7363958691,10996221.0
2900.737784761995,10934624.0
2900.7391736544255,10870841.0
2900.7405625468546,10808911.0
2900.7419514392845,10753052.0
2900.743340331715,10693972.0
2900.7447292241454,10637228.0
2900.746118116575,10580669.0
2900.747507009006,10529626.0
2900.7488959014368,10477927.0
2900.7502847938663,10427109.0
2900.7516736862967,10380923.0
2900.753062578726,10333709.0
2900.754451471156,10289052.0
2900.755840364052,10247741.0
2900.7572292564823,10206336.0
2900.758618148912,10167764.0
2900.760007040877,10131135.0
2900.761395933308,10094978.0
2900.7627848257375,10063308.0
2900.764173718168,10035539.0
2900.7655626105975,10004816.0
2900.766951503028,9980110.0
2900.7683403954575,9957152.0
2900.769729287888,9945892.0
2900.7711181803174,9923778.0
2900.7725070727483,9904680.0
2900.7738959651792,9893185.0
2900.7752848576088,9882039.0
2900.776673750039,9873924.0
2900.7780626424696,9866737.0
2900.7794515344344,9868764.0
2900.780840426864,9864222.0
2900.7822293192935,9869898.0
2900.783618211723,9870799.0
2900.785007104154,9881646.0
2900.786395996585,9896671.0
2900.7877848885487,9902829.0
2900.789173780979,9923065.0
2900.7905626734096,9936271.0
2900.79195156584,9960347.0
2900.7933404582695,9981747.0
2900.7947293502334,10005973.0
2900.796118242663,10033081.0
2900.797507135094,10058787.0
2900.7988960275247,10096075.0
2900.8002849194886,10131478.0
2900.801673811919,10163462.0
2900.8030627043495,10205951.0
2900.80445159678,10239771.0
2900.8058404887447,10289329.0
2900.807229381174,10327614.0
2900.808618273603,10379750.0
2900.810007165568,10424892.0
2900.811396057999,10474709.0
2900.8127849504285,10531433.0
2900.8141738423933,10578158.0
2900.8155627348237,10638230.0
2900.816951627254,10691246.0
2900.818340519219,10750162.0
2900.819729411648,10810674.0
2900.8211183036124,10872567.0
2900.822507196043,10937279.0
2900.8238960884732,11004672.0
2900.825284980437,11065052.0
2900.8266738728676,11133864.0
2900.8280627648323,11201986.0
2900.829451657263,11271756.0
2900.8308405492276,11338281.0
2900.832229441657,11408374.0
2900.833618333622,11487150.0
2900.8350072260514,11555219.0
2900.836396118016,11635578.0
2900.8377850104457,11707938.0
2900.8391739024105,11781879.0
2900.840562794841,11856140.0
2900.8419516868057,11938287.0
2900.843340579236,12024286.0
2900.8447294712,12092933.0
2900.8461183636305,12179491.0
2900.8475072555943,12258830.0
2900.848896147559,12333479.0
2900.8502850399886,12400607.0
2900.851673931954,12453305.0
2900.853062824385,12536756.0
2900.8544517163486,12596132.0
2900.8558406083134,12660389.0
2900.857229500743,12730004.0
2900.858618392708,12792352.0
2900.860007285138,12862999.0
2900.861396177102,12931366.0
2900.862785069066,12998782.0
2900.864173961497,13058388.0
2900.865562853462,13135130.0
2900.866951745426,13219444.0
2900.8683406373907,13273690.0
2900.8697295298202,13334878.0
2900.8711184217855,13407218.0
2900.8725073137507,13481824.0
2900.87389620618,13541033.0
2900.875285098143,13613916.0
2900.8766739901084,13685506.0
2900.8780628820737,13753247.0
2900.879451774503,13811111.0
2900.880840666468,13889244.0
2900.882229558432,13963127.0
2900.883618450397,14027697.0
2900.8850073423623,14101421.0
2900.8863962347914,14153806.0
2900.887785126755,14231297.0
2900.88917401872,14298335.0
2900.8905629106853,14376070.0
2900.891951802649,14439791.0
2900.893340694614,14502061.0
2900.8947295870444,14581343.0
2900.896118479009,14638630.0
2900.897507370974,14698910.0
2900.898896262938,14776183.0
2900.9002851549017,14843865.0
2900.901674046866,14895588.0
2900.903062938831,14964967.0
2900.904451830795,15036638.0
2900.90584072276,15102081.0
2900.9072296147247,15152657.0
2900.9086185066894,15210151.0
2900.910007398654,15288594.0
2900.911396290618,15339872.0
2900.912785182582,15406506.0
2900.9141740745463,15463576.0
2900.9155629665115,15529432.0
2900.9169518584754,15579378.0
2900.91834075044,15647375.0
2900.919729642405,15695631.0
2900.9211185343697,15758326.0
2900.9225074263345,15818477.0
2900.9238963182984,15880206.0
2900.9252852102636,15926694.0
2900.926674102228,15977305.0
2900.928062994192,16038621.0
2900.9294518861557,16087868.0
2900.9308407781205,16141420.0
2900.9322296700852,16196598.0
2900.93361856205,16229405.0
2900.935007453549,16295102.0
2900.936396345513,16335094.0
2900.9377852374782,16372334.0
2900.9391741294435,16427631.0
2900.940563021407,16461953.0
2900.9419519133703,16497552.0
2900.943340805335,16555592.0
2900.944729696834,16591344.0
2900.946118588799,16619452.0
2900.9475074807638,16658743.0
2900.9488963727276,16697235.0
2900.950285264227,16739118.0
2900.9516741561924,16759181.0
2900.953063048156,16820926.0
2900.9544519401193,16811730.0
2900.955840832084,16845738.0
2900.957229723583,16888158.0
2900.958618615548,16913324.0
2900.9600075075127,16954000.0
2900.961396399011,16945518.0
2900.962785290976,16949196.0
2900.9641741829414,17018838.0
2900.9655630744396,17040018.0
2900.9669519664035,17055104.0
2900.968340858368,17063266.0
2900.9697297498674,17089344.0
2900.9711186418313,17131248.0
2900.972507533796,17097586.0
2900.9738964252942,17134034.0
2900.9752853172595,17140958.0
2900.9766742092247,17172228.0
2900.978063100723,17181320.0
2900.979451992687,17198084.0
2900.9808408841855,17184496.0
2900.9822297761507,17209002.0
2900.983618667649,17204364.0
2900.9850075596137,17220892.0
2900.9863964515775,17231788.0
2900.987785343077,17241830.0
2900.9891742350424,17227248.0
2900.9905631265406,17218810.0
2900.9919520185053,17233926.0
2900.9933409100036,17237722.0
2900.9947298019683,17226920.0
2900.9961186934665,17214320.0
2900.9975075854313,17207272.0
2900.9988964769304,17233816.0
2901.000285368895,17229880.0
2901.0016742603943,17239042.0
2901.0030631518925,17210798.0
2901.0044520438573,17248802.0
2901.0058409353564,17233178.0
2901.0072298273208,17239910.0
2901.0086187188185,17216910.0
2901.0100076107833,17210932.0
2901.0113965022824,17248500.0
2901.0127853937815,17244970.0
2901.0141742857463,17229470.0
2901.0155631772445,17256612.0
2901.0169520687436,17219112.0
2901.0183409607084,17240430.0
2901.019729852207,17202982.0
2901.021118743705,17249180.0
2901.0225076356696,17232902.0
2901.0238965271687,17258030.0
2901.025285418668,17239458.0
2901.0266743106326,17217970.0
2901.028063202131,17250140.0
2901.0294520936304,17211374.0
2901.03084098513,17235486.0
2901.032229877094,17247574.0
2901.033618768592,17213388.0
2901.0350076600903,17249788.0
2901.0363965515894,17256406.0
2901.037785443554,17237034.0
2901.0391743350533,17261164.0
2901.0405632265515,17226328.0
2901.041952118051,17232552.0
2901.0433410095507,17245952.0
2901.0447299015145,17252076.0
2901.0461187930127,17249372.0
2901.047507684511,17225146.0
2901.04889657601,17260098.0
2901.050285467509,17246426.0
2901.0516743590083,17254298.0
2901.0530632505065,17251466.0
2901.0544521424717,17265280.0
2901.0558410339713,17254026.0
2901.0572299254695,17259902.0
2901.0586188169686,17265178.0
2901.060007708467,17265552.0
2901.061396599966,17245076.0
2901.062785491464,17263338.0
2901.0641743829633,17246268.0
2901.0655632744615,17250484.0
2901.066952165961,17269646.0
2901.0683410574607,17260942.0
2901.069729948959,17265828.0
2901.071118840458,17254348.0
2901.072507731957,17266782.0
2901.0738966234558,17254720.0
2901.0752855149535,17272988.0
2901.0766744064526,17261622.0
2901.078063297951,17247562.0
2901.0794521894504,17290044.0
2901.08084108095,17263772.0
2901.082229972448,17270962.0
2901.0836188639473,17256258.0
2901.0850077554464,17263262.0
2901.086396646945,17246884.0
2901.087785538443,17259386.0
2901.0891744294763,17263366.0
2901.0905633209754,17287352.0
2901.0919522124746,17273666.0
2901.0933411039737,17257532.0
2901.094729995472,17259534.0
2901.096118886971,17268242.0
2901.09750777847,17225824.0
2901.0988966695036,17268000.0
2901.100285561002,17281934.0
2901.1016744525,17267144.0
2901.103063343999,17301618.0
2901.1044522354982,17262084.0
2901.1058411269973,17272240.0
2901.10723001803,17261088.0
2901.108618909529,17284920.0
2901.110007801028,17279656.0
2901.1113966925273,17290424.0
2901.11278558356,17270264.0
2901.114174475058,17300962.0
2901.115563366557,17259270.0
2901.1169522575906,17288530.0
2901.1183411490897,17262884.0
2901.119730040588,17264572.0
2901.1211189320875,17270190.0
2901.1225078231214,17280034.0
2901.1238967146196,17252000.0
2901.1252856061187,17283066.0
2901.126674497151,17270538.0
2901.1280633886495,17263366.0
2901.1294522801486,17276376.0
2901.130841171182,17279318.0
2901.1322300626803,17264904.0
2901.133618953714,17295806.0
2901.1350078452137,17277664.0
2901.136396736712,17281852.0
2901.1377856277454,17283070.0
2901.1391745192436,17295810.0
2901.140563410277,17292820.0
2901.1419523017753,17290814.0
2901.1433411928087,17295768.0
2901.144730084307,17272734.0
2901.146118975341,17282216.0
2901.1475078668404,17313004.0
2901.148896757873,17288306.0
2901.150285649372,17251338.0
2901.1516745404056,17285256.0
2901.1530634319042,17320256.0
2901.1544523229363,17293470.0
2901.1558412144354,17311402.0
2901.157230105468,17309058.0
2901.1586189969676,17283076.0
2901.1600078880015,17316922.0
2901.1613967794997,17302794.0
2901.162785670533,17312886.0
2901.1641745620323,17303104.0
2901.1655634530657,17313246.0
2901.1669523440983,17318186.0
2901.1683412355965,17321190.0
2901.169730126629,17321326.0
2901.171119017663,17301772.0
2901.1725079091625,17281854.0
2901.173896800195,17308552.0
2901.175285691694,17314208.0
2901.1766745827276,17311906.0
2901.178063473761,17326360.0
2901.1794523652593,17310340.0
2901.180841256292,17316064.0
2901.1822301473253,17304550.0
2901.1836190383588,17312106.0
2901.185007929858,17305830.0
2901.1863968208904,17354002.0
2901.187785711924,17306374.0
2901.1891746029573,17331832.0
2901.1905634944565,17320486.0
2901.19195238549,17321148.0
2901.193341276522,17319448.0
2901.194730167555,17316892.0
2901.196119059054,17335560.0
2901.1975079500876,17326242.0
2901.19889684112,17351760.0
2901.2002857321536,17316230.0
2901.201674623187,17341700.0
2901.203063514686,17339834.0
2901.2044524057196,17336166.0
2901.205841296752,17336896.0
2901.2072301877856,17331908.0
2901.208619078818,17366642.0
2901.2100079698516,17299688.0
2901.211396860884,17342384.0
2901.212785751918,17340760.0
2901.2141746434177,17345742.0
2901.21556353445,17355030.0
2901.2169524254837,17353220.0
2901.218341316516,17348560.0
2901.2197302075497,17358830.0
2901.221119098582,17351198.0
2901.2225079896157,17306516.0
2901.223896880648,17353838.0
2901.225285771682,17332510.0
2901.226674662716,17325318.0
2901.2280635537486,17363214.0
2901.229452444782,17342430.0
2901.2308413358146,17361552.0
2901.2322302268485,17370216.0
2901.2336191178815,17352592.0
2901.235008008914,17335630.0
2901.2363968999466,17347296.0
2901.2377857909805,17355510.0
2901.2391746820144,17370502.0
2901.240563573047,17329666.0
2901.2419524640804,17355082.0
2901.243341355114,17341668.0
2901.2447302456817,17390958.0
2901.2461191367142,17315106.0
2901.247508027747,17335038.0
2901.2488969187793,17326818.0
2901.2502858098132,17359620.0
2901.251674700847,17333450.0
2901.2530635918797,17373098.0
2901.254452482913,17349606.0
2901.255841373481,17357474.0
2901.2572302645144,17368430.0
2901.258619155548,17354856.0
2901.26000804658,17369810.0
2901.261396937613,17373582.0
2901.2627858281808,17376106.0
2901.264174719214,17375976.0
2901.2655636102468,17365924.0
2901.2669525012802,17356324.0
2901.268341391848,17363908.0
2901.2697302828815,17375662.0
2901.271119173915,17381934.0
2901.2725080649475,17374380.0
2901.2738969555153,17386224.0
2901.275285846548,17370896.0
2901.2766747375813,17380764.0
2901.278063628148,17365692.0
2901.2794525191816,17372716.0
2901.280841410215,17388376.0
2901.282230300783,17360166.0
2901.2836191918163,17393552.0
2901.285008082849,17350108.0
2901.2863969734167,17374508.0
2901.2877858644492,17371448.0
2901.2891747554827,17371920.0
2901.2905636460496,17384836.0
2901.2919525370835,17374382.0
2901.2933414276517,17392774.0
2901.2947303186843,17385524.0
2901.2961192097177,17360638.0
2901.2975081002846,17385074.0
2901.2988969913185,17387548.0
2901.300285881886,17378542.0
2901.3016747729184,17399694.0
2901.3030636634853,17407436.0
2901.3044525545192,17393466.0
2901.3058414450875,17371174.0
2901.30723033612,17387358.0
2901.308619226688,17397834.0
2901.3100081177213,17390646.0
2901.311397008289,17409986.0
2901.3127858993216,17382638.0
2901.3141747898885,17383626.0
2901.315563680921,17419326.0
2901.3169525714893,17413196.0
2901.318341462523,17425682.0
2901.31973035309,17400748.0
2901.321119243658,17383254.0
2901.3225081346914,17411960.0
2901.323897025259,17377390.0
2901.3252859162926,17421618.0
2901.326674806859,17400514.0
2901.3280636974255,17394276.0
2901.3294525884594,17409644.0
2901.3308414790276,17413298.0
2901.3322303695945,17409152.0
2901.333619260628,17401412.0
2901.335008151196,17407600.0
2901.3363970417636,17401530.0
2901.337785932797,17419278.0
2901.3391748233635,17391090.0
2901.340563713931,17436706.0
2901.3419526049643,17407384.0
2901.343341495532,17402338.0
2901.344730386099,17433438.0
2901.3461192766667,17409104.0
2901.3475081677,17365692.0
2901.348897058268,17397836.0
2901.350285948836,17407544.0
2901.3516748394027,17424896.0
2901.353063730436,17402596.0
2901.354452621003,17432728.0
2901.355841511571,17399038.0
2901.3572304021377,17411858.0
2901.3586192927055,17411614.0
2901.3600081832733,17431586.0
2901.3613970743068,17426702.0
2901.3627859648745,17415762.0
2901.3641748554414,17412740.0
2901.3655637460097,17419112.0
2901.366952636577,17418608.0
2901.368341527144,17440014.0
2901.369730417711,17401710.0
2901.3711193087447,17445728.0
2901.372508199313,17433986.0
2901.37389708988,17435734.0
2901.3752859804476,17439228.0
2901.3766748710145,17437066.0
2901.378063761583,17445918.0
2901.37945265215,17408354.0
2901.380841542717,17429580.0
2901.382230433284,17402484.0
2901.383619323852,17409606.0
2901.3850082144204,17439480.0
2901.3863971049873,17453974.0
2901.387785995555,17431404.0
2901.389174886123,17455768.0
2901.3905637766907,17432640.0
2901.3919526672585,17447184.0
2901.393341557825,17442172.0
2901.3947304483913,17440338.0
2901.3961193389596,17459104.0
2901.397508229528,17442142.0
2901.3988971200947,17446954.0
2901.4002860106625,17460348.0
2901.4016749007646,17455432.0
2901.4030637913324,17443028.0
2901.4044526819002,17411368.0
2901.4058415724667,17444752.0
2901.407230463033,17431802.0
2901.4086193536014,17452088.0
2901.4100082441696,17458668.0
2901.4113971347365,17455068.0
2901.4127860248386,17425568.0
2901.4141749154064,17440104.0
2901.415563805974,17441884.0
2901.416952696542,17465540.0
2901.418341587109,17466358.0
2901.419730477211,17453278.0
2901.421119367778,17460196.0
2901.4225082583457,17469384.0
2901.4238971489126,17459126.0
2901.4252860390147,17478698.0
2901.4266749295825,17458254.0
2901.4280638201503,17459548.0
2901.429452710718,17451036.0
2901.4308416008193,17455296.0
2901.4322304913876,17463914.0
2901.433619381955,17435672.0
2901.435008272056,17446546.0
2901.436397162623,17445896.0
2901.4377860531913,17457226.0
2901.4391749437596,17460242.0
2901.440563833861,17477850.0
2901.4419527244286,17466786.0
2901.44334161453,17464314.0
2901.444730505098,17463028.0
2901.4461193956654,17480368.0
2901.4475082857666,17448226.0
2901.4488971763335,17470162.0
2901.4502860669018,17431606.0
2901.4516749570043,17489144.0
2901.4530638475712,17456324.0
2901.4544527376734,17442350.0
2901.455841628241,17459174.0
2901.4572305183433,17472214.0
2901.458619408911,17470080.0
2901.460008299012,17451074.0
2901.4613971895783,17446718.0
2901.462786079681,17435478.0
2901.464174970249,17473764.0
2901.4655638603504,17484590.0
2901.466952750918,17455700.0
2901.4683416410203,17505262.0
2901.469730531588,17480652.0
2901.47111942169,17481950.0
2901.4725083122567,17500678.0
2901.4738972023574,17440506.0
2901.4752860929257,17472946.0
2901.4766749830283,17481710.0
2901.478063873595,17485298.0
2901.4794527636973,17455160.0
2901.4808416537994,17496150.0
2901.482230544367,17479834.0
2901.4836194344693,17442068.0
2901.4850083250362,17449972.0
2901.4863972151384,17468984.0
2901.4877861052396,17495920.0
2901.4891749958074,17473730.0
2901.4905638859086,17464414.0
2901.4919527760107,17475578.0
2901.4933416665785,17448496.0
2901.4947305566807,17452676.0
2901.496119446783,17465398.0
2901.497508336884,17490534.0
2901.4988972274523,17487320.0
2901.500286117554,17491814.0
2901.501675007655,17449058.0
2901.503063898222,17472170.0
2901.5044527883247,17480790.0
2901.5058416784273,17475840.0
2901.5072305685285,17493958.0
2901.5086194590963,17474312.0
2901.5100083491975,17495230.0
2901.5113972393,17495996.0
2901.512786129402,17468608.0
2901.514175019503,17475862.0
2901.51556391007,17481142.0
2901.5169528001725,17483348.0
2901.518341690275,17485536.0
2901.5197305803763,17482142.0
2901.5211194704784,17456474.0
2901.5225083605796,17484080.0
2901.5238972506822,17466826.0
2901.5252861412505,17487954.0
2901.5266750313513,17472474.0
2901.528063921452,17490370.0
2901.5294528115546,17475864.0
2901.530841701657,17486114.0
2901.5322305917584,17486670.0
2901.5336194818606,17477974.0
2901.5350083719627,17498444.0
2901.536397262065,17489974.0
2901.537786152167,17465612.0
2901.5391750422677,17480934.0
2901.5405639323685,17494852.0
2901.541952822471,17478724.0
2901.5433417125737,17480486.0
2901.544730602675,17473606.0
2901.546119492777,17484122.0
2901.547508382879,17486624.0
2901.5488972729813,17486322.0
2901.5502861630835,17502360.0
2901.5516750531847,17468646.0
2901.553063943287,17476072.0
2901.554452833388,17476196.0
2901.55584172349,17484130.0
2901.5572306135914,17471550.0
2901.5586195036935,17504684.0
2901.5600083937957,17453796.0
2901.561397283898,17496294.0
2901.5627861735343,17485696.0
2901.5641750636355,17467680.0
2901.565563953738,17491206.0
2901.5669528438398,17494530.0
2901.568341733941,17495636.0
2901.569730624042,17462208.0
2901.571119513679,17494202.0
2901.5725084037817,17484312.0
2901.573897293883,17484308.0
2901.575286183985,17505050.0
2901.5766750740863,17504270.0
2901.5780639637233,17497664.0
2901.579452853825,17457850.0
2901.580841743926,17482518.0
2901.5822306340274,17476336.0
2901.58361952413,17482856.0
2901.585008413767,17479234.0
2901.586397303868,17490248.0
2901.5877861939703,17489254.0
2901.5891750836067,17498104.0
2901.590563973709,17500996.0
2901.591952863811,17450068.0
2901.593341753912,17483584.0
2901.594730643547,17508394.0
2901.5961195336495,17493310.0
2901.597508423752,17507994.0
2901.5988973133876,17474038.0
2901.6002862034898,17487464.0
2901.6016750931262,17497330.0
2901.6030639832284,17498298.0
2901.6044528733305,17500458.0
2901.6058417629656,17504736.0
2901.6072306530664,17488092.0
2901.6086195427033,17497740.0
2901.610008432806,17492572.0
2901.611397322907,17520320.0
2901.6127862125436,17485468.0
2901.6141751026457,17505824.0
2901.615563992282,17494590.0
2901.6169528823843,17491150.0
2901.61834177202,17480624.0
2901.619730662122,17477214.0
2901.6211195517576,17499780.0
2901.6225084418597,17496056.0
2901.6238973314953,17509486.0
2901.6252862215974,17487768.0
2901.626675111234,17481788.0
2901.628064001336,17507124.0
2901.6294528909725,17484946.0
2901.6308417810737,17487292.0
2901.6322306707107,17518016.0
2901.6336195608123,17491056.0
2901.635008450448,17487046.0
2901.6363973400835,17495774.0
2901.637786230186,17507366.0
2901.639175119823,17490046.0
2901.640564009924,17499156.0
2901.6419528995607,17486644.0
2901.6433417891963,17505754.0
2901.644730679299,17489644.0
2901.646119568935,17504588.0
2901.6475084585704,17493372.0
2901.6488973486717,17503092.0
2901.6502862383086,17516246.0
2901.6516751279455,17502348.0
2901.6530640180467,17508272.0
2901.654452907683,17505630.0
2901.6558417973197,17492946.0
2901.657230687422,17454180.0
2901.6586195770583,17513412.0
2901.6600084666934,17506214.0
2901.6613973563285,17483588.0
2901.662786246431,17469974.0
2901.664175136068,17491522.0
2901.6655640257036,17489426.0
2901.66695291534,17510918.0
2901.6683418049765,17499318.0
2901.6697306950787,17497008.0
2901.671119584715,17490002.0
2901.6725084743503,17473688.0
2901.6738973639863,17502910.0
2901.6752862536227,17494304.0
2901.676675143725,17499838.0
2901.6780640333604,17513532.0
2901.679452922997,17490506.0
2901.6808418126334,17516046.0
2901.68223070227,17481834.0
2901.6836195919063,17488624.0
2901.685008481542,17513514.0
2901.6863973711784,17503336.0
2901.687786260814,17488692.0
2901.689175150916,17486416.0
2901.6905640405516,17503746.0
2901.6919529301886,17494424.0
2901.6933418198255,17488866.0
2901.694730709461,17508670.0
2901.6961195990975,17508676.0
2901.697508488733,17482100.0
2901.69889737837,17493692.0
2901.700286268006,17507518.0
2901.7016751576416,17515694.0
2901.703064047277,17489396.0
2901.704452936914,17510008.0
2901.705841826551,17475098.0
2901.7072307161866,17479412.0
2901.708619605823,17517770.0
2901.7100084954586,17501840.0
2901.7113973850956,17481320.0
2901.7127862747316,17515490.0
2901.7141751639015,17498764.0
2901.715564053537,17498664.0
2901.716952943174,17511728.0
2901.718341832811,17493102.0
2901.7197307224465,17504754.0
2901.721119612083,17504840.0
2901.7225085017194,17492138.0
2901.723897391356,17509278.0
2901.7252862805267,17488678.0
2901.726675170162,17499132.0
2901.728064059797,17516510.0
2901.729452949434,17512322.0
2901.7308418390708,17509776.0
2901.7322307287063,17506638.0
2901.733619617877,17488712.0
2901.7350085075136,17492974.0
2901.73639739715,17469726.0
2901.7377862867866,17517180.0
2901.739175175956,17503298.0
2901.740564065592,17486368.0
2901.7419529552285,17492738.0
2901.743341844865,17519858.0
2901.744730734035,17506950.0
2901.7461196236713,17492182.0
2901.747508513308,17485036.0
2901.7488974029443,17494776.0
2901.750286292115,17512140.0
2901.7516751817507,17489186.0
2901.753064071387,17482016.0
2901.754452960557,17489608.0
2901.7558418501935,17464204.0
2901.757230739829,17494458.0
2901.7586196290003,17510504.0
2901.7600085186373,17482782.0
2901.761397407807,17500050.0
2901.7627862974437,17503440.0
2901.764175187079,17471416.0
2901.7655640762505,17507068.0
2901.7669529658865,17490176.0
2901.7683418550564,17494988.0
2901.769730744692,17502276.0
2901.771119634329,17499516.0
2901.7725085235,17484876.0
2901.7738974131357,17504296.0
2901.7752863023065,17475246.0
2901.776675191943,17487842.0
2901.778064081114,17501172.0
2901.7794529707494,17517238.0
2901.7808418599193,17473730.0
2901.782230749555,17487450.0
2901.783619638726,17506794.0
2901.785008528363,17489474.0
2901.786397417533,17507424.0
2901.7877863071694,17511296.0
2901.7891751963402,17492682.0
2901.790564085511,17497680.0
2901.7919529751475,17514382.0
2901.793341864317,17517804.0
2901.794730753953,17469750.0
2901.796119643124,17469346.0
2901.7975085322946,17471974.0
2901.79889742193,17495178.0
2901.800286311101,17480914.0
2901.8016752007375,17484394.0
2901.8030640899083,17488924.0
2901.804452979079,17474764.0
2901.805841868714,17486784.0
2901.8072307578846,17491618.0
2901.8086196470554,17482440.0
2901.810008536692,17484198.0
2901.8113974258617,17488182.0
2901.812786315033,17495400.0
2901.8141752042043,17477010.0
2901.81556409384,17508864.0
2901.8169529830107,17497256.0
2901.8183418721806,17477972.0
2901.8197307613514,17480878.0
2901.821119650987,17502472.0
2901.8225085401577,17478646.0
2901.8238974293276,17494452.0
2901.825286318499,17485544.0
2901.826675208136,17467742.0
2901.8280640973057,17472616.0
2901.8294529864766,17469808.0
2901.8308418756474,17482446.0
2901.8322307648177,17493016.0
2901.833619653987,17485234.0
2901.8350085436236,17506712.0
2901.8363974327935,17489082.0
2901.837786321965,17489092.0
2901.839175211136,17478336.0
2901.840564100306,17478746.0
2901.841952989477,17481474.0
2901.8433418786476,17470140.0
2901.8447307678184,17481470.0
2901.846119657454,17486030.0
2901.847508546624,17474558.0
2901.8488974357947,17473354.0
2901.8502863249655,17481218.0
2901.8516752141363,17479670.0
2901.853064103306,17431390.0
2901.854452992477,17487742.0
2901.855841881648,17489418.0
2901.8572307708187,17483644.0
2901.8586196599895,17472988.0
2901.860008549159,17414994.0
2901.8613974383293,17478990.0
2901.8627863275,17475370.0
2901.864175216671,17489342.0
2901.865564105841,17492012.0
2901.866952995012,17489072.0
2901.8683418841833,17480464.0
2901.8697307733532,17474724.0
2901.8711196620584,17466810.0
2901.872508551228,17478782.0
2901.873897440398,17485208.0
2901.875286329569,17485526.0
2901.87667521874,17483742.0
2901.8780641079097,17464550.0
2901.879452997081,17476592.0
2901.8808418862523,17488312.0
2901.882230775422,17458576.0
2901.8836196641273,17474740.0
2901.885008553298,17454740.0
2901.8863974424685,17492696.0
2901.887786331638,17495122.0
2901.8891752208087,17473490.0
2901.890564109513,17476614.0
2901.8919529986842,17479702.0
2901.8933418878555,17477088.0
2901.8947307770254,17491478.0
2901.8961196661962,17474214.0
2901.8975085549014,17487150.0
2901.8988974440717,17480114.0
2901.900286333241,17476684.0
2901.901675222412,17455292.0
2901.903064111117,17461140.0
2901.904453000288,17498090.0
2901.9058418894588,17465298.0
2901.907230778163,17460286.0
2901.908619667334,17451222.0
2901.9100085565046,17467194.0
2901.91139744521,17478864.0
2901.9127863343797,17485158.0
2901.9141752235496,17506562.0
2901.9155641122547,17471922.0
2901.9169530014256,17487786.0
2901.9183418905964,17473858.0
2901.9197307793006,17476790.0
2901.921119668472,17471642.0
2901.9225085571775,17480168.0
2901.9238974463474,17480654.0
2901.925286335518,17498740.0
2901.926675224222,17502768.0
2901.9280641133923,17487276.0
2901.9294530020975,17452424.0
2901.9308418912683,17502132.0
2901.9322307799725,17486506.0
2901.933619669144,17480698.0
2901.9350085578494,17478840.0
2901.9363974470193,17481120.0
2901.9377863357245,17468704.0
2901.9391752248944,17480202.0
2901.9405641135995,17475108.0
2901.9419530027694,17508156.0
2901.9433418914746,17497364.0
2901.9447307806445,17502914.0
2901.94611966935,17497672.0
2901.9475085585213,17485798.0
2901.9488974472256,17478016.0
2901.9502863363964,17497052.0
2901.9516752251016,17469246.0
2901.9530641138062,17497264.0
2901.9544530029757,17465676.0
2901.955841891681,17482462.0
2901.9572307808517,17501098.0
2901.958619669557,17515224.0
2901.960008558262,17481426.0
2901.961397447432,17468914.0
2901.962786336137,17507588.0
2901.964175224842,17507212.0
2901.9655641140125,17490580.0
2901.9669530027163,17501410.0
2901.9683418914215,17500594.0
2901.9697307805923,17479128.0
2901.9711196692974,17479116.0
2901.9725085580026,17500740.0
2901.973897446707,17490786.0
2901.975286335878,17502364.0
2901.9766752245837,17519970.0
2901.978064113288,17474674.0
2901.979453001992,17502196.0
2901.980841891162,17513006.0
2901.982230779867,17475098.0
2901.9836196685724,17508084.0
2901.9850085572775,17508972.0
2901.9863974459818,17537582.0
2901.987786335153,17502110.0
2901.9891752238586,17507596.0
2901.990564112563,17497300.0
2901.991953001268,17511450.0
2901.9933418899723,17532526.0
2901.9947307786774,17496864.0
2901.9961196673817,17529384.0
2901.9975085565525,17490806.0
2901.9988974452567,17509148.0
2902.0002863339623,17515426.0
2902.001675222668,17521630.0
2902.003064111372,17517686.0
2902.0044530000773,17537114.0
2902.0058418887816,17525836.0
2902.0072307774867,17515854.0
2902.008619666191,17516844.0
2902.010008554896,17536642.0
2902.0113974436013,17538110.0
2902.0127863323064,17517446.0
2902.0141752210116,17510298.0
2902.015564109716,17535546.0
2902.016952998421,17528212.0
2902.018341887126,17531908.0
2902.019730775831,17530776.0
2902.0211196645346,17538648.0
2902.0225085532397,17524698.0
2902.023897441945,17521218.0
2902.02528633065,17508270.0
2902.026675219355,17534880.0
2902.0280641080594,17519956.0
2902.029452996765,17520836.0
2902.0308418854706,17525272.0
2902.0322307741744,17517490.0
2902.033619662878,17531622.0
2902.0350085515834,17538584.0
2902.036397439823,17523710.0
2902.037786328528,17512056.0
2902.039175217233,17524044.0
2902.0405641059374,17535318.0
2902.041952994643,17488670.0
2902.0433418833486,17492996.0
2902.044730772053,17516486.0
2902.0461196602914,17499804.0
2902.047508548996,17481350.0
2902.0488974377017,17481342.0
2902.050286326406,17526188.0
2902.0516752146455,17491002.0
2902.0530641033497,17495088.0
2902.0544529920553,17476862.0
2902.055841880761,17473212.0
2902.057230769465,17498098.0
2902.0586196577046,17441824.0
2902.060008546409,17512592.0
2902.061397435114,17442514.0
2902.0627863233526,17482102.0
2902.0641752120578,17479908.0
2902.065564100763,17489116.0
2902.0669529890024,17463226.0
2902.0683418777076,17466320.0
2902.069730766412,17455428.0
2902.0711196546513,17448582.0
2902.0725085433555,17451058.0
2902.0738974320607,17445290.0
2902.0752863202993,17416048.0
2902.0766752090044,17453562.0
2902.0780640977096,17427366.0
2902.079452985949,17422384.0
2902.080841874654,17438884.0
2902.082230762893,17403756.0
2902.0836196515984,17430654.0
2902.085008540304,17368692.0
2902.086397428542,17410990.0
2902.087786317246,17419824.0
2902.089175205486,17403182.0
2902.0905640941914,17411178.0
2902.09195298243,17375596.0
2902.093341871135,17397622.0
2902.0947307593738,17398386.0
2902.0961196480794,17384158.0
2902.0975085363193,17364414.0
2902.098897425023,17356524.0
2902.100286313261,17346410.0
2902.101675201967,17342232.0
2902.1030640902068,17377602.0
2902.104452978911,17366398.0
2902.1058418671505,17359504.0
2902.10723075539,17353022.0
2902.108619644095,17317350.0
2902.1100085323346,17332562.0
2902.111397421039,17340534.0
2902.1127863092775,17322030.0
2902.1141751975165,17296494.0
2902.115564086222,17343100.0
2902.1169529744607,17293330.0
2902.1183418627,17326852.0
2902.1197307514053,17293960.0
2902.121119639645,17312480.0
2902.1225085278843,17264106.0
2902.1238974165885,17279948.0
2902.1252863048285,17262430.0
2902.1266751930675,17278826.0
2902.1280640817718,17275318.0
2902.1294529700103,17236964.0
2902.13084185825,17242344.0
2902.132230746955,17245970.0
2902.1336196351945,17257124.0
2902.135008523434,17208668.0
2902.1363974116725,17240080.0
2902.137786300378,17217416.0
2902.139175188617,17187776.0
2902.1405640768558,17226290.0
2902.1419529650943,17213550.0
2902.1433418533343,17200364.0
2902.14473074204,17204580.0
2902.1461196302785,17201768.0
2902.147508518518,17143906.0
2902.1488974067565,17157804.0
2902.1502862949965,17181396.0
2902.1516751832364,17155720.0
2902.15306407194,17201450.0
2902.1544529601783,17146288.0
2902.1558418484183,17151360.0
2902.157230736658,17164322.0
2902.158619624897,17146928.0
2902.1600085131363,17127366.0
2902.161397401376,17144162.0
2902.1627862896153,17132354.0
2902.1641751778548,17101618.0
2902.165564066093,17121490.0
2902.166952954331,17130344.0
2902.168341842571,17076648.0
2902.169730730811,17082432.0
2902.1711196190495,17095272.0
2902.172508507289,17071796.0
2902.1738973955285,17101556.0
2902.175286283768,17079048.0
2902.1766751720074,17090858.0
2902.178064060246,17075908.0
2902.1794529484855,17068508.0
2902.180841836724,17080396.0
2902.1822307249636,17057552.0
2902.183619613202,17080568.0
2902.1850085014416,17052516.0
2902.186397389681,17019954.0
2902.1877862779206,17059496.0
2902.18917516616,17060154.0
2902.1905640543987,17041480.0
2902.1919529426386,17035346.0
2902.1933418308777,17061408.0
2902.1947307186506,17027490.0
2902.196119606889,17042524.0
2902.197508495129,17020456.0
2902.198897383369,17016760.0
2902.2002862716076,16983536.0
2902.201675159847,17005430.0
2902.2030640480866,17027838.0
2902.2044529358604,17003860.0
2902.205841824099,17031144.0
2902.2072307123376,17037908.0
2902.208619600576,17021544.0
2902.2100084883505,17036694.0
2902.2113973765904,17021436.0
2902.212786264829,17003288.0
2902.2141751530685,17026000.0
2902.2155640408423,17017482.0
2902.216952929082,17034460.0
2902.2183418173213,17020702.0
2902.2197307055594,17025978.0
2902.221119593333,17026868.0
2902.2225084815723,17026778.0
2902.2238973698118,17024946.0
2902.2252862575847,17030554.0
2902.226675145824,17023978.0
2902.2280640340637,17027652.0
2902.2294529218375,17011594.0
2902.230841810077,16993300.0
2902.232230698315,17025784.0
2902.2336195860885,17051358.0
2902.235008474328,17014294.0
2902.2363973625675,17044818.0
2902.2377862503404,17061916.0
2902.2391751385803,17052106.0
2902.2405640263546,17038414.0
2902.241952914593,17049468.0
2902.243341802367,17073186.0
2902.2447306906056,17036456.0
2902.246119578845,17075034.0
2902.247508466618,17038708.0
2902.2488973548575,17069730.0
2902.2502862426304,17079720.0
2902.2516751308704,17064964.0
2902.2530640186446,17082820.0
2902.254452906883,17087224.0
2902.255841794657,17074002.0
2902.2572306828965,17087346.0
2902.2586195706704,17126984.0
2902.2600084584433,17074832.0
2902.261397346682,17095636.0
2902.2627862344557,17070344.0
2902.264175122695,17053840.0
2902.265564010469,17108758.0
2902.2669528987076,17113750.0
2902.2683417864814,17126086.0
2902.2697306742552,17118440.0
2902.2711195624947,17128150.0
2902.2725084502677,17125378.0
2902.2738973385062,17147424.0
2902.27528622628,17143050.0
2902.276675114054,17153524.0
2902.2780640022934,17132402.0
2902.2794528900663,17163190.0
2902.2808417778406,17191780.0
2902.2822306660805,17153330.0
2902.2836195538534,17179548.0
2902.2850084416273,17165832.0
2902.2863973298654,17183346.0
2902.2877862176388,17204272.0
2902.2891751054126,17194364.0
2902.2905639931864,17178684.0
2902.291952881425,17193086.0
2902.2933417691993,17200164.0
2902.2947306569736,17205838.0
2902.2961195447465,17221940.0
2902.297508432986,17244980.0
2902.298897320759,17240094.0
2902.3002862085327,17242594.0
2902.3016750963056,17216526.0
2902.3030639840795,17273626.0
2902.3044528718524,17261988.0
2902.3058417600923,17263722.0
2902.3072306478666,17275030.0
2902.3086195356395,17256154.0
2902.3100084234134,17280930.0
2902.311397311187,17282010.0
2902.3127861989606,17282906.0
2902.314175086733,17265268.0
2902.3155639749725,17310314.0
2902.3169528627463,17329688.0
2902.31834175052,17312504.0
2902.319730638294,17302896.0
2902.321119526067,17303692.0
2902.3225084138408,17331990.0
2902.3238973016146,17317606.0
2902.325286189388,17316572.0
2902.3266750771604,17342618.0
2902.3280639649342,17342576.0
2902.329452852708,17340732.0
2902.330841740482,17332622.0
2902.3322306282557,17377160.0
2902.3336195160286,17331428.0
2902.335008403803,17368046.0
2902.336397291577,17367116.0
2902.33778617935,17344884.0
2902.339175067123,17369188.0
2902.3405639548964,17406436.0
2902.3419528426707,17365996.0
2902.3433417304436,17385172.0
2902.3447306182175,17384250.0
2902.3461195059904,17396174.0
2902.3475083937647,17418368.0
2902.3488972810733,17402818.0
2902.350286168846,17422090.0
2902.35167505662,17420290.0
2902.353063944393,17410446.0
2902.3544528321668,17422546.0
2902.3558417199397,17437876.0
2902.3572306077135,17423812.0
2902.3586194950217,17457268.0
2902.3600083827955,17424622.0
2902.3613972705693,17437194.0
2902.3627861583423,17462436.0
2902.364175046116,17443310.0
2902.3655639334233,17458612.0
2902.366952821197,17470954.0
2902.36834170897,17467280.0
2902.369730596744,17456426.0
2902.3711194845177,17479872.0
2902.372508371826,17464196.0
2902.3738972595997,17472302.0
2902.3752861473727,17448348.0
2902.3766750346813,17486132.0
2902.3780639224556,17458206.0
2902.379452810228,17454748.0
2902.3808416980005,17479868.0
2902.382230585309,17467430.0
2902.3836194730834,17468130.0
2902.3850083608563,17453532.0
2902.3863972481645,17480484.0
2902.3877861359374,17485470.0
2902.3891750237117,17498156.0
2902.3905639110203,17519754.0
2902.3919527987928,17505410.0
2902.3933416860996,17499614.0
2902.394730573874,17491882.0
2902.396119461648,17509422.0
2902.3975083489554,17509012.0
2902.398897236729,17520034.0
2902.4002861240374,17495694.0
2902.401675011811,17519528.0
2902.4030638991194,17507020.0
2902.4044527868923,17518772.0
2902.405841674665,17514844.0
2902.407230561973,17521288.0
2902.408619449747,17521606.0
2902.4100083370545,17528510.0
2902.4113972248283,17518216.0
2902.4127861121365,17536462.0
2902.4141749999103,17534904.0
2902.4155638872185,17544740.0
2902.4169527745257,17522752.0
2902.4183416623,17538822.0
2902.4197305496077,17522732.0
2902.4211194373806,17535312.0
2902.422508324688,17541434.0
2902.4238972124617,17522998.0
2902.42528609977,17532378.0
2902.426674987078,17533958.0
2902.428063874852,17550454.0
2902.429452762159,17516980.0
2902.4308416499334,17511862.0
2902.432230537241,17521432.0
2902.4336194245484,17539058.0
2902.4350083123213,17525488.0
2902.43639719963,17538200.0
2902.4377860869386,17531640.0
2902.4391749747115,17519680.0
2902.4405638620196,17519734.0
2902.441952749328,17531852.0
2902.4433416371016,17516760.0
2902.44473052441,17536376.0
2902.4461194117166,17503940.0
2902.4475082990234,17515340.0
2902.4488971867977,17491874.0
2902.4502860741063,17531068.0
2902.4516749614136,17535160.0
2902.4530638487217,17528572.0
2902.4544527364956,17536312.0
2902.4558416238037,17494748.0
2902.457230511112,17497520.0
2902.4586193984187,17539604.0
2902.4600082857264,17543220.0
2902.4613971735002,17528338.0
2902.4627860608084,17531772.0
2902.4641749481157,17528826.0
2902.465563835424,17512896.0
2902.466952722732,17545322.0
2902.46834161004,17550344.0
2902.469730497814,17516090.0
2902.4711193851213,17544626.0
2902.4725082724294,17533980.0
2902.4738971597367,17519692.0
2902.475286047045,17539062.0
2902.476674934352,17554402.0
2902.4780638216607,17540614.0
2902.4794527089693,17530882.0
2902.4808415962766,17536728.0
2902.4822304835848,17529242.0
2902.483619370893,17518154.0
2902.485008258201,17535916.0
2902.4863971455084,17560414.0
2902.4877860328156,17544980.0
2902.489174920123,17528646.0
2902.4905638074315,17526376.0
2902.49195269474,17558908.0
2902.4933415820474,17551240.0
2902.4947304693555,17547922.0
2902.4961193566637,17546586.0
2902.497508243972,17565636.0
2902.498897131279,17559248.0
2902.5002860185864,17547750.0
2902.5016749058946,17559940.0
2902.5030637932027,17572294.0
2902.504452680511,17528480.0
2902.505841567818,17543152.0
2902.5072304551263,17559824.0
2902.5086193424345,17536962.0
2902.510008229277,17570946.0
2902.511397116585,17534924.0
2902.512786003892,17570748.0
2902.5141748911997,17579388.0
2902.515563778508,17558386.0
2902.516952665816,17568964.0
2902.5183415526576,17570848.0
2902.519730439966,17540494.0
2902.521119327275,17575874.0
2902.522508214582,17546650.0
2902.5238971018903,17558102.0
2902.525285988732,17583832.0
2902.52667487604,17565808.0
2902.5280637633473,17557056.0
2902.5294526506555,17580708.0
2902.530841537497,17587410.0
2902.5322304248057,17582076.0
2902.5336193121143,17560320.0
2902.5350081994216,17608156.0
2902.536397086264,17556402.0
2902.537785973572,17567802.0
2902.53917486088,17562436.0
2902.540563747721,17575640.0
2902.5419526350292,17582158.0
2902.5433415223374,17592996.0
2902.54473040918,17575206.0
2902.546119296488,17570602.0
2902.5475081837953,17584064.0
2902.548897070638,17583986.0
2902.550285957946,17568546.0
2902.551674845254,17556654.0
2902.553063732096,17594462.0
2902.554452619403,17587174.0
2902.5558415062455,17574028.0
2902.5572303935537,17531900.0
2902.558619280396,17576480.0
2902.5600081677035,17561544.0
2902.561397055012,17564270.0
2902.562785941855,17590812.0
2902.5641748291623,17591034.0
2902.565563716004,17576938.0
2902.5669526033116,17556056.0
2902.5683414901546,17567412.0
2902.569730377462,17583394.0
2902.5711192643043,17608658.0
2902.5725081516116,17600352.0
2902.5738970384546,17609738.0
2902.575285925763,17580848.0
2902.576674812605,17577952.0
2902.5780636994473,17595846.0
2902.5794525867545,17533376.0
2902.580841473597,17591370.0
2902.5822303609043,17570526.0
2902.583619247747,17588102.0
2902.5850081345893,17572848.0
2902.5863970218975,17573900.0
2902.58778590874,17596306.0
2902.5891747960472,17613640.0
2902.59056368289,17592284.0
2902.5919525697323,17610564.0
2902.5933414570395,17566128.0
2902.594730343881,17606902.0
2902.5961192307236,17565596.0
2902.597508118032,17594104.0
2902.5988970048743,17599458.0
2902.600285891717,17579760.0
2902.601674779024,17555054.0
2902.603063665867,17567636.0
2902.60445255271,17579260.0
2902.605841439551,17610482.0
2902.607230326858,17568972.0
2902.608619213701,17572992.0
2902.610008100544,17571334.0
2902.6113969873854,17584424.0
2902.6127858746936,17577036.0
2902.614174761535,17589600.0
2902.615563648378,17569920.0
2902.616952535221,17586442.0
2902.6183414220627,17562364.0
2902.61973030937,17581570.0
2902.621119196212,17527684.0
2902.622508083055,17587986.0
2902.6238969698966,17568026.0
2902.625285856739,17565570.0
2902.6266747435816,17588124.0
2902.628063630424,17584794.0
2902.6294525177323,17577090.0
2902.630841404574,17571350.0
2902.6322302914164,17558158.0
2902.633619178258,17571998.0
2902.6350080651005,17580678.0
2902.636396951942,17587384.0
2902.6377858387846,17566426.0
2902.639174725627,17580864.0
2902.6405636124696,17563176.0
2902.641952499312,17578278.0
2902.6433413861537,17565482.0
2902.6447302729966,17566208.0
2902.6461191598387,17572332.0
2902.6475080466803,17547160.0
2902.648896933522,17591660.0
2902.650285820365,17554864.0
2902.651674707208,17532380.0
2902.6530635940494,17554010.0
2902.654452480892,17562490.0
2902.6558413677335,17573684.0
2902.6572302545765,17579606.0
2902.6586191414185,17526958.0
2902.66000802826,17582394.0
2902.6613969151017,17547862.0
2902.6627858019447,17577132.0
2902.6641746887876,17553422.0
2902.6655635751636,17562484.0
2902.666952462006,17582554.0
2902.6683413488486,17548060.0
2902.669730235691,17579644.0
2902.6711191225336,17509696.0
2902.6725080093747,17514624.0
2902.673896896217,17587438.0
2902.6752857825936,17554072.0
2902.676674669436,17575422.0
2902.6780635562777,17555342.0
2902.67945244312,17564310.0
2902.6808413299627,17568246.0
2902.6822302163396,17543194.0
2902.683619103182,17597784.0
2902.6850079900237,17567874.0
2902.686396876866,17569158.0
2902.687785763242,17578740.0
2902.6891746500846,17565460.0
2902.690563536926,17554952.0
2902.691952423769,17567876.0
2902.6933413101465,17590962.0
2902.694730196988,17589248.0
2902.6961190838306,17579428.0
2902.6975079702074,17593042.0
2902.6988968570495,17595754.0
2902.7002857438906,17595280.0
2902.7016746302675,17589690.0
2902.703063517109,17596060.0
2902.704452403952,17549536.0
2902.7058412903293,17580508.0
2902.707230177171,17557028.0
2902.7086190640134,17592004.0
2902.7100079503903,17585482.0
2902.7113968372328,17601538.0
2902.7127857236087,17588864.0
2902.7141746104503,17595914.0
2902.715563497293,17600704.0
2902.7169523836696,17570942.0
2902.718341270512,17616246.0
2902.719730156888,17541966.0
2902.721119043731,17611640.0
2902.7225079301083,17606756.0
2902.72389681695,17614728.0
2902.725285703326,17624836.0
2902.7266745901675,17621236.0
2902.7280634765443,17618530.0
2902.729452363387,17611854.0
2902.7308412497637,17584712.0
2902.7322301366053,17616394.0
2902.7336190229826,17615380.0
2902.7350079098255,17591760.0
2902.7363967962015,17612622.0
2902.7377856825783,17590568.0
2902.73917456942,17604826.0
2902.7405634557967,17606850.0
2902.7419523426383,17568754.0
2902.743341229015,17630418.0
2902.744730115391,17626312.0
2902.746119002234,17598674.0
2902.7475078886114,17622598.0
2902.748896775453,17604348.0
2902.75028566183,17616634.0
2902.7516745482067,17645894.0
2902.7530634350487,17603076.0
2902.754452321424,17630800.0
2902.755841207801,17625626.0
2902.7572300946435,17601738.0
2902.7586189810204,17574334.0
2902.7600078673972,17627642.0
2902.761396753773,17605954.0
2902.762785640616,17635924.0
2902.7641745269934,17652038.0
2902.765563413369,17584146.0
2902.7669522997444,17614362.0
2902.768341186587,17604654.0
2902.7697300729637,17622776.0
2902.7711189593406,17629672.0
2902.7725078457174,17598146.0
2902.773896732559,17618180.0
2902.7752856189363,17618422.0
2902.7766745053136,17603318.0
2902.7780633916896,17647808.0
2902.7794522780655,17621796.0
2902.780841164442,17623998.0
2902.782230051285,17602044.0
2902.783618937661,17621714.0
2902.7850078240376,17641684.0
2902.7863967104145,17620574.0
2902.7877855967913,17588290.0
2902.789174483168,17633634.0
2902.790563369544,17629512.0
2902.79195225592,17623610.0
2902.7933411422964,17620362.0
2902.7947300286737,17631632.0
2902.7961189155153,17604340.0
2902.797507801892,17615334.0
2902.798896688269,17627768.0
2902.800285574646,17582464.0
2902.8016744610227,17629264.0
2902.8030633473986,17609706.0
2902.804452233776,17596982.0
2902.8058411201523,17605292.0
2902.8072300065282,17617346.0
2902.808618892904,17589010.0
2902.8100077792815,17607478.0
2902.811396665659,17606130.0
2902.8127855520347,17640806.0
2902.8141744384116,17618092.0
2902.815563324322,17629144.0
2902.816952210699,17612294.0
2902.8183410970755,17602918.0
2902.8197299834515,17601790.0
2902.8211188698274,17591746.0
2902.8225077562047,17597574.0
2902.823896642582,17605808.0
2902.825285528958,17581572.0
2902.8266744153348,17604632.0
2902.828063301246,17574440.0
2902.829452187623,17588708.0
2902.8308410739996,17580662.0
2902.832229960375,17592486.0
2902.8336188467515,17570308.0
2902.8350077331284,17569388.0
2902.8363966190395,17569450.0
2902.8377855054155,17557978.0
2902.8391743917923,17576562.0
2902.840563278169,17571320.0
2902.841952164546,17577362.0
2902.843341050457,17578822.0
2902.844729936833,17553718.0
2902.84611882321,17566216.0
2902.847507709586,17568370.0
2902.848896595497,17583324.0
2902.850285481873,17564204.0
2902.8516743682503,17575586.0
2902.853063254162,17568348.0
2902.854452140538,17563762.0
2902.8558410269147,17560456.0
2902.857229912825,17529224.0
2902.858618799202,17574648.0
2902.860007685578,17591474.0
2902.861396571489,17535222.0
2902.862785457865,17566078.0
2902.864174344242,17552856.0
2902.865563230154,17528336.0
2902.86695211653,17567438.0
2902.868341002441,17553056.0
2902.869729888818,17553128.0
2902.8711187751946,17557062.0
2902.872507661105,17532398.0
2902.873896547481,17539766.0
2902.875285433392,17539296.0
2902.876674319769,17523452.0
2902.87806320568,17553314.0
2902.879452092056,17553842.0
2902.880840978433,17536330.0
2902.882229864344,17536782.0
2902.883618750721,17555152.0
2902.885007636631,17512898.0
2902.886396523007,17517348.0
2902.8877854089183,17545824.0
2902.8891742948294,17561346.0
2902.8905631812063,17543852.0
2902.8919520671166,17542880.0
2902.893340953494,17550374.0
2902.8947298394055,17540918.0
2902.8961187257814,17528606.0
2902.8975076116926,17524950.0
2902.898896497603,17540174.0
2902.9002853839797,17560854.0
2902.90167426989,17530728.0
2902.903063156267,17550724.0
2902.904452042177,17547684.0
2902.9058409280888,17523740.0
2902.907229814466,17539394.0
2902.9086187003763,17523148.0
2902.9100075862875,17540348.0
2902.9113964726644,17556726.0
2902.912785358575,17553996.0
2902.914174244485,17517648.0
2902.9155631308618,17498582.0
2902.916952016773,17539672.0
2902.918340902684,17518264.0
2902.919729789061,17551912.0
2902.9211186749712,17551182.0
2902.922507560883,17532810.0
2902.9238964467945,17550682.0
2902.92528533317,17489102.0
2902.92667421908,17537970.0
2902.928063104991,17529012.0
2902.929451990902,17547458.0
2902.9308408768134,17535460.0
2902.93222976319,17528898.0
2902.9336186491005,17558284.0
2902.935007535012,17556694.0
2902.9363964209238,17552572.0
2902.937785306834,17531366.0
2902.9391741927443,17530342.0
2902.9405630791207,17535310.0
2902.9419519650323,17550902.0
2902.9433408509426,17538324.0
2902.944729736854,17553830.0
2902.946118622765,17567934.0
2902.947507508676,17561184.0
2902.9488963945873,17539288.0
2902.9502852804976,17540554.0
2902.951674166408,17540458.0
2902.9530630527843,17570030.0
2902.954451938696,17549228.0
2902.955840824606,17553374.0
2902.9572297105174,17561976.0
2902.9586185964286,17554894.0
2902.9600074823397,17568562.0
2902.961396368251,17539828.0
2902.962785254161,17571222.0
2902.964174140073,17557694.0
2902.9655630259836,17553316.0
2902.966951911894,17533560.0
2902.968340797804,17577542.0
2902.9697296837157,17530134.0
2902.9711185696274,17525914.0
2902.972507455072,17550122.0
2902.973896340983,17562068.0
2902.9752852268934,17568196.0
2902.976674112805,17564164.0
2902.9780629987167,17561998.0
2902.9794518846265,17542712.0
2902.9808407705364,17587618.0
2902.982229656448,17551768.0
2902.9836185423596,17570356.0
2902.98500742827,17523944.0
2902.9863963137154,17546834.0
2902.9877851996266,17553960.0
2902.989174085538,17540528.0
2902.990562971449,17577084.0
2902.991951857359,17583684.0
2902.9933407432695,17540770.0
2902.994729628715,17550378.0
2902.9961185146262,17550262.0
2902.9975074005365,17552852.0
2902.9988962864477,17554290.0
2903.000285171893,17575206.0
2903.0016740578044,17539096.0
2903.0030629437156,17545882.0
2903.004451829626,17541890.0
2903.0058407150714,17561440.0
2903.0072296009816,17529614.0
2903.008618486893,17549788.0
2903.010007372803,17544848.0
2903.011396258249,17564914.0
2903.0127851441607,17548984.0
2903.014174030071,17536628.0
2903.0155629155165,17551188.0
2903.0169518014277,17555312.0
2903.0183406873384,17532026.0
2903.0197295727826,17546934.0
2903.0211184586938,17569564.0
2903.0225073441384,17512624.0
2903.02389623005,17530772.0
2903.0252851159617,17559062.0
2903.0266740014063,17528736.0
2903.0280628873174,17545078.0
2903.029451772763,17546648.0
2903.030840658674,17548788.0
2903.0322295445844,17539846.0
2903.033618430029,17568348.0
2903.03500731594,17539256.0
2903.0363962013857,17551188.0
2903.037785087297,17539358.0
2903.0391739727415,17482718.0
2903.040562858653,17524468.0
2903.041951744099,17510058.0
2903.0433406300094,17550382.0
2903.044729515455,17516612.0
2903.0461184013648,17510802.0
2903.04750728681,17543270.0
2903.048896172721,17534010.0
2903.0502850581665,17528822.0
2903.051673944077,17510744.0
2903.053062829523,17507710.0
2903.0544517149688,17544710.0
2903.055840600879,17527536.0
2903.0572294863246,17528172.0
2903.058618372235,17516704.0
2903.0600072576804,17520592.0
2903.061396143125,17512696.0
2903.062785029036,17474634.0
2903.0641739144817,17512406.0
2903.065562799927,17523000.0
2903.0669516858384,17509262.0
2903.068340571283,17477714.0
2903.069729456729,17517058.0
2903.0711183426406,17480276.0
2903.0725072280848,17465290.0
2903.073896113529,17505420.0
2903.07528499944,17504298.0
2903.0766738848856,17461866.0
2903.078062770331,17507384.0
2903.0794516557767,17478368.0
2903.080840541687,17499746.0
2903.082229427133,17471296.0
2903.083618312579,17471112.0
2903.085007198023,17492580.0
2903.086396083933,17475488.0
2903.087784969379,17471058.0
2903.089173854825,17491580.0
2903.0905627402694,17479932.0
2903.091951625715,17486534.0
2903.093340511626,17470800.0
2903.0947293970717,17462884.0
2903.096118282517,17477690.0
2903.097507167962,17464568.0
2903.0988960534064,17479894.0
2903.1002849388515,17481990.0
2903.1016738242974,17464600.0
2903.1030627102077,17472554.0
2903.1044515956532,17482674.0
2903.1058404810988,17468256.0
2903.1072293665443,17466698.0
2903.10861825199,17457032.0
2903.1100071374344,17469428.0
2903.1113960228804,17482228.0
2903.1127849083255,17427394.0
2903.11417379377,17461350.0
2903.1155626792147,17437998.0
2903.1169515646607,17455514.0
2903.1183404501066,17451214.0
2903.1197293355513,17447438.0
2903.121118220997,17445102.0
2903.1225071064414,17431694.0
2903.1238959918874,17442702.0
2903.1252848773324,17447016.0
2903.126673762777,17423754.0
2903.1280626482217,17430626.0
2903.1294515336676,17440268.0
2903.1308404191136,17459372.0
2903.132229304558,17445970.0
2903.1336181900037,17427274.0
2903.1350070754493,17447550.0
2903.136395960895,17436682.0
2903.1377848458746,17434608.0
2903.139173731319,17446076.0
2903.140562616764,17425230.0
2903.1419515022094,17436910.0
2903.143340387655,17388258.0
2903.1447292730995,17429628.0
2903.146118158545,17443634.0
2903.147507043525,17455252.0
2903.1488959289704,17384576.0
2903.150284814416,17425520.0
2903.15167369986,17432302.0
2903.153062585305,17434672.0
2903.154451470285,17425272.0
2903.1558403557306,17419786.0
2903.157229241175,17361336.0
2903.158618126621,17424248.0
2903.1600070116015,17432078.0
2903.161395897046,17373112.0
2903.1627847824916,17433056.0
2903.164173667937,17439412.0
2903.1655625529165,17426810.0
2903.1669514383607,17422686.0
2903.168340323806,17390510.0
2903.169729208785,17402478.0
2903.171118094231,17412894.0
2903.172506979677,17413778.0
2903.1738958651217,17414074.0
2903.1752847501016,17427788.0
2903.176673635547,17397644.0
2903.178062520527,17404532.0
2903.1794514059716,17408906.0
2903.180840291416,17403632.0
2903.182229176396,17369268.0
2903.1836180618416,17404776.0
2903.1850069468214,17413178.0
2903.186395832266,17414714.0
2903.187784717712,17368060.0
2903.1891736026923,17402064.0
2903.190562488137,17402726.0
2903.191951373116,17384572.0
2903.193340258561,17393182.0
2903.1947291435413,17397482.0
2903.196118028986,17354442.0
2903.1975069139658,17394008.0
2903.1988957994104,17390280.0
2903.2002846843907,17376418.0
2903.2016735698367,17377166.0
2903.2030624548156,17357276.0
2903.204451340261,17397730.0
2903.20584022524,17369946.0
2903.2072291106856,17351390.0
2903.2086179956646,17404476.0
2903.21000688111,17380662.0
2903.21139576609,17378514.0
2903.21278465107,17396718.0
2903.2141735365153,17345618.0
2903.2155624214943,17358258.0
2903.2169513069402,17377354.0
2903.2183401919197,17365796.0
2903.2197290768986,17377132.0
2903.221117962343,17350358.0
2903.222506847323,17364746.0
2903.223895732303,17344538.0
2903.2252846177485,17340026.0
2903.2266735027283,17364084.0
2903.2280623877073,17359952.0
2903.2294512731532,17336598.0
2903.2308401581336,17340196.0
2903.232229043112,17341812.0
2903.233617928556,17318550.0
2903.2350068135365,17332476.0
2903.236395698517,17343890.0
2903.237784583496,17330568.0
2903.2391734689413,17318954.0
2903.240562353921,17339214.0
2903.241951238901,17334900.0
2903.243340123881,17327206.0
2903.2447290093255,17315408.0
2903.2461178943045,17319874.0
2903.247506779284,17316282.0
2903.248895664264,17318286.0
2903.250284549243,17326732.0
2903.251673434223,17310808.0
2903.2530623196685,17289968.0
2903.2544512046484,17327174.0
2903.2558400896282,17331840.0
2903.257228974607,17311210.0
2903.258617859587,17311956.0
2903.260006744566,17280002.0
2903.261395629546,17308026.0
2903.2627845149905,17324322.0
2903.264173399971,17285680.0
2903.265562284951,17289120.0
2903.26695116993,17281978.0
2903.26834005491,17304684.0
2903.26972893989,17272220.0
2903.2711178248696,17286888.0
2903.2725067098486,17295236.0
2903.2738955948275,17297934.0
2903.2752844798065,17297730.0
2903.276673364787,17289626.0
2903.278062249767,17304072.0
2903.279451134746,17255632.0
2903.280840019726,17293388.0
2903.282228904706,17286152.0
2903.2836177896856,17263466.0
2903.2850066746646,17240992.0
2903.2863955596436,17279482.0
2903.2877844446234,17274522.0
2903.2891733296033,17290456.0
2903.290562214583,17243588.0
2903.291951099562,17275206.0
2903.2933399840767,17279362.0
2903.294728869057,17284326.0
2903.296117754036,17266204.0
2903.297506639016,17264862.0
2903.2988955239944,17256858.0
2903.3002844089738,17277042.0
2903.3016732939536,17291524.0
2903.3030621789335,17286450.0
2903.304451063447,17263770.0
2903.305839948427,17274522.0
2903.3072288334074,17272922.0
2903.3086177183864,17266724.0
2903.310006603366,17248678.0
2903.3113954878795,17256056.0
2903.3127843728594,17269534.0
2903.3141732578383,17270816.0
2903.315562142818,17275686.0
2903.3169510273324,17269512.0
2903.3183399123122,17252308.0
2903.319728797292,17253864.0
2903.321117682271,17271046.0
2903.3225065667857,17252530.0
2903.323895451766,17252520.0
2903.3252843367445,17249556.0
2903.3266732212574,17273676.0
2903.328062106237,17257556.0
2903.329450991217,17241796.0
2903.3308398757313,17225494.0
2903.332228760711,17211940.0
2903.33361764569,17262822.0
2903.3350065302047,17281198.0
2903.336395415185,17263990.0
2903.337784300164,17261416.0
2903.3391731846773,17270444.0
2903.3405620696567,17285086.0
2903.3419509541714,17284678.0
2903.3433398391503,17241718.0
2903.34472872413,17290414.0
2903.3461176086444,17268710.0
2903.347506493624,17277608.0
2903.3488953781384,17270286.0
2903.3502842631174,17268438.0
2903.3516731476307,17258898.0
2903.35306203261,17271396.0
2903.3544509171247,17304394.0
2903.3558398021037,17287444.0
2903.357228686618,17261094.0
2903.3586175715977,17299364.0
2903.360006456112,17303216.0
2903.361395341092,17271974.0
2903.362784225605,17293260.0
2903.3641731105854,17299220.0
2903.365561995099,17277794.0
2903.366950880078,17316930.0
2903.3683397645914,17302458.0
2903.369728649106,17307904.0
2903.3711175340864,17302984.0
2903.3725064185996,17299254.0
2903.3738953035795,17276558.0
2903.3752841880937,17295180.0
2903.376673072608,17311516.0
2903.378061957587,17317236.0
2903.3794508421,17332162.0
2903.380839727079,17345156.0
2903.3822286115937,17322456.0
2903.3836174961084,17353862.0
2903.3850063810874,17331422.0
2903.3863952656015,17347358.0
2903.3877841501157,17329454.0
2903.38917303463,17339946.0
2903.39056191961,17326456.0
2903.6016723377866,11218028.0
2903.603061221834,11142154.0
2903.604450105883,11073552.0
2903.6058389899313,11000182.0
2903.607227873979,10931048.0
2903.6086167580265,10870126.0
2903.6100056420755,10801979.0
2903.6113945261245,10741511.0
2903.6127834097065,10671741.0
2903.614172293755,10612129.0
2903.6155611778036,10552091.0
2903.616950061852,10495762.0
2903.6183389458997,10442052.0
2903.6197278299474,10389599.0
2903.6211167135302,10338048.0
2903.6225055975788,10287842.0
2903.6238944816273,10240799.0
2903.625283365675,10188138.0
2903.626672249724,10151605.0
2903.6280611333073,10107618.0
2903.629450017355,10071818.0
2903.6308389014034,10036026.0
2903.6322277854506,9997955.0
2903.633616669033,9967547.0
2903.6350055530816,9939787.0
2903.63639443713,9913209.0
2903.6377833211777,9890456.0
2903.639172204761,9867699.0
2903.64056108881,9846787.0
2903.6419499728577,9833314.0
2903.6433388564406,9820354.0
2903.644727740488,9809156.0
2903.6461166245367,9801256.0
2903.6475055081187,9795039.0
2903.648894392167,9797063.0
2903.6502832762158,9794950.0
2903.6516721597986,9796731.0
2903.653061043847,9803864.0
2903.654449927429,9814595.0
2903.655838811478,9825822.0
2903.657227695527,9838531.0
2903.6586165791086,9854929.0
2903.660005463156,9872013.0
2903.6613943467387,9894549.0
2903.662783230787,9917277.0
2903.66417211437,9945346.0
2903.6655609984186,9967952.0
2903.6669498820006,10002408.0
2903.6683387660496,10033911.0
2903.669727649633,10071093.0
2903.6711165336806,10109086.0
2903.6725054172625,10151094.0
2903.6738943013106,10191795.0
2903.675283184894,10238791.0
2903.6766720689416,10280069.0
2903.6780609525244,10331210.0
2903.679449836573,10379995.0
2903.680838720156,10432778.0
2903.6822276042044,10486275.0
2903.6836164877864,10540894.0
2903.6850053713692,10598088.0
2903.686394255417,10659805.0
2903.6877831389997,10716541.0
2903.6891720230474,10782224.0
2903.6905609066303,10844527.0
2903.691949790213,10908838.0
2903.6933386742617,10977516.0
2903.6947275578445,11042922.0
2903.6961164414265,11111638.0
2903.6975053254755,11187591.0
2903.698894209058,11257734.0
2903.70028309264,11326785.0
2903.7016719766875,11404630.0
2903.703060860271,11479069.0
2903.704449743854,11552558.0
2903.705838627902,11633612.0
2903.7072275114847,11707982.0
2903.7086163950676,11787785.0
2903.7100052786504,11867359.0
2903.711394162698,11952288.0
2903.71278304628,12025694.0
2903.714171929863,12114554.0
2903.715560813446,12190065.0
2903.7169496970287,12256252.0
2903.7183385810763,12316843.0
2903.719727464659,12392455.0
2903.721116348242,12451317.0
2903.722505231825,12514097.0
2903.723894115408,12589429.0
2903.725282999455,12648234.0
2903.7266718830374,12719415.0
2903.7280607666203,12787727.0
2903.729449650203,12856509.0
2903.730838533785,12922172.0
2903.7322274173684,12988543.0
2903.733616300952,13063385.0
2903.7350051845337,13125441.0
2903.7363940681166,13187176.0
2903.737782952165,13265162.0
2903.7391718357476,13331374.0
2903.740560719329,13402395.0
2903.741949602912,13468512.0
2903.743338486495,13533926.0
2903.7447273700777,13604397.0
2903.7461162536606,13669851.0
2903.7475051372426,13739061.0
2903.7488940208254,13811888.0
2903.7502829044083,13872330.0
2903.7516717879907,13948667.0
2903.7530606715723,14012589.0
2903.754449555155,14085385.0
2903.755838438738,14142803.0
2903.757227322321,14217405.0
2903.7586162059038,14286877.0
2903.76000508902,14349044.0
2903.7613939726034,14418172.0
2903.7627828561867,14484170.0
2903.7641717397687,14555679.0
2903.7655606233507,14621859.0
2903.766949506933,14677010.0
2903.7683383905164,14748341.0
2903.7697272740984,14812920.0
2903.7711161576813,14875465.0
2903.7725050407985,14940497.0
2903.7738939243814,14999305.0
2903.7752828079642,15066098.0
2903.776671691546,15117768.0
2903.778060575129,15182240.0
2903.779449458711,15247869.0
2903.7808383418283,15297286.0
2903.78222722541,15358949.0
2903.783616108993,15420958.0
2903.785004992576,15481087.0
2903.786393875693,15538388.0
2903.787782759276,15594139.0
2903.789171642858,15649898.0
2903.7905605264414,15706089.0
2903.791949409558,15761319.0
2903.79333829314,15825248.0
2903.794727176722,15871002.0
2903.7961160603054,15923279.0
2903.797504943423,15984737.0
2903.798893827005,16031813.0
2903.800282710588,16078761.0
2903.803060477288,16183565.0
2903.80444936087,16220385.0
2903.8058382439863,16267405.0
2903.807227127569,16313399.0
2903.808616011152,16358737.0
2903.8100048942692,16401165.0
2903.811393777851,16445121.0
2903.8127826609684,16482101.0
2903.8141715445513,16522997.0
2903.8155604276685,16546624.0
2903.8169493112514,16581313.0
2903.818338194833,16622086.0
2903.8197270779497,16652684.0
2903.8211159615325,16681297.0
2903.8225048446498,16717329.0
2903.8238937282317,16743095.0
2903.8252826113494,16776275.0
2903.8266714949327,16796734.0
2903.828060378049,16822958.0
2903.829449261632,16846916.0
2903.830838144749,16869178.0
2903.8322270283315,16893452.0
2903.8336159114474,16914036.0
2903.8350047950303,16935822.0
2903.8363936781475,16945554.0
2903.8377825617304,16971284.0
2903.8391714448476,16973662.0
2903.840560327964,17014262.0
2903.841949211547,17006542.0
2903.843338094665,17012968.0
2903.8447269782464,17034100.0
2903.8461158613623,17053412.0
2903.8475047444795,17052456.0
2903.8488936280623,17067424.0
2903.8502825111796,17058860.0
2903.851671394297,17083078.0
2903.8530602778787,17074174.0
2903.8544491609964,17066088.0
2903.855838044114,17060838.0
2903.857226927696,17092446.0
2903.8586158108124,17076566.0
2903.860004693929,17090126.0
2903.8613935775124,17080162.0
2903.8627824606288,17081442.0
2903.864171343746,17090408.0
2903.865560226863,17091074.0
2903.866949110446,17079056.0
2903.8683379935633,17089508.0
2903.8697268766796,17100984.0
2903.871115759797,17073952.0
2903.8725046433788,17101904.0
2903.873893526496,17079216.0
2903.8752824096123,17100262.0
2903.8766712927295,17096134.0
2903.8780601758467,17084808.0
2903.879449058964,17099742.0
2903.880837942547,17095048.0
2903.882226825663,17101752.0
2903.883615708781,17097986.0
2903.8850045918975,17113392.0
2903.886393475014,17091912.0
2903.88778235813,17094804.0
2903.889171241248,17107590.0
2903.8905601243655,17086366.0
2903.8919490079475,17109200.0
2903.8933378910647,17104986.0
2903.894726774182,17101986.0
2903.896115657299,17106670.0
2903.8975045404163,17113184.0
2903.898893423532,17104434.0
2903.900282306649,17118902.0
2903.901671189766,17112904.0
2903.9030600728834,17115548.0
2903.9044489559997,17102190.0
2903.9058378391173,17095116.0
2903.907226722235,17118204.0
2903.9086156053513,17117518.0
2903.9100044884685,17125222.0
2903.9113933715844,17093102.0
2903.912782254701,17109834.0
2903.9141711378184,17112428.0
2903.9155600209356,17114106.0
2903.916948904052,17107096.0
2903.9183377871695,17125246.0
2903.9197266698216,17100048.0
2903.921115552938,17126588.0
2903.922504436055,17112518.0
2903.9238933191723,17121480.0
2903.925282202289,17123350.0
2903.926671085405,17114236.0
2903.928059968522,17119388.0
2903.9294488516393,17111518.0
2903.930837734291,17115978.0
2903.932226617408,17127532.0
2903.9336155005244,17116826.0
2903.935004383642,17104582.0
2903.9363932667598,17125536.0
2903.9377821498756,17122400.0
2903.939171032526,17129342.0
2903.940559915643,17126544.0
2903.94194879876,17104192.0
2903.9433376818774,17133850.0
2903.944726564529,17115928.0
2903.9461154476453,17125720.0
2903.947504330763,17114788.0
2903.9488932138806,17121092.0
2903.9502820965313,17131982.0
2903.9516709796476,17123332.0
2903.9530598627643,17135318.0
2903.9544487454164,17127944.0
2903.9558376285327,17134912.0
2903.95722651165,17130286.0
2903.9586153943014,17115142.0
2903.9600042774186,17122258.0
2903.961393160536,17128032.0
2903.9627820431865,17131582.0
2903.964170926304,17135966.0
2903.965559809421,17107212.0
2903.9669486920716,17134260.0
2903.968337575188,17119454.0
2903.96972645784,17131228.0
2903.9711153409576,17132026.0
2903.972504224074,17121260.0
2903.9738931067254,17128560.0
2903.9752819898417,17133214.0
2903.9766708724937,17135486.0
2903.9780597556105,17127816.0
2903.979448638261,17130478.0
2903.9808375213775,17124516.0
2903.9822264040295,17127938.0
2903.983615287147,17115730.0
2903.985004169798,17135628.0
2903.986393052915,17116940.0
2903.9877819355665,17138138.0
2903.9891708186838,17131772.0
2903.9905597013353,17125746.0
2903.991948584451,17142602.0
2903.9933374671023,17133260.0
2903.9947263502195,17130496.0
2903.996115232871,17138908.0
2903.9975041155217,17134230.0
2903.9988929986393,17147558.0
2904.0002818812914,17143180.0
2904.0016707644077,17129736.0
2904.003059647059,17132018.0
2904.00444852971,17129574.0
2904.005837412827,17150826.0
2904.0072262954777,17138642.0
2904.0086151781293,17137202.0
2904.0100040612456,17132004.0
2904.0113929438976,17142170.0
2904.0127818265496,17152642.0
2904.014170709666,17138246.0
2904.0155595923175,17140338.0
2904.016948474969,17144358.0
2904.018337358086,17139486.0
2904.019726240736,17149358.0
2904.0211151233875,17153124.0
2904.022504006039,17134632.0
2904.0238928891563,17142760.0
2904.025281771808,17152592.0
2904.0266706544585,17138558.0
2904.0280595371105,17158982.0
2904.0294484197625,17155148.0
2904.030837302879,17163296.0
2904.0322261855295,17141618.0
2904.0336150681806,17167088.0
2904.0350039508326,17149726.0
2904.036392833483,17154018.0
2904.0377817161348,17153086.0
2904.039170599252,17159842.0
2904.0405594819035,17162884.0
2904.041948364555,17158536.0
2904.0433372472057,17145388.0
2904.0447261298564,17165334.0
2904.0461150125075,17157818.0
2904.0475038951595,17167760.0
2904.04889277781,17168864.0
2904.0502816609273,17150258.0
2904.051670543579,17170104.0
2904.0530594262304,17157900.0
2904.054448308882,17162142.0
2904.0558371915326,17180196.0
2904.0572260741847,17166242.0
2904.0586149568358,17173654.0
2904.0600038394864,17168190.0
2904.061392722137,17172712.0
2904.062781604789,17165826.0
2904.064170487441,17155200.0
2904.0655593700917,17174372.0
2904.0669482527433,17174306.0
2904.068337135395,17172900.0
2904.0697260180464,17172254.0
2904.071114900697,17178586.0
2904.0725037833477,17189794.0
2904.0738926655326,17176328.0
2904.0752815481846,17189832.0
2904.0766704308367,17162938.0
2904.0780593134873,17183904.0
2904.079448196139,17194888.0
2904.0808370787904,17191830.0
2904.082225961442,17193614.0
2904.0836148440935,17179512.0
2904.0850037267437,17191802.0
2904.086392608929,17199222.0
2904.0877814915807,17202806.0
2904.0891703742323,17201342.0
2904.090559256883,17201050.0
2904.091948139535,17189240.0
2904.0933370217213,17207276.0
2904.094725904372,17200602.0
2904.0961147870235,17198884.0
2904.097503669675,17191172.0
2904.098892552326,17210760.0
2904.1002814345106,17195602.0
2904.101670317162,17203546.0
2904.1030591998137,17188888.0
2904.1044480824653,17194584.0
2904.105836964651,17208438.0
2904.107225847302,17206554.0
2904.1086147299534,17205456.0
2904.1100036121393,17211218.0
2904.1113924947904,17199134.0
2904.1127813774406,17207164.0
2904.1141702596265,17200014.0
2904.115559142278,17196942.0
2904.1169480249296,17213640.0
2904.1183369071155,17215308.0
2904.119725789766,17209448.0
2904.121114672418,17214226.0
2904.1225035546045,17202530.0
2904.123892437255,17209726.0
2904.12528131944,17208404.0
2904.126670202091,17219236.0
2904.128059084743,17207520.0
2904.129447966928,17215960.0
2904.1308368495797,17223462.0
2904.1322257317656,17215306.0
2904.133614614417,17215994.0
2904.135003496603,17216374.0
2904.1363923792537,17229310.0
2904.1377812614396,17209974.0
2904.1391701440903,17219194.0
2904.140559026276,17229184.0
2904.141947908927,17221188.0
2904.143336791113,17205882.0
2904.144725673765,17234806.0
2904.14611455595,17224202.0
2904.1475034386017,17234698.0
2904.1488923207867,17232790.0
2904.1502812034387,17238620.0
2904.151670085624,17231474.0
2904.153058967809,17235778.0
2904.1544478504597,17233366.0
2904.155836732646,17244378.0
2904.157225615298,17231458.0
2904.158614497483,17247932.0
2904.160003379669,17230716.0
2904.1613922623205,17239616.0
2904.1627811445064,17249238.0
2904.164170027158,17237122.0
2904.1655589093425,17251932.0
2904.166947791528,17238976.0
2904.168336673714,17234398.0
2904.1697255563654,17242888.0
2904.1711144385504,17235254.0
2904.1725033207367,17245606.0
2904.1738922033887,17261570.0
2904.1752810855737,17240934.0
2904.1766699677596,17263170.0
2904.1780588499446,17248456.0
2904.179447732596,17263696.0
2904.180836614781,17258938.0
2904.182225496967,17263606.0
2904.183614379152,17264096.0
2904.185003261804,17253648.0
2904.1863921439904,17261734.0
2904.1877810261753,17267634.0
2904.1891699083612,17264452.0
2904.190558790547,17271310.0
2904.1919476731982,17268348.0
2904.1933365553828,17263676.0
2904.1947254375686,17265476.0
2904.1961143197545,17263358.0
2904.1975032019404,17284194.0
2904.1988920841263,17283792.0
2904.2002809663113,17279614.0
2904.2016698489633,17283456.0
2904.2030587311497,17284394.0
2904.204447613334,17276948.0
2904.2058364955187,17279688.0
2904.207225377705,17284954.0
2904.2086142598914,17289150.0
2904.2100031420764,17299300.0
2904.2113920242623,17299726.0
2904.212780906448,17288082.0
2904.214169788634,17292292.0
2904.21555867082,17294872.0
2904.216947553005,17291222.0
2904.21833643519,17294482.0
2904.2197253173754,17300774.0
2904.2211141995617,17304502.0
2904.2225030817467,17307024.0
2904.2238919639326,17305082.0
2904.2252808461185,17309918.0
2904.2266697283044,17304560.0
2904.2280586104903,17294810.0
2904.2294474926753,17298172.0
2904.2308363748616,17310266.0
2904.232225257047,17312530.0
2904.2336141387664,17317508.0
2904.2350030209514,17321852.0
2904.2363919031377,17317572.0
2904.237780785324,17314528.0
2904.239169667509,17309742.0
2904.240558549695,17320938.0
2904.241947431881,17303944.0
2904.2433363140667,17339810.0
2904.244725195786,17308200.0
2904.246114077971,17323590.0
2904.247502960157,17310196.0
2904.248891842343,17330224.0
2904.2502807245287,17307148.0
2904.251669606248,17326672.0
2904.2530584884344,17328752.0
2904.2544473706207,17321838.0
2904.2558362528057,17326972.0
2904.257225134526,17339302.0
2904.2586140167105,17333440.0
2904.260002898896,17331058.0
2904.261391781082,17327380.0
2904.262780662802,17322908.0
2904.264169544987,17344722.0
2904.2655584271733,17335664.0
2904.266947308894,17338004.0
2904.268336191079,17345950.0
2904.269725073265,17324190.0
2904.2711139549842,17337564.0
2904.27250283717,17345436.0
2904.273891719355,17341066.0
2904.2752806010753,17337354.0
2904.2766694832612,17343716.0
2904.278058365447,17332026.0
2904.2794472471674,17337486.0
2904.2808361293523,17340984.0
2904.282225011073,17336848.0
2904.2836138932594,17353346.0
2904.285002775444,17328866.0
2904.2863916571628,17344238.0
2904.287780539349,17341012.0
2904.28916942107,17342980.0
2904.290558303255,17333662.0
2904.291947184975,17329656.0
2904.29333606716,17335356.0
2904.2947249488807,17340332.0
2904.296113831067,17335230.0
2904.297502712786,17350134.0
2904.2988915949704,17347666.0
2904.300280476691,17348662.0
2904.3016693588775,17348308.0
2904.303058240597,17345578.0
2904.3044471227827,17333150.0
2904.305836004503,17340904.0
2904.307224886223,17350572.0
2904.308613768409,17340782.0
2904.3100026501284,17356018.0
2904.3113915323142,17335986.0
2904.3127804140336,17351748.0
2904.3141692962195,17353408.0
2904.315558177939,17335442.0
2904.3169470596595,17352840.0
2904.318335941846,17352116.0
2904.319724823565,17339816.0
2904.3211137052854,17350770.0
2904.3225025874713,17331222.0
2904.3238914691915,17350036.0
2904.325280350911,17340200.0
2904.326669233096,17354868.0
2904.328058114816,17341412.0
2904.3294469965363,17346632.0
2904.3308358782565,17348826.0
2904.3322247604415,17348774.0
2904.3336136421617,17345726.0
2904.335002523882,17348578.0
2904.336391405602,17342442.0
2904.337780287787,17355070.0
2904.3391691695065,17356332.0
2904.3405580512267,17349720.0
2904.341946932947,17343038.0
2904.343335815133,17345944.0
2904.344724696852,17347146.0
2904.346113578573,17334558.0
2904.3475024602935,17346302.0
2904.348891342013,17348436.0
2904.350280223733,17347138.0
2904.351669105918,17347876.0
2904.3530579876383,17340102.0
2904.3544468693576,17341310.0
2904.355835751078,17357274.0
2904.357224632798,17357882.0
2904.3586135145183,17340142.0
2904.3600023962385,17348610.0
2904.361391277958,17351922.0
2904.3627801596786,17351710.0
2904.3641690413983,17353702.0
2904.3655579231176,17344230.0
2904.366946804837,17345812.0
2904.3683356870233,17345128.0
2904.369724568744,17342018.0
2904.3711134504633,17350380.0
2904.3725023321836,17345008.0
2904.373891213903,17343766.0
2904.3752800956236,17355546.0
2904.3766689773443,17351144.0
2904.378057859063,17354758.0
2904.3794467403163,17352464.0
2904.380835622037,17350742.0
2904.3822245037577,17349548.0
2904.383613385477,17352524.0
2904.3850022671973,17350530.0
2904.3863911489175,17349554.0
2904.3877800306377,17353134.0
2904.389168912358,17351014.0
2904.3905577940773,17366224.0
2904.3919466757975,17353316.0
2904.393335557517,17340220.0
2904.394724439237,17358604.0
2904.3961133204907,17360104.0
2904.3975022022114,17355838.0
2904.398891083932,17358386.0
2904.4002799656514,17345254.0
2904.4016688473716,17358848.0
2904.403057729092,17354180.0
2904.404446610346,17358874.0
2904.405835492065,17355596.0
2904.407224373785,17356830.0
2904.4086132555053,17355326.0
2904.41000213676,17354386.0
2904.41139101848,17360600.0
2904.4127799001994,17355330.0
2904.4141687819197,17366950.0
2904.4155576631742,17344888.0
2904.4169465448945,17355856.0
2904.418335426614,17364690.0
2904.419724308333,17367284.0
2904.4211131895877,17360238.0
2904.422502071308,17366822.0
2904.423890953028,17360798.0
2904.425279834282,17359776.0
2904.4266687160025,17361564.0
2904.428057597723,17358122.0
2904.429446478977,17364792.0
2904.430835360696,17362092.0
2904.432224242416,17365998.0
2904.433613123671,17367388.0
2904.4350020053903,17355306.0
2904.436390886645,17362778.0
2904.437779768365,17368732.0
2904.4391686496197,17369570.0
2904.44055753134,17364896.0
2904.441946413059,17369556.0
2904.4433352943142,17358424.0
2904.444724176034,17369058.0
2904.4461130572877,17362146.0
2904.447501939007,17365644.0
2904.448890820262,17362436.0
2904.4502797019827,17354794.0
2904.4516685832364,17369330.0
2904.4530574649566,17354308.0
2904.4544463462103,17364934.0
2904.455835227931,17361454.0
2904.457224109186,17357840.0
2904.458612990905,17369400.0
2904.460001872158,17362940.0
2904.4613907538787,17368050.0
2904.4627796351338,17363766.0
2904.4641685163874,17363474.0
2904.4655573981076,17360334.0
2904.466946279362,17366734.0
2904.4683351610825,17365958.0
2904.469724042337,17362096.0
2904.47111292359,17360596.0
2904.47250180531,17367410.0
2904.4738906865646,17355594.0
2904.475279567819,17355486.0
2904.4766684495385,17355028.0
2904.4780573307935,17360484.0
2904.4794462120485,17341776.0
2904.480835093768,17338892.0
2904.4822239750224,17359920.0
2904.483612856277,17351832.0
2904.4850017379968,17354844.0
2904.48639061925,17363586.0
2904.4877795005045,17338728.0
2904.489168381759,17358796.0
2904.4905572634793,17350522.0
2904.491946144734,17364864.0
2904.4933350259876,17346758.0
2904.494723907242,17352926.0
2904.4961127889624,17348204.0
2904.4975016702165,17357432.0
2904.4988905514697,17337248.0
2904.5002794327243,17356928.0
2904.501668313979,17352472.0
2904.503057195699,17353548.0
2904.5044460769536,17344444.0
2904.5058349582073,17339622.0
2904.5072238394623,17353766.0
2904.5086127207173,17347438.0
2904.510001601971,17347196.0
2904.5113904832247,17336990.0
2904.512779364479,17356610.0
2904.5141682461995,17354606.0
2904.515557127453,17350102.0
2904.5169460087077,17346274.0
2904.5183348899623,17350204.0
2904.519723771217,17348206.0
2904.5211126524714,17344182.0
2904.522501533725,17351884.0
2904.52389041498,17341490.0
2904.525279296234,17342906.0
2904.526668177488,17349576.0
2904.5280570587415,17357860.0
2904.5294459399965,17345116.0
2904.5308348212516,17336510.0
2904.5322237025052,17346848.0
2904.53361258376,17341522.0
2904.5350014650135,17337500.0
2904.5363903462685,17347184.0
2904.5377792275226,17343010.0
2904.5391681087763,17324124.0
2904.54055699003,17349576.0
2904.541945871285,17331362.0
2904.54333475254,17352274.0
2904.544723633328,17339710.0
2904.5461125145825,17347182.0
2904.547501395837,17350290.0
2904.5488902770917,17355292.0
2904.5502791583463,17341744.0
2904.5516680395995,17344286.0
2904.5530569208536,17348498.0
2904.5544458016425,17342114.0
2904.555834682897,17347326.0
2904.5572235641507,17349410.0
2904.5586124454057,17346084.0
2904.5600013266608,17342376.0
2904.5613902079144,17346504.0
2904.5627790887033,17337164.0
2904.564167969957,17356564.0
2904.5655568512116,17340690.0
2904.5669457324652,17353050.0
2904.568334613254,17338350.0
2904.5697234945087,17353788.0
2904.5711123757633,17344278.0
2904.572501257018,17349862.0
2904.573890137806,17350562.0
2904.575279019061,17347718.0
2904.576667900316,17336486.0
2904.5780567811034,17340126.0
2904.5794456623566,17350236.0
2904.580834543611,17334364.0
2904.5822234244,17341474.0
2904.5836123056547,17359042.0
2904.5850011869093,17354818.0
2904.5863900676973,17348440.0
2904.5877789489523,17346036.0
2904.5891678297417,17348130.0
2904.5905567109953,17358788.0
2904.591945592249,17352116.0
2904.5933344730374,17327262.0
2904.5947233542925,17357784.0
2904.5961122350805,17357490.0
2904.597501116335,17342406.0
2904.5988899975896,17360288.0
2904.6002788783785,17363592.0
2904.601667759633,17350526.0
2904.603056640421,17341940.0
2904.6044455216756,17347628.0
2904.6058344024636,17344322.0
2904.607223283718,17363278.0
2904.608612164506,17350168.0
2904.6100010457612,17356896.0
2904.6113899265506,17353160.0
2904.6127788078043,17361080.0
2904.614167688593,17355104.0
2904.615556569382,17360734.0
2904.6169454506366,17361302.0
2904.6183343314246,17340902.0
2904.6197232126783,17358080.0
2904.6211120934663,17354856.0
2904.6225009742557,17343486.0
2904.6238898555107,17358576.0
2904.6252787362987,17357940.0
2904.6266676175533,17357896.0
2904.628056498342,17344906.0
2904.629445379131,17345872.0
2904.6308342603847,17349838.0
2904.6322231411727,17356682.0
2904.6336120219617,17354296.0
2904.635000903216,17345028.0
2904.636389784005,17363050.0
2904.637778664793,17352926.0
2904.639167546048,17353914.0
2904.6405564268375,17349952.0
2904.6419453076255,17355602.0
2904.6433341884144,17352026.0
2904.644723069668,17353866.0
2904.646111950457,17356912.0
2904.647500831245,17336488.0
2904.648889712034,17362402.0
2904.6502785932885,17344352.0
2904.6516674740774,17353144.0
2904.6530563548663,17361234.0
2904.6544452356543,17342522.0
2904.6558341164437,17358950.0
2904.6572229976987,17356176.0
2904.658611878486,17333516.0
2904.6600007592738,17363068.0
2904.661389640063,17349074.0
2904.6627785208525,17353936.0
2904.6641674016405,17344020.0
2904.6655562824294,17350594.0
2904.6669451632174,17350040.0
2904.6683340444724,17354084.0
2904.669722925262,17352976.0
2904.6711118060493,17345468.0
2904.672500686837,17333888.0
2904.6738895676262,17345886.0
2904.6752784484156,17349594.0
2904.6766673292036,17350282.0
2904.6780562099925,17340644.0
2904.6794450907814,17349558.0
2904.6808339715703,17347116.0
2904.6822228523592,17349702.0
2904.6836117331472,17347688.0
2904.685000613936,17354182.0
2904.686389494724,17339192.0
2904.687778375513,17351918.0
2904.689167256301,17335104.0
2904.6905561370904,17348006.0
2904.69194501788,17342944.0
2904.693333898668,17334624.0
2904.6947227794567,17350304.0
2904.6961116602456,17347388.0
2904.697500541034,17347496.0
2904.6988894218216,17347324.0
2904.700278302145,17345824.0
2904.7016671829338,17346836.0
2904.7030560637227,17349202.0
2904.7044449445116,17337804.0
2904.7058338252996,17352318.0
2904.707222706089,17350426.0
2904.7086115868783,17342376.0
2904.7100004672006,17343688.0
2904.7113893479886,17343832.0
2904.7127782287766,17324596.0
2904.7141671095656,17346464.0
2904.7155559903545,17340216.0
2904.7169448706777,17347840.0
2904.7183337514657,17334650.0
2904.719722632255,17340116.0
2904.7211115130444,17348100.0
2904.7225003938324,17334142.0
2904.7238892741557,17345310.0
2904.7252781549437,17348778.0
2904.7266670357326,17343044.0
2904.728055916055,17342230.0
2904.729444796844,17335994.0
2904.7308336776327,17339590.0
2904.7322225584217,17341188.0
2904.733611438745,17340400.0
2904.735000319533,17340624.0
2904.7363892003223,17339378.0
2904.737778080645,17326906.0
2904.739166961433,17351472.0
2904.740555842221,17339960.0
2904.7419447225448,17349242.0
2904.743333603334,17327698.0
2904.7447224836565,17347260.0
2904.7461113644454,17336002.0
2904.7475002452343,17343762.0
2904.7488891255575,17337846.0
2904.7502780063464,17347288.0
2904.7516668866683,17340962.0
2904.7530557674568,17327722.0
2904.75444464778,17339800.0
2904.755833528569,17316710.0
2904.7572224088913,17356930.0
2904.7586112896806,17334004.0
2904.7600001700043,17350888.0
2904.7613890507923,17345214.0
2904.7627779311156,17343388.0
2904.764166811903,17344402.0
2904.765555692226,17336258.0
2904.766944573015,17348022.0
2904.768333453338,17346732.0
2904.769722334126,17344690.0
2904.77111121445,17352752.0
2904.772500095239,17342142.0
2904.7738889755615,17357494.0
2904.7752778558847,17341656.0
2904.7766667366736,17340130.0
2904.7780556169964,17352076.0
2904.779444497784,17340576.0
2904.780833378107,17355754.0
2904.7822222584305,17346390.0
2904.7836111392194,17348634.0
2904.7850000195426,17341338.0
2904.786388899865,17338810.0
2904.7877777806543,17344562.0
2904.789166660978,17345754.0
2904.7905555413,17339078.0
2904.7919444220875,17338480.0
2904.793333302411,17355154.0
2904.794722182735,17337526.0
2904.796111063523,17350652.0
2904.797499943846,17345656.0
2904.7988888241694,17339214.0
2904.8002777044926,17350894.0
2904.8016665852815,17344310.0
2904.803055465604,17348418.0
2904.804444345927,17345250.0
2904.8058332262494,17335404.0
2904.8072221065727,17350292.0
2904.8086109873607,17345828.0
2904.809999867684,17358076.0
2904.811388748007,17354980.0
2904.8127776283304,17353236.0
2904.8141665086537,17339136.0
2904.815555388976,17354736.0
2904.8169442697654,17338608.0
2904.818333150088,17351660.0
2904.8197220304105,17337608.0
2904.821110910733,17340860.0
2904.8224997910565,17351828.0
2904.8238886713802,17329630.0
2904.8252775517026,17349340.0
2904.826666432026,17349134.0
2904.828055312349,17338898.0
2904.8294441926723,17341710.0
2904.8308330729947,17347128.0
2904.832221953317,17339762.0
2904.833610834106,17334734.0
2904.834999714429,17347090.0
2904.8363885947524,17338990.0
2904.8377774750747,17345808.0
2904.8391663553984,17348030.0
2904.840555235722,17351268.0
2904.8419441160445,17346982.0
2904.843332995902,17352936.0
2904.8447218762244,17345548.0
2904.8461107565477,17344098.0
2904.84749963687,17346484.0
2904.8488885171932,17350018.0
2904.8502773975165,17350856.0
2904.8516662778397,17352794.0
2904.853055158163,17352988.0
2904.8544440384853,17347098.0
2904.855832918809,17346502.0
2904.857221799132,17352252.0
2904.858610679454,17342130.0
2904.859999559311,17353978.0
2904.861388439634,17353336.0
2904.8627773199573,17350178.0
2904.8641662002806,17340186.0
2904.865555080604,17351094.0
2904.866943960926,17351720.0
2904.868332840784,17345898.0
2904.869721721108,17335536.0
2904.87111060143,17339416.0
2904.8724994817517,17336534.0
2904.8738883620754,17345524.0
2904.8752772419334,17352292.0
2904.8766661222558,17348994.0
2904.878055002579,17359588.0
2904.8794438829023,17345910.0
2904.88083276276,17344822.0
2904.882221643083,17348450.0
2904.8836105234054,17351956.0
2904.884999403263,17338106.0
2904.8863882835853,17353302.0
2904.8877771639086,17340790.0
2904.8891660437653,17337496.0
2904.890554924089,17326962.0
2904.8919438044127,17338494.0
2904.8933326842694,17334372.0
2904.8947215645926,17325464.0
2904.896110444916,17322352.0
2904.897499324773,17337728.0
2904.898888205095,17321702.0
2904.9002770849524,17321796.0
2904.9016659652757,17315008.0
2904.903054845599,17324416.0
2904.9044437254565,17326778.0
2904.905832605779,17324274.0
2904.907221485637,17320622.0
2904.9086103659606,17310364.0
2904.9099992458173,17314172.0
2904.9113881261396,17302852.0
2904.9127770059963,17313446.0
2904.9141658863196,17297408.0
2904.915554766177,17301466.0
2904.9169436465004,17293902.0
2904.918332526357,17296568.0
2904.9197214066808,17296382.0
2904.921110286539,17279584.0
2904.922499166861,17294038.0
2904.923888046718,17288338.0
2904.9252769270406,17267522.0
2904.9266658068987,17283816.0
2904.928054687221,17271216.0
2904.9294435670786,17275012.0
2904.930832446936,17266584.0
2904.9322213272594,17272464.0
2904.933610207117,17263654.0
2904.9349990869737,17252934.0
2904.9363879672974,17265898.0
2904.9377768471545,17265598.0
2904.939165727477,17252712.0
2904.9405546073335,17254138.0
2904.9419434871916,17244248.0
2904.9433323675153,17241668.0
2904.944721247372,17231950.0
2904.9461101272295,17225472.0
2904.947499007087,17230802.0
2904.9488878874104,17237570.0
2904.950276767268,17220356.0
2904.951665647124,17225144.0
2904.953054527447,17206390.0
2904.9544434073046,17202942.0
2904.955832287162,17197260.0
2904.957221167019,17202790.0
2904.958610046877,17199486.0
2904.9599989272006,17185684.0
2904.9613878070572,17185308.0
2904.962776686915,17173754.0
2904.9641655667715,17192210.0
2904.965554446629,17176282.0
2904.9669433269514,17169254.0
2904.968332206809,17174150.0
2904.9697210866657,17154808.0
2904.9711099665237,17168204.0
2904.9724988463818,17156804.0
2904.9738877262384,17159718.0
2904.975276606096,17144440.0
2904.9766654859536,17153746.0
2904.9780543662764,17133684.0
2904.9794432461326,17127960.0
2904.98083212599,17126636.0
2904.982221005848,17128476.0
2904.9836098857054,17121776.0
2904.984998765563,17122006.0
2904.9863876454197,17127504.0
2904.9877765252777,17105716.0
2904.9891654051357,17111160.0
2904.990554284992,17104844.0
2904.991943164848,17107424.0
2904.993332044706,17088534.0
2904.9947209245643,17085160.0
2904.996109804421,17091808.0
2904.9974986842785,17083226.0
2904.998887564136,17073792.0
2905.0002764439937,17063234.0
2905.0016653238513,17072138.0
2905.003054203708,17080584.0
2905.0044430835655,17054238.0
2905.005831963422,17043638.0
2905.007220842814,17048580.0
2905.008609722671,17027038.0
2905.009998602529,17045742.0
2905.011387482387,17032422.0
2905.0127763622436,17017952.0
2905.014165242101,17025492.0
2905.0155541219588,17019970.0
2905.0169430018163,17014862.0
2905.0183318812074,17007726.0
2905.019720761064,17007238.0
2905.0211096409207,17013680.0
2905.0224985207788,16986998.0
2905.023887400637,16995980.0
2905.025276280028,16978226.0
2905.0266651598854,16977408.0
2905.028054039743,16977040.0
2905.0294429196006,16958042.0
2905.0308317989916,16975418.0
2905.0322206788483,16963594.0
2905.033609558706,16966308.0
2905.0349984385634,16953978.0
2905.0363873179554,16951662.0
2905.037776197812,16928176.0
2905.03916507767,16959590.0
2905.0405539570625,16929144.0
2905.041942836919,16930950.0
2905.0433317167767,16938594.0
2905.0447205961677,16936440.0
2905.0461094760253,16914348.0
2905.047498355882,16929428.0
2905.048887235274,16919590.0
2905.0502761151315,16910746.0
2905.051664994989,16915400.0
2905.053053874381,16911924.0
2905.0544427542377,16917436.0
2905.05583163363,16908250.0
2905.057220513487,16891948.0
2905.058609393344,16887992.0
2905.059998272735,16892598.0
2905.061387152593,16885522.0
2905.0627760319853,16879668.0
2905.064164911842,16883852.0
2905.065553791234,16885664.0
2905.0669426710915,16874710.0
2905.0683315504834,16881174.0
2905.069720430341,16879110.0
2905.0711093097316,16881836.0
2905.0724981895887,16876802.0
2905.0738870689806,16869042.0
2905.075275948838,16874554.0
2905.0766648282292,16879426.0
2905.0780537080873,16868088.0
2905.0794425874797,16869850.0
2905.0808314668707,16871408.0
2905.0822203467283,16882952.0
2905.0836092261193,16874718.0
2905.084998105977,16876432.0
2905.086386985368,16876262.0
2905.08777586476,16863038.0
2905.0891647446165,16869884.0
2905.090553624009,16861158.0
2905.0919425034012,16880656.0
2905.093331383258,16884814.0
2905.09472026265,16879130.0
2905.0961091420418,16885312.0
2905.097498021899,16869182.0
2905.0988869012895,16874652.0
2905.1002757806814,16887434.0
2905.101664660539,16890146.0
2905.103053539931,16890250.0
2905.104442419323,16880600.0
2905.1058312991795,16894592.0
2905.107220178572,16885186.0
2905.1086090579643,16899420.0
2905.1099979373553,16895962.0
2905.1113868167463,16914542.0
2905.1127756966034,16895594.0
2905.114164575996,16913998.0
2905.115553455387,16902794.0
2905.1169423347787,16911462.0
2905.1183312141707,16901346.0
2905.1197200940283,16921402.0
2905.12110897342,16924468.0
2905.122497852811,16927710.0
2905.123886732203,16915994.0
2905.125275611594,16948920.0
2905.126664490986,16931822.0
2905.128053370377,16920196.0
2905.129442250235,16953210.0
2905.1308311296275,16942888.0
2905.1322200090185,16954908.0
2905.1336088884104,16964674.0
2905.1349977678024,16941414.0
2905.1363866471943,16967424.0
2905.1377755265853,16971186.0
2905.1391644059763,16965432.0
2905.1405532853673,16976810.0
2905.1419421647597,16975656.0
2905.143331044152,16992798.0
2905.144719923543,16976440.0
2905.146108802935,17008080.0
2905.147497682327,17002588.0
2905.148886561719,17005570.0
2905.150275441111,17023360.0
2905.1516643205014,17003606.0
2905.153053199893,17036646.0
2905.1544420792848,17026922.0
2905.1558309586767,17032898.0
2905.1572198380677,17030076.0
2905.15860871746,17049762.0
2905.1599975968525,17040902.0
2905.1613864762435,17061482.0
2905.1627753551697,17059620.0
2905.1641642345608,17067644.0
2905.1655531139527,17069428.0
2905.1669419933437,17076530.0
2905.1683308727356,17077216.0
2905.1697197521275,17090068.0
2905.1711086315195,17077442.0
2905.1724975104457,17091998.0
2905.1738863898368,17092914.0
2905.175275269229,17099350.0
2905.1766641486215,17122422.0
2905.178053028012,17114488.0
2905.179441906937,17126668.0
2905.1808307863294,17117554.0
2905.1822196657217,17133470.0
2905.1836085451127,17148112.0
2905.184997424039,17141904.0
2905.186386303431,17148382.0
2905.187775182823,17154062.0
2905.189164062215,17153550.0
2905.1905529411397,17173512.0
2905.191941820531,17154622.0
2905.193330699923,17167920.0
2905.1947195788493,17178400.0
2905.1961084582404,17192480.0
2905.1974973376327,17180238.0
2905.1988862165595,17196064.0
2905.2002750959505,17180678.0
2905.2016639753424,17206634.0
2905.2030528542678,17195124.0
2905.2044417336597,17220418.0
2905.205830612585,17210072.0
2905.207219491977,17226112.0
2905.208608371368,17238948.0
2905.2099972502947,17226740.0
2905.211386129687,17235070.0
2905.2127750086124,17234112.0
2905.2141638880044,17242056.0
2905.2155527669306,17246720.0
2905.2169416463225,17258944.0
2905.2183305257136,17256538.0
2905.219719404639,17266840.0
2905.221108284031,17253680.0
2905.222497162957,17276592.0
2905.223886042349,17279232.0
2905.2252749212744,17275042.0
2905.2266638006668,17297766.0
2905.2280526795935,17287598.0
2905.229441558519,17292414.0
2905.23083043791,17289170.0
2905.2322193168357,17293486.0
2905.233608196228,17311486.0
2905.2349970751534,17301780.0
2905.2363859545453,17309940.0
2905.2377748334716,17321516.0
2905.239163712398,17320814.0
2905.2405525917898,17317004.0
2905.241941470715,17330708.0
2905.243330349642,17329804.0
2905.2447192290333,17336078.0
2905.2461081079587,17338682.0
2905.2474969873497,17335446.0
2905.2488858662764,17350326.0
2905.250274745203,17331120.0
2905.2516636241285,17348128.0
2905.2530525035204,17362130.0
2905.2544413824467,17345032.0
2905.255830261373,17366468.0
2905.257219140764,17360294.0
2905.2586080196893,17363116.0
2905.2599968986156,17366108.0
2905.261385777542,17373476.0
2905.2627746569337,17371272.0
2905.264163535859,17370760.0
2905.265552414786,17381368.0
2905.2669412937125,17362456.0
2905.268330172638,17377808.0
2905.26971905203,17384114.0
2905.2711079309547,17391838.0
2905.2724968098805,17389174.0
2905.273885688807,17384458.0
2905.275274567733,17389454.0
2905.2766634466584,17397598.0
2905.278052326051,17403574.0
2905.2794412049775,17407094.0
2905.280830083903,17407020.0
2905.282218962829,17382468.0
2905.2836078417545,17411692.0
2905.2849967206807,17404464.0
2905.286385599606,17418724.0
2905.2877744785324,17385962.0
2905.2891633574586,17409910.0
2905.290552236385,17417458.0
2905.291941115311,17389046.0
2905.2933299942365,17406030.0
2905.294718873629,17413868.0
2905.2961077525556,17403618.0
2905.2974966314805,17404730.0
2905.2988855104054,17407676.0
2905.300274389332,17404336.0
2905.301663267793,17401758.0
2905.3030521467185,17393828.0
2905.304441025645,17409524.0
2905.305829904571,17405572.0
2905.3072187834973,17399690.0
2905.3086076624236,17404844.0
2905.309996541349,17404010.0
2905.311385420275,17398964.0
2905.3127742992006,17405808.0
2905.314163178127,17405862.0
2905.315552057052,17397268.0
2905.316940935979,17417802.0
2905.3183298149056,17401862.0
2905.3197186933653,17415098.0
2905.3211075722916,17402850.0
2905.322496451218,17406160.0
2905.3238853301436,17408196.0
2905.3252742090685,17403310.0
2905.326663087995,17410762.0
2905.3280519664554,17400304.0
2905.3294408453817,17408198.0
2905.330829724308,17405932.0
2905.3322186032333,17407878.0
2905.33360748216,17407894.0
2905.334996360621,17399220.0
2905.3363852395464,17398222.0
2905.3377741184718,17402386.0
2905.339162997397,17403416.0
2905.3405518758577,17410866.0
2905.341940754784,17408086.0
2905.3433296337103,17403644.0
2905.34471851217,17415164.0
2905.3461073910967,17400580.0
2905.3474962700234,17389564.0
2905.348885148483,17404090.0
2905.3502740274084,17413876.0
2905.3516629063342,17413488.0
2905.3530517847953,17421660.0
2905.3544406637207,17388878.0
2905.355829542647,17398158.0
2905.3572184211075,17412448.0
2905.358607300034,17410238.0
2905.3599961784944,17394232.0
2905.3613850574197,17403536.0
2905.3627739363465,17408276.0
2905.3641628148066,17407176.0
2905.365551693732,17408426.0
2905.3669405721917,17399346.0
2905.3683294511184,17411828.0
2905.3697183295794,17398106.0
2905.371107208505,17413416.0
2905.3724960869654,17406488.0
2905.3738849658916,17411168.0
2905.3752738443523,17396870.0
2905.3766627232785,17398772.0
2905.3780516017378,17407988.0
2905.3794404806636,17407708.0
2905.380829359124,17399994.0
2905.3822182380504,17399602.0
2905.38360711651,17398078.0
2905.384995995437,17405388.0
2905.386384873898,17409154.0
2905.3877737528233,17407986.0
2905.389162631284,17398586.0
2905.3905515097435,17415240.0
2905.39194038867,17404180.0
2905.3933292671295,17414930.0
2905.39471814559,17406492.0
2905.3961070245164,17401952.0
2905.397495902977,17405174.0
2905.3988847819032,17408830.0
2905.400273660363,17429136.0
2905.401662538824,17413534.0
2905.403051417285,17394702.0
2905.40444029621,17409434.0
2905.405829174669,17400468.0
2905.4072180531302,17405674.0
2905.408606932057,17417516.0
2905.4099958105166,17402430.0
2905.4113846889773,17412208.0
2905.412773567437,17403356.0
2905.4141624463637,17426630.0
2905.4155513248247,17396734.0
2905.416940203284,17407598.0
2905.418329081743,17414860.0
2905.41971796067,17410030.0
2905.421106839131,17407208.0
2905.4224957175907,17417924.0
2905.4238845960513,17416356.0
2905.425273474512,17420528.0
2905.4266623529725,17414036.0
2905.4280512318987,17406496.0
2905.4294401103584,17416322.0
2905.430828988819,17408208.0
2905.4322178672787,17414462.0
2905.4336067457393,17414554.0
2905.434995624199,17418478.0
2905.43638450266,17410728.0
2905.437773381121,17407998.0
2905.439162259581,17424976.0
2905.440551138507,17421266.0
2905.4419400169677,17411318.0
2905.4433288954283,17415330.0
2905.444717773888,17408746.0
2905.4461066523477,17416896.0
2905.4474955308083,17416028.0
2905.448884409269,17414576.0
2905.4502732877295,17412906.0
2905.451662166189,17425854.0
2905.4530510446502,17418652.0
2905.4544399231113,17414900.0
2905.455828801571,17408682.0
2905.4572176800307,17404390.0
2905.458606558491,17412288.0
2905.459995436952,17420268.0
2905.461384314946,17414444.0
2905.4627731934065,17403710.0
2905.464162071867,17419410.0
2905.4655509503277,17420048.0
2905.4669398287883,17418136.0
2905.468328707248,17410904.0
2905.469717585709,17412260.0
2905.471106464169,17424596.0
2905.472495342629,17415796.0
2905.473884220623,17427176.0
2905.475273099084,17433544.0
2905.476661977545,17404426.0
2905.4780508560048,17431190.0
2905.4794397344654,17427772.0
2905.480828612926,17426158.0
2905.482217490921,17422372.0
2905.4836063693806,17436314.0
2905.4849952478403,17423274.0
2905.486384126301,17426218.0
2905.487773004296,17417680.0
2905.4891618827564,17435582.0
2905.490550761216,17422914.0
2905.4919396396767,17426642.0
2905.4933285176717,17440658.0
2905.4947173961323,17425574.0
2905.496106274593,17425118.0
2905.4974951525865,17426398.0
2905.4988840310466,17431660.0
2905.500272909507,17425406.0
2905.501661787968,17435504.0
2905.503050665962,17432640.0
2905.504439544423,17419212.0
2905.5058284224183,17417104.0
2905.507217300878,17422220.0
2905.5086061793386,17408394.0
2905.5099950573335,17438378.0
2905.5113839357937,17435856.0
2905.512772814253,17442140.0
2905.514161692248,17420808.0
2905.5155505707085,17421368.0
2905.5169394487034,17445898.0
2905.518328327164,17427774.0
2905.519717205158,17423204.0
2905.521106083619,17422648.0
2905.5224949616145,17429556.0
2905.5238838400737,17429754.0
2905.5252727180673,17411450.0
2905.5266615965284,17427870.0
2905.5280504745238,17428666.0
2905.5294393529834,17423326.0
2905.5308282309784,17433436.0
2905.532217109439,17434076.0
2905.533605987434,17409864.0
2905.5349948658945,17424232.0
2905.5363837438886,17430800.0
2905.537772622349,17420464.0
2905.539161500343,17414994.0
2905.540550378338,17431688.0
2905.541939256798,17427562.0
2905.5433281347932,17428806.0
2905.5447170132543,17422520.0
2905.5461058912483,17423080.0
2905.5474947692433,17426638.0
2905.548883647704,17412022.0
2905.5502725256983,17418798.0
2905.551661403692,17411982.0
2905.5530502821525,17434714.0
2905.5544391601475,17433032.0
2905.5558280381424,17411240.0
2905.557216916603,17426682.0
2905.558605794597,17392212.0
2905.5599946725924,17426130.0
2905.5613835510535,17431506.0
2905.5627724290475,17416830.0
2905.5641613070416,17428212.0
2905.565550185036,17418810.0
2905.566939063497,17420948.0
2905.568327941491,17420714.0
2905.569716819486,17420856.0
2905.571105697481,17409004.0
2905.572494575476,17406794.0
2905.5738834539366,17432020.0
2905.5752723319306,17409622.0
2905.576661209926,17412038.0
2905.5780500879205,17412070.0
2905.5794389659145,17417674.0
2905.5808278439085,17407168.0
2905.5822167219035,17410644.0
2905.583605600364,17407186.0
2905.584994478359,17402282.0
2905.586383356354,17417768.0
2905.587772234348,17404324.0
2905.5891611123434,17407826.0
2905.590549990338,17401452.0
2905.591938868332,17409130.0
2905.593327746326,17410480.0
2905.5947166243213,17415522.0
2905.5961055023167,17402848.0
2905.5974943803108,17406212.0
2905.5988832583057,17398660.0
2905.6002721363006,17411408.0
2905.6016610142956,17402444.0
2905.6030498922905,17399264.0
2905.604438770284,17388046.0
2905.6058276482786,17401306.0
2905.6072165262735,17397056.0
2905.6086054042685,17404442.0
2905.6099942822625,17399310.0
2905.611383160258,17395218.0
2905.6127720382533,17398688.0
2905.6141609162473,17396492.0
2905.6155497942423,17384068.0
2905.6169386722363,17409178.0
2905.6183275502312,17401696.0
2905.6197164282253,17397258.0
2905.62110530622,17395416.0
2905.6224941837495,17397576.0
2905.6238830617444,17413140.0
2905.6252719397394,17392582.0
2905.6266608177334,17401234.0
2905.628049695729,17404008.0
2905.629438573724,17380964.0
2905.630827451252,17393660.0
2905.6322163292457,17397088.0
2905.633605207241,17394288.0
2905.6349940852365,17377798.0
2905.6363829632305,17390760.0
2905.63777184076,17397634.0
2905.6391607187547,17403378.0
2905.6405495967497,17384818.0
2905.6419384747446,17403916.0
2905.643327352273,17397878.0
2905.644716230268,17393218.0
2905.646105108262,17388440.0
2905.6474939857912,17381198.0
2905.6488828637853,17384922.0
2905.6502717417807,17388442.0
2905.651660619776,17387970.0
2905.6530494973044,17394826.0
2905.6544383752994,17394378.0
2905.6558272532943,17386828.0
2905.657216130823,17390532.0
2905.6586050088167,17404658.0
2905.659993886346,17393310.0
2905.661382764341,17390980.0
2905.662771642336,17400106.0
2905.664160519865,17399560.0
2905.665549397859,17405358.0
2905.666938275389,17396548.0
2905.6683271533843,17392188.0
2905.6697160309127,17411044.0
2905.6711049089067,17391984.0
2905.6724937869008,17394804.0
2905.67388266443,17406440.0
2905.675271542425,17399280.0
2905.6766604199543,17403000.0
2905.6780492979483,17401412.0
2905.679438175478,17393898.0
2905.6808270534734,17406098.0
2905.682215931002,17403258.0
2905.683604808996,17397842.0
2905.6849936865246,17401788.0
2905.6863825640544,17407144.0
2905.6877714420484,17409348.0
2905.6891603195777,17398488.0
2905.6905491975726,17390320.0
2905.691938075102,17411074.0
2905.693326953097,17411020.0
2905.6947158306252,17403774.0
2905.696104708155,17411548.0
2905.6974935861494,17413062.0
2905.698882463678,17399742.0
2905.700271341206,17401986.0
2905.7016602192016,17412488.0
2905.7030490967313,17402118.0
2905.7044379742597,17402198.0
2905.7058268522546,17403210.0
2905.707215729784,17397110.0
2905.708604607313,17409910.0
2905.709993485308,17413524.0
2905.711382362836,17405954.0
2905.712771240365,17410652.0
2905.715548995889,17411942.0
2905.7169378734175,17418176.0
2905.718326750947,17405678.0
2905.719715628477,17410728.0
2905.721104506471,17400254.0
2905.7224933840002,17400168.0
2905.7238822615286,17428482.0
2905.725271139058,17412140.0
2905.7266600165863,17403218.0
2905.728048894581,17417000.0
2905.7294377721105,17399890.0
2905.7308266496398,17430786.0
2905.732215527169,17405640.0
2905.7336044046974,17412898.0
2905.734993282227,17392214.0
2905.736382159757,17411954.0
2905.737771037285,17422840.0
2905.7391599152784,17410382.0
2905.740548792808,17404038.0
2905.741937670338,17401544.0
2905.743326547866,17425248.0
2905.7447154253955,17415586.0
2905.746104302925,17417296.0
2905.747493180454,17408394.0
2905.7488820579833,17413680.0
2905.7502709355113,17408210.0
2905.75165981304,17415454.0
2905.7530486905694,17415596.0
2905.7544375680986,17410444.0
2905.755826445627,17422420.0
2905.7572153231567,17409994.0
2905.7586042006865,17401414.0
2905.759993078215,17423396.0
2905.761381955744,17403578.0
2905.7627708332734,17394416.0
2905.7641597108022,17401746.0
2905.76554858833,17409306.0
2905.7669374658594,17411938.0
2905.768326342923,17410112.0
2905.7697152204523,17409836.0
2905.7711040979816,17405168.0
2905.77249297551,17407696.0
2905.7738818530397,17409216.0
2905.7752707305694,17416926.0
2905.7766596080974,17408006.0
2905.7780484856253,17401098.0
2905.779437362689,17396720.0
2905.780826240218,17405490.0
2905.7822151177475,17398996.0
2905.7836039952767,17404496.0
2905.784992872805,17397390.0
2905.786381749869,17392610.0
2905.787770627399,17406298.0
2905.7891595049273,17395414.0
2905.7905483824557,17399824.0
2905.791937259519,17400538.0
2905.7933261370486,17388036.0
2905.794715014577,17385734.0
2905.796103892106,17406924.0
2905.79749276917,17396034.0
2905.798881646699,17370150.0
2905.8002705242284,17401228.0
2905.801659401291,17380776.0
2905.803048278821,17376086.0
2905.8044371563496,17396372.0
2905.8058260334124,17361794.0
2905.8072149109407,17389130.0
2905.8086037884705,17387164.0
2905.8099926655345,17375056.0
2905.811381543063,17391504.0
2905.8127704201265,17375888.0
2905.814159297656,17393832.0
2905.815548175185,17366790.0
2905.816937052248,17378424.0
2905.818325929776,17381234.0
2905.81971480684,17378486.0
2905.821103684369,17381474.0
2905.8224925614327,17369054.0
2905.823881438961,17377374.0
2905.825270316025,17375174.0
2905.826659193555,17374218.0
2905.8280480710832,17391368.0
2905.829436948147,17367086.0
2905.8308258252096,17366654.0
2905.832214702739,17370032.0
2905.8336035798015,17375750.0
2905.834992457331,17366290.0
2905.8363813343944,17346496.0
2905.8377702119237,17361230.0
2905.8391590889873,17344588.0
2905.8405479665157,17361792.0
2905.84193684358,17373498.0
2905.843325720643,17363896.0
2905.8447145981713,17372506.0
2905.846103475234,17362348.0
2905.8474923527638,17370634.0
2905.848881229828,17359136.0
2905.8502701068905,17369286.0
2905.85165898442,17352912.0
2905.8530478614834,17355230.0
2905.854436738547,17362462.0
2905.8558256160763,17362014.0
2905.8572144931386,17354304.0
2905.8586033702018,17359696.0
2905.859992247731,17350180.0
2905.8613811247947,17367622.0
2905.8627700018574,17329140.0
2905.8641588789214,17341466.0
2905.865547756451,17354778.0
2905.866936633514,17352056.0
2905.8683255105775,17362924.0
2905.869714387641,17353194.0
2905.87110326517,17349974.0
2905.872492142232,17346908.0
2905.873881019296,17352234.0
2905.8752698963594,17347822.0
2905.876658773423,17357424.0
2905.8780476509523,17357964.0
2905.879436528015,17348136.0
2905.880825405079,17351276.0
2905.882214282143,17342746.0
2905.8836031592054,17347516.0
2905.8849920362677,17346142.0
2905.886380913332,17355004.0
2905.887769790396,17351222.0
2905.889158667924,17350492.0
2905.890547544988,17346830.0
2905.8919364220515,17341462.0
2905.893325299115,17354204.0
2905.8947141761787,17348278.0
2905.8961030532414,17365358.0
2905.897491930305,17347594.0
2905.8988808073677,17343890.0
2905.9002696844314,17344060.0
2905.901658561494,17340292.0
2905.9030474385577,17344884.0
2905.9044363156213,17357044.0
2905.905825192685,17343582.0
2905.9072140697485,17347380.0
2905.9086029468112,17354892.0
2905.909991823875,17346122.0
2905.9113807009376,17350572.0
2905.912769578001,17343136.0
2905.914158455064,17335808.0
2905.915547332128,17340390.0
2905.916936209192,17332024.0
2905.9183250862548,17337156.0
2905.9197139628527,17328662.0
2905.9211028399163,17320614.0
2905.92249171698,17339074.0
2905.9238805940427,17339890.0
2905.9252694711054,17338996.0
2905.926658348169,17340720.0
2905.9280472252326,17341358.0
2905.9294361018306,17336900.0
2905.9308249788933,17331722.0
2905.9322138559573,17360704.0
2905.9336027330214,17357220.0
2905.934991610084,17336304.0
2905.936380486682,17337948.0
2905.937769363745,17348760.0
2905.9391582408084,17316610.0
2905.940547117871,17339008.0
2905.941935994469,17342076.0
2905.9433248715327,17338992.0
2905.9447137485963,17346322.0
2905.94610262566,17341908.0
2905.947491502257,17340290.0
2905.948880379321,17327232.0
2905.950269256384,17335468.0
2905.9516581329813,17333410.0
2905.953047010044,17335770.0
2905.954435887108,17327512.0
2905.9558247637065,17329768.0
2905.957213640769,17327432.0
2905.958602517833,17310744.0
2905.9599913944307,17323196.0
2905.9613802714944,17306640.0
2905.962769148558,17319254.0
2905.9641580251546,17335826.0
2905.9655469022177,17327804.0
2905.9669357788157,17319510.0
2905.9683246558793,17327796.0
2905.9697135324764,17308782.0
2905.9711024095404,17325396.0
2905.9724912866045,17317310.0
2905.9738801632016,17337688.0
2905.975269040265,17305960.0
2905.976657916862,17331418.0
2905.978046793926,17314742.0
2905.979435670523,17336352.0
2905.9808245475865,17322118.0
2905.9822134241845,17336150.0
2905.983602301248,17327526.0
2905.984991177846,17313826.0
2905.986380054443,17334214.0
2905.987768931507,17320326.0
2905.9891578081056,17304624.0
2905.990546685168,17329924.0
2905.9919355617644,17314592.0
2905.9933244388285,17312578.0
2905.994713315427,17324802.0
2905.996102192024,17310444.0
2905.9974910690876,17318328.0
2905.9988799456855,17312582.0
2906.0002688222835,17317692.0
2906.001657699347,17309928.0
2906.003046575944,17296618.0
2906.004435452542,17304996.0
2906.005824329605,17318790.0
2906.007213206203,17299808.0
2906.0086020828,17313018.0
2906.009990959864,17318054.0
2906.0113798364623,17291510.0
2906.0127687130594,17302966.0
2906.0141575896573,17307488.0
2906.015546466721,17302666.0
2906.0169353433184,17308172.0
2906.018324219915,17290348.0
2906.019713096513,17287418.0
2906.0211019735766,17316290.0
2906.0224908501746,17307654.0
2906.0238797267725,17298980.0
2906.0252686033696,17298502.0
2906.026657479968,17301288.0
2906.028046357032,17289474.0
2906.029435233629,17291828.0
2906.030824110226,17292430.0
2906.0322129868237,17285272.0
2906.033601863422,17296366.0
2906.034990740019,17261518.0
2906.036379616617,17306252.0
2906.0377684936807,17290652.0
2906.0391573702786,17287322.0
2906.0405462468766,17296750.0
2906.0419351234736,17290364.0
2906.0433240000716,17279890.0
2906.0447128766687,17274258.0
2906.0461017532666,17296520.0
2906.0474906298637,17280002.0
2906.048879506462,17307350.0
2906.0502683830605,17283992.0
2906.0516572596575,17288114.0
2906.0530461362555,17276014.0
2906.0544350128534,17288604.0
2906.0558238894514,17280184.0
2906.0572127660485,17292542.0
2906.0586016426455,17277860.0
2906.0599905192425,17286674.0
2906.061379395841,17284472.0
2906.0627682724394,17283386.0
2906.0641571490364,17280766.0
2906.0655460256344,17265160.0
2906.0669349022323,17274578.0
2906.0683237783646,17279494.0
2906.0697126549626,17274458.0
2906.071101531559,17278460.0
2906.0724904081567,17268674.0
2906.0738792847546,17281408.0
2906.0752681613526,17274818.0
2906.0766570379496,17278484.0
2906.078045914548,17268058.0
2906.079434790681,17268010.0
2906.080823667278,17260436.0
2906.082212543876,17288794.0
2906.083601420473,17257378.0
2906.084990297071,17282336.0
2906.086379173202,17267620.0
2906.0877680498,17264204.0
2906.089156926398,17275722.0
2906.090545802996,17266810.0
2906.0919346791284,17286088.0
2906.0933235557254,17259012.0
2906.094712432324,17275072.0
2906.0961013089222,17268822.0
2906.097490185053,17280662.0
2906.0988790616498,17267590.0
2906.100267938248,17265112.0
2906.101656814381,17262734.0
2906.103045690978,17271572.0
2906.104434567576,17248638.0
2906.1058234437082,17272976.0
2906.107212320306,17256274.0
2906.108601196904,17273536.0
2906.109990073035,17262362.0
2906.1113789496326,17252752.0
2906.112767825765,17273628.0
2906.114156702363,17257578.0
2906.11554557896,17260350.0
2906.1169344550926,17267594.0
2906.118323331691,17254774.0
2906.1197122078224,17278994.0
2906.1211010844204,17238368.0
2906.1224899605527,17239410.0
2906.12387883715,17264512.0
2906.125267713281,17241512.0
2906.126656589879,17244722.0
2906.1280454660114,17258420.0
2906.1294343426093,17228364.0
2906.1308232187416,17251318.0
2906.1322120953387,17247266.0
2906.1336009714714,17237498.0
2906.13498984807,17250356.0
2906.136378724201,17247598.0
2906.1377676007983,17233700.0
2906.13915647693,17216250.0
2906.140545353063,17250220.0
2906.14193422966,17248662.0
2906.143323105792,17252404.0
2906.14471198239,17254160.0
2906.1461008585225,17230216.0
2906.1474897346548,17240122.0
2906.148878611252,17236082.0
2906.150267487384,17235626.0
2906.1516563635155,17225842.0
2906.1530452401134,17235144.0
2906.154434116245,17233940.0
2906.1558229923776,17240086.0
2906.157211868976,17229902.0
2906.1586007451074,17229024.0
2906.1599896212397,17228660.0
2906.1613784978376,17231754.0
2906.16276737397,17213514.0
2906.1641562501013,17216608.0
2906.1655451262327,17236588.0
2906.1669340028307,17219572.0
2906.168322878963,17225064.0
2906.1697117550952,17212826.0
2906.1711006312266,17217478.0
2906.1724895073594,17217840.0
2906.173878383958,17197986.0
2906.175267260089,17212086.0
2906.1766561362206,17214288.0
2906.1780450123524,17203018.0
2906.179433888485,17217152.0
2906.1808227646166,17206620.0
2906.1822116412145,17202608.0
2906.183600517347,17208354.0
2906.184989393479,17178384.0
2906.1863782696114,17204506.0
2906.187767145743,17209106.0
2906.1891560218755,17193568.0
2906.1905448980074,17189816.0
2906.1919337741388,17188272.0
2906.19332265027,17192290.0
2906.194711526403,17199068.0
2906.1961004025356,17184650.0
2906.197489278667,17198724.0
2906.1988781547993,17183668.0
2906.2002670309316,17170880.0
2906.201655907064,17195530.0
2906.203044783196,17184282.0
2906.204433659327,17173004.0
2906.205822535459,17193466.0
2906.2072114115913,17176130.0
2906.2086002877236,17180254.0
2906.209989163855,17177758.0
2906.2113780399877,17186652.0
2906.2127669161205,17172712.0
2906.214155792252,17165662.0
2906.215544668384,17178632.0
2906.2169335445155,17187134.0
2906.218322420648,17173590.0
2906.219711296779,17156430.0
2906.2211001729115,17181058.0
2906.222489048578,17155156.0
2906.2238779247105,17178976.0
2906.2252668008427,17156208.0
2906.226655676974,17166906.0
2906.228044553107,17168728.0
2906.2294334292396,17154064.0
2906.230822304905,17171412.0
2906.232211181036,17159486.0
2906.2336000571686,17165970.0
2906.2349889333013,17152154.0
2906.236377808967,17169568.0
2906.2377666850994,17150392.0
2906.2391555612317,17165114.0
2906.240544437364,17144202.0
2906.2419333130306,17164080.0
2906.2433221891615,17145524.0
2906.2447110652934,17169520.0
2906.2460999414257,17163602.0
2906.2474888170923,17168270.0
2906.2488776932237,17150938.0
2906.2502665693564,17154040.0
2906.2516554450235,17167800.0
2906.253044321155,17136188.0
2906.254433197287,17157792.0
2906.255822072954,17147288.0
2906.2572109490857,17163292.0
2906.2585998252166,17154568.0
2906.2599887008832,17143598.0
2906.2613775770155,17148762.0
2906.262766452682,17142586.0
2906.2641553288145,17147396.0
2906.26554420448,17144106.0
2906.266933080613,17147858.0
2906.2683219567457,17151236.0
2906.269710832411,17133108.0
2906.271099708542,17141330.0
2906.272488584209,17135180.0
2906.2738774603417,17157626.0
2906.2752663360075,17146316.0
2906.2766552121398,17146648.0
2906.2780440878064,17138210.0
2906.2794329639387,17146652.0
2906.2808218396053,17149114.0
2906.2822107157367,17134450.0
2906.2835995914033,17151540.0
2906.284988467069,17142388.0
2906.2863773432014,17148994.0
2906.287766218867,17137922.0
2906.289155095,17148546.0
2906.290543970667,17151594.0
2906.2919328467983,17140434.0
2906.293321722465,17131738.0
2906.2947105981307,17130682.0
2906.2960994742634,17144608.0
2906.2974883499296,17121238.0
2906.2988772255953,17129530.0
2906.3002661017267,17138562.0
2906.301654977394,17132418.0
2906.303043853061,17131850.0
2906.3044327291923,17129990.0
2906.305821604859,17128610.0
2906.3072104805256,17114610.0
2906.308599356658,17120480.0
2906.3099882323236,17130076.0
2906.3113771079893,17113858.0
2906.312765983656,17125094.0
2906.3141548597882,17101460.0
2906.315543735455,17098566.0
2906.3169326111206,17086364.0
2906.3183214867877,17059248.0
2906.3197103624548,17057292.0
2906.321099238586,17044466.0
2906.322488114253,17034836.0
2906.3238769899185,16993512.0
2906.325265865585,16978136.0
2906.326654741251,16966334.0
2906.328043617383,16950722.0
2906.32943249305,16925688.0
2906.3308213687164,16906074.0
2906.332210244383,16883638.0
2906.333599120049,16863866.0
2906.334987995716,16834434.0
2906.336376871382,16802988.0
2906.337765747048,16778444.0
2906.3391546227135,16750618.0
2906.3405434983806,16718180.0
2906.3419323740477,16684742.0
2906.343321250179,16658193.0
2906.3447101258457,16612436.0
2906.3460990015124,16569727.0
2906.347487877179,16546030.0
2906.3488767528456,16510529.0
2906.350265628511,16467126.0
2906.351654504177,16424501.0
2906.3530433798437,16386167.0
2906.3544322555103,16332506.0
2906.355821131176,16290342.0
2906.3572100063775,16241646.0
2906.3585988820446,16198366.0
2906.3599877577103,16161188.0
2906.361376633377,16100820.0
2906.3627655090436,16050482.0
2906.3641543847098,15994704.0
2906.365543260375,15952066.0
2906.3669321360417,15893038.0
2906.3683210117083,15837723.0
2906.369709887375,15786952.0
2906.371098762576,15729561.0
2906.3724876382416,15675297.0
2906.3738765139087,15621502.0
2906.375265389576,15560475.0
2906.376654265241,15500275.0
2906.3780431409064,15445635.0
2906.379432016108,15387510.0
2906.380820891775,15324291.0
2906.3822097674406,15268325.0
2906.3835986431072,15205688.0
2906.384987518774,15145479.0
2906.386376393975,15086823.0
2906.3877652696415,15019582.0
2906.389154145307,14959809.0
2906.390543020974,14897673.0
2906.391931896174,14835991.0
2906.3933207718405,14768585.0
2906.3947096475063,14702773.0
2906.3960985227077,14641630.0
2906.397487398375,14571300.0
2906.3988762740405,14510277.0
2906.4002651492415,14449102.0
2906.401654024908,14374524.0
2906.4030429005747,14312598.0
2906.404431775774,14243301.0
2906.4058206514405,14172663.0
2906.4072095266415,14108315.0
2906.408598402308,14035096.0
2906.409987277975,13977116.0
2906.411376153175,13906013.0
2906.4127650288424,13830280.0
2906.4141539040434,13775344.0
2906.415542779709,13698826.0
2906.416931655375,13633728.0
2906.4183205305753,13567147.0
2906.4197094062424,13494374.0
2906.4210982814425,13440349.0
2906.422487157109,13356761.0
2906.42387603231,13298205.0
2906.425264907977,13224253.0
2906.4266537831777,13160357.0
2906.4280426588434,13091991.0
2906.4294315340453,13026533.0
2906.4308204092454,12954096.0
2906.432209284911,12890834.0
2906.433598160111,12823104.0
2906.4349870357782,12763418.0
2906.4363759109797,12689371.0
2906.4377647866454,12632352.0
2906.4391536618464,12551042.0
2906.4405425370473,12492027.0
2906.441931412715,12425953.0
2906.443320287914,12366649.0
2906.444709163114,12296269.0
2906.4460980387807,12224580.0
2906.4474869139817,12144552.0
2906.4488757891827,12068077.0
2906.4502646648484,11986478.0
2906.4516535400503,11904322.0
2906.4530424152513,11823619.0
2906.454431290918,11749207.0
2906.455820166118,11668079.0
2906.4572090413185,11595022.0
2906.4585979169847,11523313.0
2906.4599867921847,11447383.0
2906.4613756673857,11372892.0
2906.4627645425867,11299364.0
2906.4641534177886,11227166.0
2906.4655422934543,11155887.0
2906.466931168655,11090971.0
2906.4683200438562,11020549.0
2906.4697089190563,10955189.0
2906.4710977942564,10887422.0
2906.472486669922,10824145.0
2906.473875545124,10763225.0
2906.475264420325,10704022.0
2906.476653295526,10644210.0
2906.478042170726,10587432.0
2906.479431045927,10530974.0
2906.480819921129,10476712.0
2906.4822087967946,10421353.0
2906.4835976719946,10367174.0
2906.4849865471947,10322132.0
2906.4863754223966,10273571.0
2906.4877642975966,10231209.0
2906.489153172797,10185377.0
2906.4905420479986,10143564.0
2906.4919309231996,10103547.0
2906.4933197984005,10067186.0
2906.4947086736006,10030374.0
2906.496097548802,9999375.0
2906.4974864240025,9969067.0
2906.498875299202,9939993.0
2906.5002641744027,9913260.0
2906.5016530496036,9890051.0
2906.5030419248055,9870741.0
2906.5044308000056,9849278.0
2906.5058196752066,9834516.0
2906.5072085504075,9818909.0
2906.5085974256085,9810196.0
2906.5099863008086,9799197.0
2906.5113751760077,9795145.0
2906.512764050744,9791786.0
2906.514152925945,9788556.0
2906.515541801146,9791685.0
2906.516930676346,9797030.0
2906.5183195515474,9800061.0
2906.519708426749,9811614.0
2906.521097301949,9822968.0
2906.522486176684,9837256.0
2906.5238750518843,9856787.0
2906.5252639270852,9873755.0
2906.5266528022853,9897783.0
2906.5280416774863,9919424.0
2906.5294305522216,9948768.0
2906.5308194274226,9975098.0
2906.5322083026235,10004365.0
2906.5335971778236,10038987.0
2906.5349860525594,10074424.0
2906.53637492776,10110986.0
2906.53776380296,10152482.0
2906.53915267816,10194666.0
2906.540541552896,10238504.0
2906.541930428097,10288086.0
2906.5433193032973,10333349.0
2906.5447081780326,10380573.0
2906.5460970532336,10433925.0
2906.5474859284345,10487490.0
2906.54887480317,10543182.0
2906.5502636783694,10599608.0
2906.55165255357,10659269.0
2906.5530414283053,10721199.0
2906.5544303035063,10780651.0
2906.5558191782407,10844345.0
2906.557208053442,10907987.0
2906.5585969286435,10976006.0
2906.559985803378,11042995.0
2906.561374678579,11112997.0
2906.562763553314,11186646.0
2906.5641524285147,11256178.0
2906.5655413032487,11327178.0
2906.5669301784496,11399504.0
2906.568319053185,11478249.0
2906.569707928386,11550952.0
2906.5710968031212,11626587.0
2906.5724856783213,11703926.0
2906.573874553057,11787828.0
2906.5752634282585,11863401.0
2906.5766523029924,11942062.0
2906.578041178192,12022500.0
2906.579430052928,12105393.0
2906.5808189281292,12187375.0
2906.5822078028636,12272700.0
2906.583596677599,12341978.0
2906.5849855528,12406234.0
2906.5863744275352,12470011.0
2906.587763302736,12540412.0
2906.5891521774706,12607622.0
2906.590541052206,12672314.0
2906.591929927406,12740034.0
2906.5933188021413,12810373.0
2906.5947076768757,12875978.0
2906.596096552077,12939452.0
2906.597485426813,13013142.0
2906.5988743015473,13078129.0
2906.6002631767483,13149521.0
2906.6016520514836,13222059.0
2906.6030409262185,13287064.0
2906.6044298009524,13352311.0
2906.6058186761534,13422381.0
2906.6072075508887,13496016.0
2906.608596425624,13555123.0
2906.6099853003593,13633701.0
2906.6113741755594,13697596.0
2906.612763050295,13766979.0
2906.614151925031,13832611.0
2906.6155407997653,13908822.0
2906.6169296744997,13978578.0
2906.6183185497002,14043570.0
2906.619707424436,14112234.0
2906.6210962991704,14176028.0
2906.6224851739057,14249441.0
2906.623874048641,14315224.0
2906.6252629233763,14383414.0
2906.6266517981117,14457115.0
2906.6280406733117,14521240.0
2906.6294295480475,14588506.0
2906.6308184227823,14649685.0
2906.6322072975167,14719274.0
2906.633596172251,14784710.0
2906.634985046987,14846795.0
2906.6363739217227,14916904.0
2906.637762796457,14973997.0
2906.6391516711924,15033675.0
2906.6405405459277,15103044.0
2906.641929420663,15178288.0
2906.6433182953974,15230881.0
2906.644707170132,15292159.0
2906.646096044867,15361246.0
2906.6474849196024,15413356.0
2906.6488737943378,15476182.0
2906.650262669072,15539803.0
2906.651651543808,15586966.0
2906.6530404185437,15656857.0
2906.654429293278,15707261.0
2906.6558181680134,15769534.0
2906.657207042748,15824777.0
2906.6585959170175,15879041.0
2906.659984791752,15933168.0
2906.661373666487,15996626.0
2906.6627625412225,16036419.0
2906.664151415958,16092937.0
2906.665540290693,16152644.0
2906.6669291654275,16195065.0
2906.6683180396976,16242912.0
2906.6697069144325,16296614.0
2906.671095789167,16342811.0
2906.6724846639013,16379912.0
2906.673873538637,16429565.0
2906.675262412907,16473904.0
2906.6766512876416,16518726.0
2906.678040162377,16551797.0
2906.679429037112,16597211.0
2906.6808179118475,16636112.0
2906.682206786117,16663428.0
2906.683595660851,16706587.0
2906.684984535586,16739597.0
2906.6863734098556,16773894.0
2906.687762284591,16802720.0
2906.6891511593253,16827776.0
2906.6905400335954,16849536.0
2906.691928908331,16890822.0
2906.6933177830656,16907842.0
2906.6947066573352,16941930.0
2906.6960955320706,16963210.0
2906.6974844068054,16990600.0
2906.6988732810737,17015212.0
2906.700262155809,17028440.0
2906.7016510305443,17061464.0
2906.703039904814,17061618.0
2906.7044287795493,17097928.0
2906.705817653818,17099368.0
2906.707206528554,17128186.0
2906.708595402824,17133972.0
2906.709984277558,17157474.0
2906.711373151826,17147798.0
2906.712762026562,17162604.0
2906.7141509012977,17199842.0
2906.7155397755664,17175376.0
2906.7169286503017,17194376.0
2906.7183175245714,17208540.0
2906.719706398841,17217430.0
2906.7210952735763,17201690.0
2906.722484147845,17207842.0
2906.7238730225804,17199870.0
2906.725261896849,17206278.0
2906.7266507715844,17216752.0
2906.728039645853,17210450.0
2906.729428520589,17198854.0
2906.730817394859,17224254.0
2906.732206269128,17218730.0
2906.733595143863,17223646.0
2906.7349840181328,17229178.0
2906.736372892402,17221658.0
2906.737761767136,17219986.0
2906.7391506414056,17226128.0
2906.740539515675,17220814.0
2906.7419283904105,17210838.0
2906.74331726468,17221646.0
2906.744706138949,17224268.0
2906.7460950136847,17232868.0
2906.747483887955,17197000.0
2906.7488727622235,17240810.0
2906.750261636958,17220732.0
2906.751650511227,17239608.0
2906.7530393854972,17230768.0
2906.754428259766,17220942.0
2906.7558171345013,17242018.0
2906.757206008771,17227930.0
2906.7585948830406,17235262.0
2906.7599837573102,17243520.0
2906.761372631579,17240086.0
2906.7627615063143,17201108.0
2906.764150380583,17235400.0
2906.7655392548527,17241574.0
2906.7669281291214,17243524.0
2906.7683170033915,17219982.0
2906.7697058776616,17257074.0
2906.7710947519304,17223650.0
2906.7724836262,17242252.0
2906.7738725009353,17227132.0
2906.775261375205,17243774.0
2906.7766502494737,17246970.0
2906.7780391237425,17243190.0
2906.779427998012,17254092.0
2906.780816872282,17248530.0
2906.7822057465514,17252434.0
2906.78359462082,17236072.0
2906.7849834950903,17250220.0
2906.7863723693604,17258646.0
2906.787761243629,17259284.0
2906.7891501178988,17250792.0
2906.7905389921675,17238068.0
2906.791927866437,17265008.0
2906.793316740706,17253570.0
2906.7947056149756,17253530.0
2906.796094489245,17267706.0
2906.797483363515,17256040.0
2906.7988722377845,17258206.0
2906.800261112054,17276604.0
2906.801649986324,17253926.0
2906.8030388605926,17249960.0
2906.8044277343956,17267564.0
2906.8058166086653,17259334.0
2906.807205482935,17256880.0
2906.8085943572046,17243570.0
2906.8099832314733,17245622.0
2906.8113721057434,17248086.0
2906.8127609800135,17241346.0
2906.8141498538166,17250428.0
2906.8155387280863,17269082.0
2906.816927602355,17265296.0
2906.8183164766247,17255498.0
2906.8197053508934,17271536.0
2906.8210942246974,17248638.0
2906.822483098967,17260086.0
2906.8238719732367,17257048.0
2906.8252608475063,17255118.0
2906.8266497213094,17248212.0
2906.8280385955795,17269226.0
2906.8294274698487,17253936.0
2906.8308163441175,17265090.0
2906.8322052179205,17254244.0
2906.8335940921907,17264160.0
2906.8349829664608,17260524.0
2906.836371840264,17261424.0
2906.8377607145335,17260768.0
2906.839149588803,17259376.0
2906.840538462607,17270206.0
2906.841927336877,17264370.0
2906.843316211145,17252014.0
2906.8447050849486,17271792.0
2906.8460939592183,17277982.0
2906.8474828330222,17264734.0
2906.848871707291,17273066.0
2906.850260581561,17263694.0
2906.8516494553655,17259746.0
2906.8530383296343,17279602.0
2906.8544272034383,17256814.0
2906.855816077708,17267898.0
2906.8572049515114,17263676.0
2906.8585938257797,17261284.0
2906.8599826995837,17269572.0
2906.8613715738534,17279762.0
2906.8627604476574,17273164.0
2906.864149321927,17264604.0
2906.86553819573,17281832.0
2906.86692707,17268426.0
2906.8683159438046,17257904.0
2906.869704818073,17268546.0
2906.8710936918756,17266074.0
2906.87248256568,17270688.0
2906.87387143995,17299388.0
2906.875260313753,17271632.0
2906.876649188023,17271608.0
2906.878038061827,17273276.0
2906.879426935631,17271360.0
2906.8808158099005,17272502.0
2906.8822046837035,17283936.0
2906.8835935575075,17270444.0
2906.8849824317763,17262790.0
2906.8863713055803,17293148.0
2906.8877601793833,17277726.0
2906.8891490536535,17282748.0
2906.890537927458,17292236.0
2906.891926801261,17251054.0
2906.8933156755306,17291048.0
2906.8947045493346,17269564.0
2906.896093423138,17290354.0
2906.897482296941,17272642.0
2906.8988711712104,17262620.0
2906.9002600450144,17293348.0
2906.9016489188184,17282486.0
2906.9030377926224,17295942.0
2906.9044266664255,17284102.0
2906.9058155406956,17284168.0
2906.9072044145,17284470.0
2906.908593288303,17296192.0
2906.909982162106,17300046.0
2906.9113710359097,17301294.0
2906.912759909714,17290398.0
2906.914148783983,17288906.0
2906.915537657787,17281420.0
2906.916926531591,17306506.0
2906.918315405395,17308048.0
2906.919704279199,17305354.0
2906.921093153002,17297570.0
2906.9224820268064,17293164.0
2906.92387090061,17309148.0
2906.925259774413,17288954.0
2906.926648648216,17312444.0
2906.9280375220205,17287404.0
2906.929426395825,17301832.0
2906.930815269628,17320644.0
2906.932204143432,17304752.0
2906.933593017236,17316426.0
2906.93498189104,17309428.0
2906.936370764843,17313536.0
2906.937759638646,17301676.0
2906.93914851245,17318852.0
2906.940537386254,17322184.0
2906.941926260058,17328006.0
2906.9433151338612,17319916.0
2906.9447040076657,17318698.0
2906.94609288147,17311432.0
2906.947481755273,17318748.0
2906.948870629077,17314460.0
2906.9502595028803,17330848.0
2906.9516483766843,17328554.0
2906.9530372500217,17328874.0
2906.9544261238257,17323186.0
2906.9558149976297,17328012.0
2906.9572038714336,17345002.0
2906.9585927452376,17321602.0
2906.9599816190407,17324858.0
2906.9613704923795,17327550.0
2906.962759366183,17337192.0
2906.964148239986,17312410.0
2906.965537113789,17338746.0
2906.966925987128,17336346.0
2906.9683148609324,17340618.0
2906.9697037347355,17357098.0
2906.9710926085395,17328696.0
2906.972481481878,17340118.0
2906.973870355682,17354206.0
2906.975259229486,17341540.0
2906.9766481032884,17355214.0
2906.9780369766263,17347440.0
2906.9794258504303,17352320.0
2906.9808147242343,17325140.0
2906.9822035975717,17366800.0
2906.983592471376,17338130.0
2906.9849813451806,17350776.0
2906.986370218518,17349582.0
2906.987759092322,17353624.0
2906.9891479656603,17344358.0
2906.990536839464,17357778.0
2906.9919257132665,17330202.0
2906.993314586605,17352418.0
2906.994703460409,17362376.0
2906.996092333747,17359630.0
2906.997481207551,17355180.0
2906.9988700808885,17364364.0
2907.000258954693,17364026.0
2907.0016478280318,17357444.0
2907.0030367018344,17372190.0
2907.004425575637,17361570.0
2907.005814448976,17364108.0
2907.0072033223146,17351656.0
2907.0085921961177,17370994.0
2907.009981069456,17372938.0
2907.01136994326,17370144.0
2907.0127588165983,17366252.0
2907.0141476904023,17368080.0
2907.0155365637397,17375376.0
2907.0169254375437,17369052.0
2907.018314310881,17349280.0
2907.0197031842195,17359954.0
2907.0210920580225,17346928.0
2907.0224809313613,17368292.0
2907.0238698051658,17379466.0
2907.025258678503,17374712.0
2907.0266475518415,17363322.0
2907.0280364256455,17363688.0
2907.0294252989834,17384992.0
2907.0308141723203,17367444.0
2907.0322030461243,17379780.0
2907.0335919194627,17371556.0
2907.034980792801,17387408.0
2907.0363696661393,17389124.0
2907.0377585399433,17370392.0
2907.0391474132816,17362488.0
2907.04053628662,17378130.0
2907.0419251599574,17389358.0
2907.0433140337614,17377016.0
2907.044702907099,17393898.0
2907.046091780437,17341782.0
2907.0474806537745,17386630.0
2907.048869527579,17376408.0
2907.0502584009178,17378724.0
2907.051647274255,17382566.0
2907.0530361475935,17367330.0
2907.054425020932,17392130.0
2907.05581389427,17397684.0
2907.0572027680732,17387890.0
2907.0585916414107,17394030.0
2907.059980514749,17400324.0
2907.0613693880873,17385486.0
2907.0627582614256,17408012.0
2907.064147134763,17375478.0
2907.065536008102,17391528.0
2907.0669248814406,17400522.0
2907.068313754778,17389420.0
2907.0697026281155,17392220.0
2907.0710915014533,17411236.0
2907.072480374792,17389046.0
2907.0738692481295,17390466.0
2907.075258121468,17403680.0
2907.076646994806,17394194.0
2907.0780358681445,17392292.0
2907.079424741483,17409600.0
2907.0808136148203,17407766.0
2907.082202488159,17407048.0
2907.083591361497,17400058.0
2907.0849802348343,17377470.0
2907.0863691081718,17404976.0
2907.0877579815105,17395056.0
2907.0891468548493,17398748.0
2907.0905357281868,17409082.0
2907.091924601525,17403562.0
2907.0933134748634,17389622.0
2907.0947023482017,17413488.0
2907.0960912210735,17402420.0
2907.097480094411,17403850.0
2907.0988689677492,17409188.0
2907.1002578410876,17410602.0
2907.101646714426,17419974.0
2907.1030355877633,17416592.0
2907.1044244606364,17412962.0
2907.105813333975,17423974.0
2907.1072022073126,17426520.0
2907.108591080651,17419688.0
2907.1099799539884,17427816.0
2907.111368826861,17434122.0
2907.1127577001985,17436438.0
2907.114146573537,17413866.0
2907.115535446875,17443554.0
2907.116924319748,17394214.0
2907.118313193086,17409708.0
2907.1197020664235,17422046.0
2907.1210909392967,17425412.0
2907.1224798126354,17409264.0
2907.1238686859724,17418612.0
2907.1252575588437,17426852.0
2907.1266464321825,17427986.0
2907.1280353055213,17427594.0
2907.129424178393,17444350.0
2907.1308130517314,17433022.0
2907.132201924604,17434840.0
2907.1335907979424,17442640.0
2907.1349796712807,17439306.0
2907.136368544152,17444904.0
2907.13775741749,17449662.0
2907.1391462903625,17443736.0
2907.140535163701,17439710.0
2907.1419240365726,17438174.0
2907.1433129099114,17443810.0
2907.14470178325,17452736.0
2907.146090656122,17447676.0
2907.1474795294603,17417822.0
2907.148868402333,17457512.0
2907.150257275671,17440158.0
2907.151646148542,17464702.0
2907.153035021415,17448006.0
2907.154423894753,17438282.0
2907.155812767626,17445674.0
2907.157201640964,17475978.0
2907.158590513836,17431322.0
2907.1599793871746,17468112.0
2907.1613682600478,17428858.0
2907.162757132919,17436470.0
2907.164146006256,17465244.0
2907.165534879129,17466980.0
2907.166923752468,17454488.0
2907.1683126253397,17444726.0
2907.1697014982124,17470904.0
2907.1710903715507,17465024.0
2907.1724792444234,17470736.0
2907.173868117296,17464690.0
2907.1752569906334,17474270.0
2907.176645863506,17458816.0
2907.178034736378,17460662.0
2907.179423609716,17458568.0
2907.180812482588,17447008.0
2907.182201355461,17466664.0
2907.183590228334,17477998.0
2907.1849791016716,17461454.0
2907.1863679745443,17475432.0
2907.187756847417,17490164.0
2907.1891457202896,17479490.0
2907.1905345931614,17464646.0
2907.1919234664992,17484546.0
2907.1933123393724,17481750.0
2907.194701212244,17447202.0
2907.196090085117,17483570.0
2907.1974789579895,17479022.0
2907.198867830862,17469574.0
2907.2002567042005,17487352.0
2907.201645577072,17486516.0
2907.203034449945,17465990.0
2907.2044233228166,17475888.0
2907.2058121956893,17479102.0
2907.207201068561,17472736.0
2907.208589941434,17469938.0
2907.2099788143073,17487306.0
2907.211367687179,17485244.0
2907.2127565600517,17485858.0
2907.2141454329244,17485234.0
2907.215534305797,17491198.0
2907.216923178669,17487330.0
2907.2183120515406,17481970.0
2907.2197009244132,17499866.0
2907.221089797286,17490176.0
2907.2224786701586,17486472.0
2907.2238675430303,17482968.0
2907.2252564159035,17490088.0
2907.2266452887766,17496426.0
2907.2280341616483,17481152.0
2907.22942303452,17498224.0
2907.2308119073923,17480502.0
2907.2322007802654,17496532.0
2907.233589653137,17493812.0
2907.23497852601,17479152.0
2907.2363673988825,17497240.0
2907.2377562712895,17470764.0
2907.239145144162,17495472.0
2907.240534017034,17499652.0
2907.241922889907,17483630.0
2907.2433117627793,17492394.0
2907.244700635651,17481272.0
2907.246089508057,17491862.0
2907.2474783809303,17496138.0
2907.2488672538034,17487564.0
2907.250256126675,17486948.0
2907.251644999548,17499556.0
2907.253033871955,17497016.0
2907.2544227448275,17478276.0
2907.2558116176992,17486980.0
2907.257200490571,17487850.0
2907.258589362978,17506046.0
2907.2599782358507,17504580.0
2907.2613671087233,17482316.0
2907.2627559811294,17488180.0
2907.2641448540026,17488990.0
2907.2655337268757,17473146.0
2907.2669225992818,17486030.0
2907.2683114721544,17483472.0
2907.269700345026,17500250.0
2907.271089217433,17486648.0
2907.272478090305,17496220.0
2907.2738669631776,17486820.0
2907.2752558355846,17493438.0
2907.2766447084573,17473626.0
2907.2780335808643,17495982.0
2907.279422453736,17494248.0
2907.280811326609,17482044.0
2907.2822001990166,17492084.0
2907.283589071888,17498242.0
2907.2849779442936,17476182.0
2907.2863668171667,17495806.0
2907.287755689574,17479096.0
2907.289144562446,17485868.0
2907.290533434853,17509378.0
2907.2919223077256,17497278.0
2907.2933111801326,17494562.0
2907.2947000530053,17498374.0
2907.296088925411,17500740.0
2907.297477798283,17493344.0
2907.29886667069,17498322.0
2907.300255543097,17498048.0
2907.301644415969,17497792.0
2907.3030332883764,17494488.0
2907.3044221612495,17485374.0
2907.3058110336556,17497362.0
2907.3071999060626,17498914.0
2907.3085887789352,17507500.0
2907.309977651342,17484942.0
2907.311366524213,17508154.0
2907.31275539662,17489826.0
2907.314144269027,17475982.0
2907.3155331419,17493628.0
2907.316922014307,17492060.0
2907.318310886714,17500946.0
2907.319699759121,17495590.0
2907.3210886319935,17499672.0
2907.322477504399,17499998.0
2907.3238663768057,17505030.0
2907.3252552496783,17517094.0
2907.3266441220853,17495580.0
2907.3280329944914,17495998.0
2907.329421866899,17501884.0
2907.3308107393063,17510018.0
2907.332199612178,17509190.0
2907.333588484585,17503152.0
2907.334977356992,17495442.0
2907.3363662293987,17501668.0
2907.3377551018043,17504980.0
2907.339143974677,17508232.0
2907.340532847084,17504076.0
2907.341921719491,17505060.0
2907.343310591898,17512106.0
2907.344699464304,17509416.0
2907.3460883367115,17513600.0
2907.347477209119,17515064.0
2907.348866081525,17510150.0
2907.350254953931,17508328.0
2907.3516438263377,17512930.0
2907.353032699211,17515100.0
2907.354421571617,17521248.0
2907.355810444024,17508514.0
2907.357199316431,17496440.0
2907.358588188838,17533534.0
2907.359977061245,17511230.0
2907.361365933651,17501694.0
2907.362754806058,17514952.0
2907.364143678464,17500002.0
2907.365532550871,17516984.0
2907.3669214232773,17517120.0
2907.3683102956848,17519798.0
2907.3696991676265,17528638.0
2907.3710880400326,17508658.0
2907.3724769124397,17508534.0
2907.3738657848467,17526468.0
2907.3752546572537,17527420.0
2907.3766435296598,17525524.0
2907.378032402066,17524610.0
2907.379421274473,17527640.0
2907.38081014688,17532888.0
2907.382199018821,17530760.0
2907.3835878912273,17518942.0
2907.3849767636348,17535882.0
2907.3863656360422,17517474.0
2907.3877545084483,17522794.0
2907.3891433808544,17524040.0
2907.3905322527953,17539072.0
2907.3919211252028,17531014.0
2907.393309997609,17528668.0
2907.394698870016,17533784.0
2907.396087741957,17538842.0
2907.397476614364,17522942.0
2907.3988654867712,17524866.0
2907.4002543591773,17535082.0
2907.401643231119,17528026.0
2907.4030321035257,17543778.0
2907.4044209759318,17532926.0
2907.405809847872,17537128.0
2907.4071987202797,17532104.0
2907.408587592687,17540294.0
2907.4099764646276,17538436.0
2907.4113653370346,17551852.0
2907.4127542094416,17520234.0
2907.414143081383,17548940.0
2907.41553195379,17535426.0
2907.41692082573,17549058.0
2907.4183096981365,17534946.0
2907.4196985705435,17554084.0
2907.421087442485,17542550.0
2907.422476314892,17551290.0
2907.423865186833,17556748.0
2907.42525405924,17549436.0
2907.4266429311806,17530636.0
2907.428031803588,17554572.0
2907.429420675529,17542838.0
2907.430809547935,17548980.0
2907.4321984198755,17556798.0
2907.433587292283,17543174.0
2907.4349761642247,17549094.0
2907.436365036631,17545674.0
2907.437753908572,17552648.0
2907.439142780979,17552814.0
2907.4405316529205,17543252.0
2907.4419205253275,17551750.0
2907.4433093972675,17542152.0
2907.4446982692084,17556604.0
2907.4460871416154,17550608.0
2907.4474760135568,17548130.0
2907.448864885963,17549944.0
2907.4502537579046,17563072.0
2907.4516426298464,17543342.0
2907.4530315022525,17558922.0
2907.454420374194,17555086.0
2907.4558092461343,17564368.0
2907.4571981185413,17522488.0
2907.4585869904818,17558072.0
2907.459975862423,17555270.0
2907.46136473483,17553082.0
2907.4627536067715,17527686.0
2907.464142478713,17561180.0
2907.4655313506532,17552100.0
2907.4669202230607,17564252.0
2907.4683090950025,17534506.0
2907.4696979669425,17554150.0
2907.4710868388825,17550970.0
2907.47247571129,17536684.0
2907.4738645832317,17555622.0
2907.475253455172,17541924.0
2907.4766423271135,17565420.0
2907.478031199055,17564638.0
2907.479420070996,17558010.0
2907.480808943403,17536246.0
2907.4821978153436,17560332.0
2907.483586687285,17549574.0
2907.4849755592254,17539014.0
2907.4863644311667,17545084.0
2907.487753303107,17551386.0
2907.489142175049,17557956.0
2907.490531046991,17536446.0
2907.491919918931,17553056.0
2907.4933087908726,17554846.0
2907.494697662814,17542502.0
2907.4960865352205,17543546.0
2907.4974754071604,17538484.0
2907.498864279102,17544070.0
2907.500253151043,17540182.0
2907.5016420229845,17531282.0
2907.503030894926,17546652.0
2907.5044197668662,17538576.0
2907.505808638808,17550760.0
2907.507197510284,17549230.0
2907.5085863822246,17543784.0
2907.509975254165,17544294.0
2907.511364126106,17534318.0
2907.5127529980477,17544752.0
2907.514141869988,17542192.0
2907.5155307419295,17545334.0
2907.516919613871,17549762.0
2907.518308485812,17535644.0
2907.5196973577536,17538290.0
2907.521086229695,17538072.0
2907.52247510117,17536608.0
2907.52386397311,17527284.0
2907.5252528450515,17536044.0
2907.526641716993,17554454.0
2907.528030588934,17517610.0
2907.5294194608755,17544914.0
2907.5308083323503,17523912.0
2907.532197204292,17549502.0
2907.533586076234,17533792.0
2907.5349749481743,17537292.0
2907.536363819649,17544466.0
2907.53775269159,17545706.0
2907.5391415635318,17533718.0
2907.540530435472,17541842.0
2907.541919306948,17522710.0
2907.543308178889,17531816.0
2907.5446970508306,17544862.0
2907.5460859223062,17542726.0
2907.5474747942467,17535152.0
2907.5488636661885,17544718.0
2907.5502525376637,17528790.0
2907.551641409604,17528220.0
2907.5530302815446,17517144.0
2907.5544191530207,17535232.0
2907.5558080249625,17528858.0
2907.5571968964373,17528410.0
2907.5585857683786,17521298.0
2907.55997464032,17536222.0
2907.5613635117957,17530130.0
2907.562752383736,17538306.0
2907.564141255211,17532262.0
2907.565530127152,17527838.0
2907.566918998628,17526542.0
2907.5683078705692,17525502.0
2907.569696742044,17542662.0
2907.571085613986,17528826.0
2907.572474485462,17535966.0
2907.5738633574024,17534354.0
2907.575252228878,17534338.0
2907.5766411008185,17527924.0
2907.578029972294,17537666.0
2907.5794188442346,17538742.0
2907.5808077157103,17530264.0
2907.5821965876517,17542328.0
2907.5835854591273,17535424.0
2907.584974330603,17528118.0
2907.5863632025435,17543296.0
2907.5877520740196,17542880.0
2907.5891409459605,17540308.0
2907.5905298174353,17532150.0
2907.59191868891,17543664.0
2907.593307560852,17527630.0
2907.594696432328,17542308.0
2907.5960853038027,17546756.0
2907.597474175744,17544976.0
2907.5988630472198,17527104.0
2907.6002519186954,17544044.0
2907.601640790637,17546906.0
2907.603029662111,17549198.0
2907.6044185335863,17556910.0
2907.605807405062,17536444.0
2907.6071962770034,17540926.0
2907.608585148479,17537314.0
2907.6099740199547,17537916.0
2907.6113628914304,17553686.0
2907.612751762905,17542762.0
2907.614140634847,17551508.0
2907.615529506323,17561034.0
2907.6169183777974,17545040.0
2907.6183072492718,17553956.0
2907.619696120748,17568142.0
2907.6210849926897,17547782.0
2907.6224738641645,17544176.0
2907.62386273564,17548526.0
2907.625251607116,17555272.0
2907.6266404785915,17557740.0
2907.628029350067,17551758.0
2907.6294182215415,17554226.0
2907.6308070930168,17544952.0
2907.6321959644924,17529092.0
2907.633584835968,17552238.0
2907.634973707443,17546628.0
2907.636362578919,17558216.0
2907.637751450861,17561442.0
2907.6391403223356,17538592.0
2907.6405291938113,17564724.0
2907.641918065287,17550966.0
2907.643306936762,17549418.0
2907.644695807771,17561456.0
2907.6460846792465,17568524.0
2907.647473550722,17552666.0
2907.648862422198,17574958.0
2907.6502512936736,17563156.0
2907.6516401651484,17553856.0
2907.6530290366245,17562504.0
2907.6544179081006,17549996.0
2907.655806779575,17564656.0
2907.6571956510493,17554408.0
2907.6585845225254,17566716.0
2907.6599733940016,17557788.0
2907.6613622650107,17558370.0
2907.6627511364863,17571882.0
2907.664140007962,17551132.0
2907.6655288794377,17579590.0
2907.6669177509134,17572274.0
2907.668306622388,17562106.0
2907.669695493398,17566126.0
2907.671084364873,17576518.0
2907.6724732363487,17555260.0
2907.6738621078234,17569352.0
2907.675250978834,17576666.0
2907.67663985031,17572608.0
2907.678028721785,17573238.0
2907.6794175932605,17563316.0
2907.6808064642705,17573582.0
2907.682195335746,17583512.0
2907.683584207221,17557756.0
2907.684973078696,17568296.0
2907.6863619497067,17565204.0
2907.6877508211815,17575556.0
2907.689139692657,17571158.0
2907.690528563667,17571684.0
2907.691917435143,17574728.0
2907.693306306153,17573226.0
2907.6946951776276,17580134.0
2907.6960840491033,17568674.0
2907.6974729201124,17574196.0
2907.698861791588,17581318.0
2907.700250662597,17569028.0
2907.7016395340734,17555504.0
2907.7030284055495,17577834.0
2907.7044172765586,17570842.0
2907.7058061480343,17573514.0
2907.7071950190443,17571448.0
2907.70858389052,17588864.0
2907.709972761529,17569644.0
2907.711361633004,17568880.0
2907.712750504014,17572506.0
2907.7141393754896,17563168.0
2907.7155282464996,17569912.0
2907.7169171179744,17578958.0
2907.718305988985,17579164.0
2907.7196948599953,17546684.0
2907.72108373147,17575280.0
2907.7224726024792,17559780.0
2907.7238614739545,17562332.0
2907.725250344965,17582916.0
2907.7266392164397,17570984.0
2907.7280280874497,17586014.0
2907.7294169584598,17575346.0
2907.7308058299354,17571626.0
2907.7321947009455,17568480.0
2907.7335835719546,17552110.0
2907.7349724434307,17576442.0
2907.7363613144403,17568696.0
2907.7377501854494,17572962.0
2907.739139056924,17570330.0
2907.7405279279346,17567754.0
2907.741916798945,17580954.0
2907.743305669954,17575914.0
2907.74469454143,17574968.0
2907.74608341244,17564578.0
2907.74747228345,17564508.0
2907.748861154459,17585956.0
2907.750250025934,17555432.0
2907.751638896944,17570380.0
2907.753027767954,17557012.0
2907.754416638964,17564272.0
2907.755805509973,17569850.0
2907.757194381449,17554958.0
2907.7585832524596,17566722.0
2907.7599721234687,17571368.0
2907.761360994479,17558986.0
2907.762749865489,17562304.0
2907.764138736498,17555988.0
2907.765527607507,17566050.0
2907.7669164785175,17556840.0
2907.7683053499936,17544976.0
2907.7696942210027,17541036.0
2907.7710830920128,17549260.0
2907.772471963023,17559760.0
2907.773860834033,17528986.0
2907.775249705043,17540180.0
2907.7766385760515,17537046.0
2907.778027447061,17543866.0
2907.779416318071,17532604.0
2907.780805189081,17532632.0
2907.78219406009,17517036.0
2907.7835829311007,17535692.0
2907.784971802111,17524250.0
2907.7863606731203,17512972.0
2907.7877495441303,17505856.0
2907.7891384151394,17506972.0
2907.7905272861494,17492276.0
2907.791916156693,17516342.0
2907.793305027703,17494152.0
2907.794693898713,17488114.0
2907.796082769723,17491042.0
2907.797471640733,17502282.0
2907.798860511742,17489042.0
2907.8002493827526,17486246.0
2907.801638253763,17491428.0
2907.803027124306,17485508.0
2907.8044159953147,17481564.0
2907.805804866325,17473872.0
2907.8071937373356,17476596.0
2907.8085826083448,17451780.0
2907.8099714793548,17475466.0
2907.811360349899,17459330.0
2907.812749220909,17446960.0
2907.814138091919,17459684.0
2907.815526962928,17439020.0
2907.8169158334717,17443552.0
2907.8183047044818,17426336.0
2907.819693575492,17439596.0
2907.8210824460352,17433782.0
2907.8224713170457,17437956.0
2907.823860188056,17428230.0
2907.8252490590653,17422640.0
2907.8266379296097,17412764.0
2907.8280268006197,17401978.0
2907.8294156716292,17406638.0
2907.8308045421722,17383904.0
2907.8321934131827,17377570.0
2907.8335822837275,17378396.0
2907.8349711547366,17371910.0
2907.8363600257467,17385540.0
2907.837748896291,17375566.0
2907.839137767301,17380814.0
2907.8405266378454,17365030.0
2907.8419155088545,17363958.0
2907.843304379399,17333578.0
2907.844693250408,17359638.0
2907.846082121418,17338628.0
2907.8474709919615,17347012.0
2907.848859862972,17347682.0
2907.8502487335168,17331330.0
2907.851637604526,17323564.0
2907.8530264750702,17326510.0
2907.8544153456146,17319680.0
2907.855804216624,17315440.0
2907.857193087167,17291818.0
2907.858581958177,17294722.0
2907.8599708287215,17301108.0
2907.8613596997316,17286734.0
2907.862748570276,17288238.0
2907.8641374408194,17278704.0
2907.86552631183,17267382.0
2907.8669151823747,17263358.0
2907.868304053384,17260762.0
2907.8696929239272,17262810.0
2907.871081794471,17259118.0
2907.8724706654816,17250564.0
2907.873859536025,17237742.0
2907.8752484065694,17239164.0
2907.8766372775794,17228134.0
2907.878026148124,17205804.0
2907.879415018668,17214950.0
2907.8808038892116,17225508.0
2907.8821927602216,17215668.0
2907.883581630765,17214440.0
2907.8849705013095,17196232.0
2907.886359371853,17200774.0
2907.8877482428634,17191130.0
2907.889137113408,17184874.0
2907.8905259839516,17178762.0
2907.891914854496,17181934.0
2907.8933037250404,17176430.0
2907.8946925960504,17164012.0
2907.896081466594,17150650.0
2907.8974703371377,17145742.0
2907.8988592076826,17159152.0
2907.900248078226,17137506.0
2907.9016369487704,17141412.0
2907.9030258193147,17143700.0
2907.9044146903248,17119994.0
2907.905803560869,17132680.0
2907.9071924314126,17140646.0
2907.9085813019574,17125342.0
2907.9099701725013,17124600.0
2907.9113590430447,17116618.0
2907.912747913588,17114984.0
2907.914136784133,17105372.0
2907.915525654678,17108392.0
2907.9169145252213,17095594.0
2907.9183033957656,17090688.0
2907.91969226631,17092148.0
2907.9210811368544,17087584.0
2907.922470007398,17084132.0
2907.9238588779413,17081028.0
2907.9252477484856,17077032.0
2907.92663661903,17082806.0
2907.9280254895743,17044304.0
2907.929414360118,17082414.0
2907.9308032306626,17063636.0
2907.9321921012074,17064588.0
2907.933580971285,17061350.0
2907.9349698418296,17067890.0
2907.936358712373,17060400.0
2907.9377475829174,17070844.0
2907.939136453461,17066224.0
2907.940525324005,17046924.0
2907.9419141945496,17053668.0
2907.9433030646283,17056732.0
2907.9446919351726,17065112.0
2907.946080805716,17044870.0
2907.947469676261,17061972.0
2907.948858546805,17041092.0
2907.9502474168826,17050656.0
2907.951636287426,17061698.0
2907.953025157971,17059482.0
2907.9544140285157,17052848.0
2907.9558028985934,17070518.0
2907.957191769138,17062582.0
2907.958580639682,17064102.0
2907.9599695102265,17059306.0
2907.9613583803052,17067110.0
2907.9627472508487,17059124.0
2907.964136121393,17069046.0
2907.965524991471,17057580.0
2907.966913862015,17073354.0
2907.9683027325596,17073168.0
2907.9696916026382,17056534.0
2907.9710804731826,17077272.0
2907.9724693432604,17076360.0
2907.973858213805,17083984.0
2907.97524708435,17072946.0
2907.9766359544274,17088374.0
2907.9780248249704,17092394.0
2907.9794136950495,17078804.0
2907.9808025655943,17097486.0
2907.982191435672,17101564.0
2907.9835803062165,17101230.0
2907.984969176295,17096036.0
2907.9863580468395,17123348.0
2907.987746917384,17103750.0
2907.9891357874612,17126342.0
2907.9905246575395,17126420.0
2907.991913528084,17120860.0
2907.9933023981625,17114418.0
2907.994691268706,17127202.0
2907.996080138785,17140076.0
2907.99746900933,17151788.0
2907.9988578794078,17143428.0
2908.000246749952,17127292.0
2908.001635620031,17154830.0
2908.003024490109,17154146.0
2908.004413360652,17170612.0
2908.0058022307308,17155148.0
2908.0071911008095,17172224.0
2908.008579971354,17179870.0
2908.0099688414325,17176778.0
2908.0113577115103,17190126.0
2908.012746582055,17202228.0
2908.0141354521343,17197138.0
2908.0155243222116,17201174.0
2908.0169131927546,17203466.0
2908.0183020628338,17221414.0
2908.019690932913,17210520.0
2908.0210798034564,17222904.0
2908.022468673535,17232688.0
2908.0238575436138,17243474.0
2908.0252464136925,17230518.0
2908.026635283771,17254052.0
2908.0280241543155,17254516.0
2908.0294130243938,17265194.0
2908.030801894471,17253134.0
2908.03219076455,17287256.0
2908.0335796346285,17286540.0
2908.034968505173,17276880.0
2908.0363573752516,17277780.0
2908.0377462453293,17287170.0
2908.0391351154085,17295754.0
2908.0405239854877,17292282.0
2908.0419128555654,17269916.0
2908.0433017256432,17303248.0
2908.0446905957215,17318886.0
2908.0460794658006,17309514.0
2908.047468336344,17335866.0
2908.048857206423,17321260.0
2908.0502460765015,17349142.0
2908.05163494658,17332010.0
2908.053023816659,17338516.0
2908.0544126867367,17365596.0
2908.0558015568154,17358134.0
2908.057190426893,17367902.0
2908.058579296972,17368890.0
2908.0599681670496,17379360.0
2908.061357037129,17375036.0
2908.062745907208,17411676.0
2908.0641347772857,17396050.0
2908.0655236473644,17397194.0
2908.0669125169775,17402078.0
2908.068301387056,17396764.0
2908.069690257134,17419808.0
2908.0710791272118,17405698.0
2908.0724679972905,17431628.0
2908.073856867369,17422896.0
2908.075245737448,17429340.0
2908.0766346075256,17438564.0
2908.078023477139,17428382.0
2908.0794123472183,17452516.0
2908.080801217296,17438962.0
2908.082190087375,17450278.0
2908.0835789574526,17472320.0
2908.0849678275313,17472292.0
2908.0863566971434,17470592.0
2908.0877455672226,17469300.0
2908.0891344373017,17475618.0
2908.0905233073795,17487244.0
2908.0919121769925,17489042.0
2908.0933010470712,17503846.0
2908.09468991715,17490002.0
2908.0960787872277,17489706.0
2908.09746765684,17513350.0
2908.0988565269186,17498904.0
2908.1002453969973,17505204.0
2908.1016342666103,17510646.0
2908.103023136688,17513614.0
2908.1044120067672,17505220.0
2908.1058008763807,17506088.0
2908.1071897464585,17524910.0
2908.108578616537,17535640.0
2908.1099674861493,17520252.0
2908.111356356228,17522604.0
2908.11274522584,17553318.0
2908.114134095919,17526352.0
2908.1155229659976,17547796.0
2908.1169118356106,17557194.0
2908.1183007056893,17548672.0
2908.1196895753014,17532896.0
2908.1210784453806,17537182.0
2908.122467314993,17549136.0
2908.123856185071,17560898.0
2908.125245054683,17544984.0
2908.1266339247622,17549954.0
2908.1280227943757,17579462.0
2908.1294116644535,17564646.0
2908.1308005340666,17545936.0
2908.1321894041453,17577442.0
2908.1335782737583,17567136.0
2908.134967143837,17582296.0
2908.1363560134487,17597558.0
2908.1377448830613,17568716.0
2908.13913375314,17576044.0
2908.140522622753,17583028.0
2908.1419114928317,17575476.0
2908.1433003624447,17580356.0
2908.1446892320578,17595730.0
2908.1460781021356,17597144.0
2908.147466971749,17595078.0
2908.1488558413616,17597152.0
2908.1502447114394,17581450.0
2908.1516335810516,17588124.0
2908.153022450665,17590490.0
2908.1544113202785,17584076.0
2908.1558001903563,17606444.0
2908.1571890599694,17566732.0
2908.1585779295824,17592344.0
2908.159966799661,17594068.0
2908.161355669274,17582072.0
2908.162744538886,17595114.0
2908.1641334084984,17598322.0
2908.1655222781114,17590710.0
2908.16691114819,17595728.0
2908.1683000178023,17591092.0
2908.1696888874158,17594658.0
2908.1710777570293,17613844.0
2908.1724666266414,17577358.0
2908.17385549672,17602232.0
2908.175244366333,17588834.0
2908.1766332359457,17586394.0
2908.1780221055574,17585764.0
2908.1794109751704,17592372.0
2908.1807998447835,17611268.0
2908.1821887143965,17592568.0
2908.1835775840095,17604162.0
2908.1849664536217,17607816.0
2908.186355323235,17579596.0
2908.1877441928486,17597984.0
2908.1891330624603,17599826.0
2908.1905219325376,17597214.0
2908.191910802151,17590074.0
2908.1932996717646,17608924.0
2908.1946885413768,17601486.0
2908.1960774109903,17593260.0
2908.1974662806037,17599968.0
2908.19885514975,17607152.0
2908.2002440193633,17596844.0
2908.2016328889763,17603650.0
2908.203021758589,17594512.0
2908.2044106282005,17608500.0
2908.2057994978136,17595392.0
2908.2071883674266,17603890.0
2908.2085772370397,17592688.0
2908.2099661066527,17609430.0
2908.211354976265,17609214.0
2908.2127438458783,17616722.0
2908.214132715026,17606212.0
2908.215521584638,17587290.0
2908.2169104542495,17607098.0
2908.218299323863,17595988.0
2908.2196881934765,17603222.0
2908.2210770630886,17598924.0
2908.222465932236,17598430.0
2908.223854801849,17609878.0
2908.225243671462,17606580.0
2908.226632541075,17594830.0
2908.2280214102216,17622918.0
2908.2294102798346,17609512.0
2908.2307991494467,17608836.0
2908.23218801906,17606274.0
2908.2335768882062,17606006.0
2908.2349657578197,17608704.0
2908.2363546274332,17587124.0
2908.2377434965797,17607468.0
2908.2391323661927,17595404.0
2908.2405212358058,17615472.0
2908.2419101049527,17597556.0
2908.2432989745644,17613274.0
2908.2446878441774,17612734.0
2908.246076713325,17602686.0
2908.247465582938,17614988.0
2908.248854452551,17613180.0
2908.2502433216982,17610140.0
2908.2516321913113,17620510.0
2908.2530210604587,17615502.0
2908.254409930071,17616252.0
2908.255798799218,17617376.0
2908.2571876688303,17601158.0
2908.2585765384433,17606736.0
2908.25996540759,17613210.0
2908.2613542772033,17603306.0
2908.262743146351,17614164.0
2908.2641320159632,17612484.0
2908.2655208851106,17612468.0
2908.2669097547237,17620628.0
2908.268298623871,17613518.0
2908.2696874930175,17618100.0
2908.2710763626296,17606476.0
2908.272465231777,17607210.0
2908.27385410139,17619564.0
2908.2752429705374,17622868.0
2908.2766318401495,17628144.0
2908.2780207092974,17620240.0
2908.279409578445,17615840.0
2908.2807984480573,17608396.0
2908.282187317204,17613266.0
2908.2835761863507,17617812.0
2908.284965055964,17612650.0
2908.2863539251107,17604220.0
2908.287742794258,17617910.0
2908.289131663871,17624526.0
2908.2905205330185,17604534.0
2908.291909402166,17618386.0
2908.293298271778,17619718.0
2908.294687140926,17623910.0
2908.2960760100727,17614176.0
2908.297464879219,17620840.0
2908.2988537488322,17611730.0
2908.3002426179796,17624878.0
2908.301631487127,17614562.0
2908.3030203562735,17622704.0
2908.304409225887,17614868.0
2908.305798095035,17630262.0
2908.3071869641813,17608602.0
2908.3085758333277,17603078.0
2908.3099647024746,17631922.0
2908.3113535716225,17609610.0
2908.3127424412346,17615956.0
2908.314131310382,17608222.0
2908.3155201795294,17611432.0
2908.3169090486767,17613268.0
2908.318297917824,17614038.0
2908.3196867869706,17618036.0
2908.3210756561184,17611118.0
2908.3224645252653,17610554.0
2908.323853394412,17618612.0
2908.3252422635583,17619890.0
2908.326631132706,17614378.0
2908.328020001854,17620250.0
2908.3294088710004,17627946.0
2908.330797740148,17614416.0
2908.332186609295,17620984.0
2908.3335754784425,17611750.0
2908.33496434759,17623336.0
2908.336353216736,17637032.0
2908.337742085883,17611772.0
2908.33913095503,17608064.0
2908.3405198241776,17608894.0
2908.341908693324,17614382.0
2908.343297562472,17630818.0
2908.3446864316197,17618604.0
2908.346075300766,17619264.0
2908.3474641699136,17614390.0
2908.34885303906,17614430.0
2908.3502419082074,17608786.0
2908.351630776888,17638188.0
2908.353019646036,17624308.0
2908.354408515184,17617406.0
2908.3557973843303,17627844.0
2908.3571862534777,17619752.0
2908.358575122625,17620684.0
2908.359963991307,17624406.0
2908.361352860454,17633246.0
2908.3627417296,17606150.0
2908.364130598747,17624828.0
2908.365519467429,17617920.0
2908.366908336576,17634368.0
2908.3682972057227,17614958.0
2908.3696860748705,17621116.0
2908.3710749435527,17634172.0
2908.372463812699,17634422.0
2908.3738526818465,17620080.0
2908.3752415505273,17610598.0
2908.3766304196747,17638548.0
2908.378019288821,17616994.0
2908.379408157503,17634806.0
2908.3807970266503,17622452.0
2908.3821858957976,17642040.0
2908.3835747644794,17631332.0
2908.384963633626,17635306.0
2908.3863525027737,17625450.0
2908.387741371456,17629060.0
2908.389130240602,17619406.0
2908.390519109282,17638662.0
2908.39190797843,17618974.0
2908.393296847112,17622414.0
2908.3946857162587,17634826.0
2908.396074585406,17634154.0
2908.3974634540878,17633172.0
2908.398852323235,17639180.0
2908.400241191917,17622564.0
2908.401630061064,17620356.0
2908.4030189297455,17634364.0
2908.4044077988915,17628480.0
2908.405796667573,17603692.0
2908.407185536255,17628642.0
2908.4085744054023,17630072.0
2908.409963274084,17627098.0
2908.4113521432305,17631574.0
2908.4127410119127,17642782.0
2908.4141298810605,17624584.0
2908.415518749741,17628394.0
2908.416907618421,17644010.0
2908.418296487569,17631056.0
2908.419685356251,17624418.0
2908.421074224932,17631578.0
2908.4224630940794,17629318.0
2908.423851962761,17613420.0
2908.425240831443,17632580.0
2908.42662970059,17628266.0
2908.428018569271,17640364.0
2908.4294074379527,17641558.0
2908.430796307099,17610602.0
2908.432185175781,17633190.0
2908.4335740444617,17617876.0
2908.434962913144,17623524.0
2908.4363517822917,17634282.0
2908.4377406509725,17635284.0
2908.439129519654,17612888.0
2908.440518388336,17638406.0
2908.441907257483,17625100.0
2908.443296126163,17625368.0
2908.4446849948454,17615574.0
2908.4460738635275,17628118.0
2908.4474627322084,17621598.0
2908.44885160089,17630622.0
2908.4502404700374,17615850.0
2908.451629338719,17624662.0
2908.453018207401,17620130.0
2908.4544070760817,17629606.0
2908.4557959447634,17619614.0
2908.457184813444,17637090.0
2908.458573682126,17623818.0
2908.4599625508067,17611818.0
2908.461351419489,17620504.0
2908.462740288171,17627214.0
2908.4641291573175,17618024.0
2908.4655180259992,17608552.0
2908.466906894681,17620036.0
2908.4682957633627,17620694.0
2908.4696846320435,17626150.0
2908.4710735007243,17622864.0
2908.472462369406,17619672.0
2908.4738512380877,17617174.0
2908.4752401067694,17617610.0
2908.4766289749846,17618738.0
2908.4780178436667,17626682.0
2908.479406712349,17629234.0
2908.4807955810297,17591870.0
2908.4821844497105,17597744.0
2908.483573318392,17607218.0
2908.484962187074,17613260.0
2908.4863510557548,17628408.0
2908.4877399244365,17607714.0
2908.489128793118,17602620.0
2908.4905176613343,17619226.0
2908.491906530016,17636220.0
2908.4932953986977,17615366.0
2908.4946842673794,17614594.0
2908.49607313606,17625694.0
2908.497462004741,17625138.0
2908.498850872957,17620198.0
2908.500239741639,17608848.0
2908.5016286103205,17604088.0
2908.5030174790013,17623594.0
2908.504406347218,17608344.0
2908.5057952159,17596290.0
2908.507184084581,17618570.0
2908.5085729532616,17617108.0
2908.509961821477,17603174.0
2908.5113506901594,17603784.0
2908.51273955884,17636236.0
2908.514128427056,17611038.0
2908.515517295738,17624264.0
2908.5169061644197,17594370.0
2908.5182950326357,17609636.0
2908.5196839013165,17628756.0
2908.5210727699987,17601312.0
2908.5224616382143,17606440.0
2908.523850506895,17616104.0
2908.525239375576,17618704.0
2908.5266282437924,17601850.0
2908.5280171124746,17605676.0
2908.5294059806897,17617236.0
2908.5307948493714,17624320.0
2908.532183718053,17608720.0
2908.533572586269,17621990.0
2908.534961454951,17595498.0
2908.536350323166,17616486.0
2908.537739191848,17626164.0
2908.539128060063,17599726.0
2908.5405169287446,17607388.0
2908.5419057969607,17622432.0
2908.5432946656424,17617350.0
2908.5446835338585,17623680.0
2908.5460724025393,17597998.0
2908.5474612707562,17621458.0
2908.5488501389714,17603110.0
2908.550239007652,17623606.0
2908.5516278758673,17602164.0
2908.5530167445495,17601198.0
2908.554405612766,17606996.0
2908.555794480981,17608724.0
2908.557183349663,17605320.0
2908.558572217879,17618810.0
2908.5599610865615,17611146.0
2908.5613499547767,17622178.0
2908.5627388229914,17613400.0
2908.5641276916726,17622850.0
2908.5655165598887,17610940.0
2908.5669054281047,17610054.0
2908.56829429632,17611238.0
2908.5696831650025,17592254.0
2908.5710720332186,17631890.0
2908.572460901434,17615062.0
2908.5738497701154,17589988.0
2908.5752386383306,17611920.0
2908.5766275065466,17610780.0
2908.578016374762,17607144.0
2908.579405242978,17602984.0
2908.5807941116595,17616124.0
2908.582182979876,17621894.0
2908.5835718480917,17615260.0
2908.5849607163077,17607742.0
2908.5863495845247,17603570.0
2908.5877384532055,17599598.0
2908.5891273214206,17609634.0
2908.5905161896358,17618938.0
2908.5919050578527,17610370.0
2908.593293926068,17606274.0
2908.594682794283,17593486.0
2908.5960716625,17605582.0
2908.597460530716,17615268.0
2908.598849398932,17597714.0
2908.600238267613,17614950.0
2908.6016271358294,17618188.0
2908.603016004045,17620020.0
2908.6044048722597,17615460.0
2908.6057937404753,17608810.0
2908.6071826086913,17636772.0
2908.6085714769083,17603980.0
2908.6099603451235,17612488.0
2908.6113492133395,17625028.0
2908.6127380815556,17602838.0
2908.6141269497716,17620334.0
2908.6155158179868,17609194.0
2908.616904686201,17608414.0
2908.618293554418,17613690.0
2908.619682422634,17612448.0
2908.6210712903844,17607304.0
2908.6224601585996,17622106.0
2908.623849026816,17614804.0
2908.6252378950326,17607726.0
2908.6266267632477,17628982.0
2908.628015631464,17598332.0
2908.62940449968,17613866.0
2908.630793367895,17591792.0
2908.6321822356444,17612782.0
2908.633571103861,17607778.0
2908.6349599720775,17613570.0
2908.6363488402926,17620646.0
2908.6377377085087,17615272.0
2908.6391265767247,17623490.0
2908.640515444475,17609482.0
2908.6419043126903,17595898.0
2908.6432931809054,17611946.0
2908.6446820491215,17602548.0
2908.646070916872,17611960.0
2908.647459785088,17611430.0
2908.648848653303,17607960.0
2908.6502375215196,17591122.0
2908.6516263892704,17618906.0
2908.6530152574855,17615850.0
2908.6544041257016,17605450.0
2908.655792993451,17608582.0
2908.657181861667,17599690.0
2908.6585707298823,17612022.0
2908.6599595976327,17612258.0
2908.6613484658487,17593498.0
2908.662737334065,17625082.0
2908.664126201815,17579330.0
2908.6655150700303,17610624.0
2908.666903937781,17604242.0
2908.6682928059977,17585512.0
2908.6696816737467,17603330.0
2908.6710705419623,17591994.0
2908.6724594101784,17614062.0
2908.6738482779288,17609392.0
2908.675237146144,17604358.0
2908.6766260138947,17588614.0
2908.6780148821113,17595630.0
2908.6794037498607,17600214.0
2908.680792618077,17588560.0
2908.6821814858263,17602002.0
2908.6835703540423,17587570.0
2908.684959221792,17596908.0
2908.686348090008,17595846.0
2908.6877369577583,17588822.0
2908.6891258259743,17605702.0
2908.6905146937247,17573684.0
2908.691903561474,17593590.0
2908.6932924296907,17576926.0
2908.6946812974415,17592800.0
2908.6960701656562,17591468.0
2908.6974590334053,17572120.0
2908.698847901156,17578568.0
2908.7002367693726,17584312.0
2908.701625637122,17581644.0
2908.7030145048725,17566806.0
2908.7044033730886,17587094.0
2908.705792240839,17585578.0
2908.7071811085893,17574728.0
2908.7085699768045,17582102.0
2908.709958844555,17575230.0
2908.7113477123044,17556934.0
2908.7127365805204,17591674.0
2908.714125448271,17576222.0
2908.715514316021,17554314.0
2908.7169031837716,17571218.0
2908.7182920519867,17567794.0
2908.7196809197376,17581560.0
2908.7210697874884,17583630.0
2908.7224586552375,17552604.0
2908.7238475229865,17573568.0
2908.725236391203,17542918.0
2908.726625258954,17568128.0
2908.7280141267033,17550012.0
2908.7294029944537,17568538.0
2908.730791862204,17576008.0
2908.7321807299545,17549758.0
2908.7335695981706,17538676.0
2908.7349584659196,17568034.0
2908.7363473336695,17563986.0
2908.73773620142,17557566.0
2908.7391250691703,17548148.0
2908.74051393692,17552192.0
2908.7419028046706,17552854.0
2908.7432916724215,17538204.0
2908.744680540171,17547660.0
2908.7460694079214,17543500.0
2908.7474582756718,17550160.0
2908.7488471434217,17536748.0
2908.7502360111707,17548204.0
2908.7516248789216,17522738.0
2908.7530137466724,17545050.0
2908.754402614422,17551338.0
2908.7557914821723,17533748.0
2908.7571803499227,17550340.0
2908.758569217673,17531516.0
2908.7599580854235,17547640.0
2908.761346953173,17531718.0
2908.7627358209234,17550334.0
2908.764124688673,17527786.0
2908.7655135564232,17547082.0
2908.7669024241727,17540602.0
2908.7682912919236,17545208.0
2908.7696801596744,17533916.0
2908.7710690269582,17533774.0
2908.7724578947086,17529578.0
2908.773846762459,17546346.0
2908.775235630209,17538050.0
2908.776624497958,17532608.0
2908.7780133657084,17533644.0
2908.779402232993,17525230.0
2908.7807911007435,17537896.0
2908.782179968494,17535842.0
2908.7835688362434,17520964.0
2908.784957703994,17516004.0
2908.7863465712794,17526936.0
2908.787735439029,17512982.0
2908.7891243067793,17517174.0
2908.7905131745288,17534138.0
2908.7919020418135,17519108.0
2908.793290909563,17532842.0
2908.794679777314,17515344.0
2908.796068644599,17517714.0
2908.7974575123485,17520038.0
2908.798846380099,17516754.0
2908.8002352473836,17516426.0
2908.8016241151336,17526506.0
2908.8030129828826,17510568.0
2908.8044018501673,17527876.0
2908.8057907179177,17527702.0
2908.807179585668,17523976.0
2908.808568452953,17520298.0
2908.8099573207023,17498968.0
2908.811346188453,17528248.0
2908.8127350557384,17524620.0
2908.814123923488,17517438.0
2908.8155127907717,17523850.0
2908.8169016585216,17527710.0
2908.818290525807,17508798.0
2908.8196793935563,17518716.0
2908.821068260841,17520834.0
2908.8224571285914,17511252.0
2908.823845995876,17520902.0
2908.8252348636265,17509508.0
2908.8266237309103,17516806.0
2908.828012598661,17505650.0
2908.8294014659455,17510042.0
2908.830790333695,17504616.0
2908.8321792009797,17492730.0
2908.83356806873,17502876.0
2908.834956936015,17520698.0
2908.8363458037643,17502618.0
2908.8377346710495,17510732.0
2908.8391235383347,17494948.0
2908.840512406084,17512864.0
2908.841901273368,17506980.0
2908.843290141118,17515400.0
2908.844679008403,17507228.0
2908.846067875687,17505152.0
2908.8474567434373,17502670.0
2908.848845610722,17497564.0
2908.8502344780068,17512478.0
2908.851623345757,17484014.0
2908.853012213041,17504472.0
2908.854401080326,17483334.0
2908.855789948076,17512216.0
2908.85717881536,17495696.0
2908.8585676826438,17490354.0
2908.859956549929,17492568.0
2908.86134541768,17495904.0
2908.8627342849636,17474972.0
2908.8641231522483,17471160.0
2908.865512019533,17491524.0
2908.8669008872835,17483668.0
2908.8682897545673,17485032.0
2908.8696786218516,17478138.0
2908.8710674891367,17488392.0
2908.8724563564206,17477088.0
2908.8738452237053,17474176.0
2908.8752340914557,17502128.0
2908.8766229587404,17480020.0
2908.878011826025,17475646.0
2908.879400693309,17486356.0
2908.880789560594,17481130.0
2908.8821784278784,17487994.0
2908.8835672951623,17474734.0
2908.884956162446,17475956.0
2908.886345030197,17477024.0
2908.887733897482,17466612.0
2908.889122764766,17468992.0
2908.8905116320507,17474954.0
2908.8919004993354,17461908.0
2908.89328936662,17474760.0
2908.894678233905,17471476.0
2908.8960671011882,17452168.0
2908.8974559684725,17479486.0
2908.8988448357572,17453878.0
2908.900233703042,17478418.0
2908.901622570326,17450206.0
2908.903011437611,17456070.0
2908.904400304896,17461260.0
2908.90578917218,17459804.0
2908.907178039465,17459062.0
2908.9085669067495,17457126.0
2908.9099557740333,17456332.0
2908.911344641317,17460808.0
2908.9127335081366,17449194.0
2908.914122375422,17449322.0
2908.9155112427056,17438836.0
2908.9169001099904,17459188.0
2908.918288977275,17442934.0
2908.91967784456,17445330.0
2908.9210667118446,17448104.0
2908.922455579128,17449986.0
2908.9238444459465,17443016.0
2908.9252333132313,17448802.0
2908.926622180516,17439250.0
2908.9280110478,17447152.0
2908.929399915085,17455358.0
2908.9307887819045,17434134.0
2908.9321776491884,17453676.0
2908.933566516473,17427196.0
2908.934955383757,17425116.0
2908.9363442510416,17444176.0
2908.93773311786,17430490.0
2908.9391219851445,17426732.0
2908.9405108524293,17447164.0
2908.941899719714,17443768.0
2908.943288586533,17435746.0
2908.944677453818,17427422.0
2908.9460663211025,17433834.0
2908.9474551879216,17434704.0
2908.948844055205,17442892.0
2908.9502329224892,17421610.0
2908.9516217893083,17425108.0
2908.953010656593,17418730.0
2908.954399523877,17445776.0
2908.9557883906964,17416360.0
2908.9571772579816,17432726.0
2908.9585661247997,17440656.0
2908.9599549920845,17417286.0
2908.961343859369,17445586.0
2908.962732726188,17422728.0
2908.964121593471,17425742.0
2908.9655104602903,17416528.0
2908.966899327575,17411990.0
2908.968288194394,17427286.0
2908.969677061679,17411192.0
2908.9710659289626,17428864.0
2908.972454795782,17412684.0
2908.9738436630673,17419284.0
2908.975232529885,17422370.0
2908.9766213971684,17416338.0
2908.978010263988,17405514.0
2908.979399131273,17435706.0
2908.9807879980913,17411126.0
2908.982176864911,17421426.0
2908.983565732196,17407722.0
2908.984954599014,17410050.0
2908.986343466299,17425808.0
2908.987732333118,17405152.0
2908.989121200402,17411660.0
2908.99051006722,17422532.0
2908.991898934039,17405182.0
2908.9932878013237,17410134.0
2908.994676668143,17403070.0
2908.9960655354275,17406340.0
2908.9974544022457,17416472.0
2908.998843269065,17408262.0
2909.0002321363504,17406382.0
2909.001621003168,17408726.0
2909.003009869986,17384374.0
2909.004398737271,17421116.0
2909.0057876040905,17400564.0
2909.0071764709087,17399120.0
2909.0085653377278,17393014.0
2909.0099542050125,17383688.0
2909.0113430718316,17411570.0
2909.0127319386506,17395392.0
2909.0141208059345,17397704.0
2909.0155096727535,17389218.0
2909.0168985395717,17403138.0
2909.0182874063908,17392602.0
2909.0196762736755,17379994.0
2909.0210651404946,17382140.0
2909.0224540073136,17392040.0
2909.023842874132,17357356.0
2909.0252317409513,17393466.0
2909.026620607771,17388126.0
2909.0280094750547,17370938.0
2909.029398341873,17364374.0
2909.0307872086914,17389626.0
2909.032176075511,17384570.0
2909.033564942329,17378262.0
2909.034953809148,17383948.0
2909.0363426759673,17370052.0
2909.037731543252,17366408.0
2909.039120410071,17373750.0
2909.040509276889,17376226.0
2909.0418981437083,17368702.0
2909.0432870105265,17381324.0
2909.0446758773455,17372514.0
2909.0460647441637,17362852.0
2909.047453610983,17360868.0
2909.0488424778027,17384778.0
2909.050231344621,17371758.0
2909.05162021144,17363390.0
2909.053009078259,17380754.0
2909.054397945078,17342056.0
2909.0557868118963,17370554.0
2909.057175678715,17359838.0
2909.0585645455344,17361048.0
2909.0599534123526,17365874.0
2909.0613422791716,17364674.0
2909.0627311459907,17355670.0
2909.06412001281,17352686.0
2909.065508879629,17348134.0
2909.066897746447,17344636.0
2909.068286613266,17361920.0
2909.0696754800842,17351046.0
2909.0710643469033,17370352.0
2909.0724532137215,17341482.0
2909.0738420800753,17344312.0
2909.075230946895,17340156.0
2909.076619813713,17355768.0
2909.078008680532,17335096.0
2909.079397547351,17340182.0
2909.0807864141702,17334528.0
2909.0821752809884,17342306.0
2909.083564147341,17338226.0
2909.08495301416,17345426.0
2909.086341880979,17341402.0
2909.087730747798,17341898.0
2909.089119614617,17315908.0
2909.0905084809706,17339454.0
2909.0918973477897,17342626.0
2909.093286214608,17333184.0
2909.0946750814273,17326172.0
2909.0960639477803,17340716.0
2909.0974528145985,17338220.0
2909.0988416814166,17330864.0
2909.100230548236,17306172.0
2909.10161941459,17332684.0
2909.103008281408,17325630.0
2909.1043971482272,17326720.0
2909.1057860145806,17328642.0
2909.1071748813997,17321272.0
2909.108563748218,17330906.0
2909.109952615036,17318088.0
2909.1113414813894,17322564.0
2909.1127303482085,17318616.0
2909.114119214562,17320860.0
2909.11550808138,17316152.0
2909.1168969481996,17324484.0
2909.1182858145535,17313342.0
2909.1196746813716,17328338.0
2909.1210635481907,17321598.0
2909.122452414543,17286098.0
2909.1238412813623,17317606.0
2909.125230147715,17316636.0
2909.1266190145343,17320524.0
2909.128007880888,17325524.0
2909.1293967477063,17318534.0
2909.1307856145254,17320216.0
2909.132174480879,17300624.0
2909.133563347698,17328324.0
2909.1349522140504,17304234.0
2909.1363410808685,17317540.0
2909.137729947222,17299098.0
2909.139118814041,17309834.0
2909.1405076803944,17323288.0
2909.1418965472126,17305980.0
2909.1432854135664,17304272.0
2909.144674280386,17314650.0
2909.1460631467385,17305300.0
2909.1474520135575,17320228.0
2909.14884087991,17316396.0
2909.1502297462634,17313046.0
2909.1516186130816,17304192.0
2909.153007479435,17292166.0
2909.154396346254,17299250.0
2909.1557852126075,17312462.0
2909.157174078961,17311940.0
2909.15856294578,17316826.0
2909.1599518121334,17297048.0
2909.1613406789525,17298238.0
2909.1627295453045,17312580.0
2909.1641184116575,17312056.0
2909.1655072784765,17284258.0
2909.16689614483,17301836.0
2909.1682850111824,17307436.0
2909.169673878002,17306334.0
2909.171062744356,17313060.0
2909.1724516107083,17305078.0
2909.1738404775274,17297140.0
2909.17522934388,17282224.0
2909.1766182102333,17308542.0
2909.178007076586,17292394.0
2909.179395943405,17296974.0
2909.1807848097583,17285812.0
2909.1821736761117,17270764.0
2909.183562542465,17262234.0
2909.1849514092833,17249198.0
2909.186340275637,17221956.0
2909.187729141991,17220042.0
2909.189118008343,17221306.0
2909.1905068751607,17191034.0
2909.1918957415146,17188302.0
2909.1932846078685,17156926.0
2909.194673474221,17133966.0
2909.196062340575,17119604.0
2909.1974512073944,17091710.0
2909.198840073747,17086138.0
2909.2002289401003,17074842.0
2909.2016178064528,17026880.0
2909.203006672806,17021466.0
2909.2043955391587,16989018.0
2909.205784405512,16958632.0
2909.207173272331,16924106.0
2909.2085621386846,16905246.0
2909.209951005038,16881404.0
2909.2113398713905,16853156.0
2909.2127287377443,16820628.0
2909.214117604098,16763444.0
2909.2155064704502,16755728.0
2909.2168953368023,16709036.0
2909.218284203156,16677732.0
2909.21967306951,16634764.0
2909.2210619358625,16576510.0
2909.222450802216,16523215.0
2909.2238396685693,16515253.0
2909.2252285349227,16470473.0
2909.226617401276,16419903.0
2909.2280062676286,16378098.0
2909.229395133982,16326901.0
2909.2307840003346,16287253.0
2909.232172866688,16231348.0
2909.2335617330414,16179512.0
2909.234950599395,16134070.0
2909.236339465748,16079305.0
2909.2377283321007,16023600.0
2909.2391171984546,15969077.0
2909.2405060648084,15913954.0
2909.2418949311605,15855969.0
2909.2432837975125,15810575.0
2909.2446726638664,15751345.0
2909.2460615302202,15685147.0
2909.2474503965727,15630485.0
2909.248839262926,15560743.0
2909.250228128814,15515938.0
2909.2516169951673,15447187.0
2909.2530058615207,15383092.0
2909.254394727873,15333042.0
2909.2557835942266,15263278.0
2909.257172460579,15206558.0
2909.2585613269325,15142440.0
2909.259950193286,15071535.0
2909.2613390591737,15017407.0
2909.262727925527,14946488.0
2909.2641167918796,14893984.0
2909.2655056582335,14816809.0
2909.2668945245873,14753434.0
2909.2682833904737,14686338.0
2909.2696722568257,14619196.0
2909.2710611231796,14553022.0
2909.2724499895335,14490145.0
2909.273838855886,14421640.0
2909.2752277217737,14352870.0
2909.276616588127,14292442.0
2909.2780054544805,14224774.0
2909.279394320834,14150793.0
2909.280783186721,14083253.0
2909.282172053074,14015837.0
2909.2835609194267,13945114.0
2909.2849497853144,13878774.0
2909.286338651667,13801451.0
2909.287727518021,13743582.0
2909.2891163843747,13669745.0
2909.2905052502615,13597915.0
2909.291894116615,13534970.0
2909.2932829829683,13464531.0
2909.2946718488556,13390725.0
2909.2960607152077,13328075.0
2909.2974495815615,13259461.0
2909.2988384474497,13192539.0
2909.300227313802,13121791.0
2909.3016161801556,13051601.0
2909.3030050460434,12997021.0
2909.304393912397,12919239.0
2909.3057827782845,12850532.0
2909.307171644637,12782114.0
2909.3085605109904,12718797.0
2909.3099493768773,12654124.0
2909.3113382432307,12586229.0
2909.3127271091175,12515187.0
2909.3141159754714,12433659.0
2909.3155048418253,12357468.0
2909.316893707712,12273354.0
2909.3182825740655,12188249.0
2909.3196714399533,12114657.0
2909.3210603063067,12027980.0
2909.3224491721935,11950053.0
2909.323838038546,11871449.0
2909.3252269044337,11801228.0
2909.326615770787,11718236.0
2909.328004636675,11641671.0
2909.3293935030283,11570426.0
2909.330782368916,11492788.0
2909.3321712352695,11422272.0
2909.3335601011563,11350114.0
2909.3349489675097,11278991.0
2909.3363378333966,11208916.0
2909.33772669975,11142217.0
2909.339115565637,11075528.0
2909.3405044319907,11008765.0
2909.341893297879,10948459.0
2909.3432821642314,10885526.0
2909.344671030119,10826501.0
2909.3460598964725,10767406.0
2909.3474487623603,10715151.0
2909.348837628247,10656543.0
2909.3502264945996,10603193.0
2909.3516153604874,10547791.0
2909.3530042268408,10500908.0
2909.3543930927285,10453385.0
2909.3557819586154,10406007.0
2909.357170824969,10363196.0
2909.3585596908574,10322554.0
2909.35994855721,10279261.0
2909.3613374230977,10244514.0
2909.3627262889845,10208396.0
2909.364115155338,10174011.0
2909.3655040212248,10147473.0
2909.366892887113,10120607.0
2909.368281753467,10096922.0
2909.3696706193537,10070924.0
2909.3710594852414,10048050.0
2909.372448351595,10029997.0
2909.3738372174826,10013163.0
2909.3752260833694,10001570.0
2909.376614949722,9989413.0
2909.3780038156096,9983040.0
2909.3793926814974,9976365.0
2909.380781547385,9973343.0
2909.3821704137376,9976966.0
2909.383559279626,9978071.0
2909.384948145514,9982438.0
2909.386337011401,9990823.0
2909.3877258777543,9999626.0
2909.389114743641,10016656.0
2909.390503609529,10031345.0
2909.3918924754157,10046818.0
2909.3932813417696,10068552.0
2909.394670207658,10091643.0
2909.3960590735446,10115729.0
2909.3974479394324,10144236.0
2909.398836805786,10175477.0
2909.4002256716735,10205329.0
2909.4016145375604,10241133.0
2909.403003403447,10276013.0
2909.404392269335,10318552.0
2909.4057811356884,10359414.0
2909.407170001576,10406445.0
2909.408558867463,10452838.0
2909.409947733351,10496175.0
2909.4113365992393,10545102.0
2909.412725465126,10598088.0
2909.4141143314796,10653998.0
2909.4155031973664,10712003.0
2909.416892063254,10763266.0
2909.418280929141,10822542.0
2909.4196697950288,10883038.0
2909.4210586609165,10945147.0
2909.4224475268043,11008681.0
2909.4238363931577,11074007.0
2909.4252252590454,11143294.0
2909.426614124933,11209053.0
2909.42800299082,11278735.0
2909.429391856707,11354799.0
2909.4307807225946,11422695.0
2909.4321695884823,11499302.0
2909.43355845437,11573079.0
2909.434947320257,11645806.0
2909.436336186145,11723980.0
2909.4377250520333,11804645.0
2909.43911391792,11880364.0
2909.4405027842736,11954234.0
2909.4418916501604,12040540.0
2909.443280516048,12116646.0
2909.444669381935,12201146.0
2909.4460582478227,12274782.0
2909.4474471137105,12364967.0
2909.4488359795982,12445274.0
2909.450224845486,12529638.0
2909.4516137113737,12593483.0
2909.4530025772615,12650488.0
2909.4543914431492,12734249.0
2909.4557803090356,12798803.0
2909.457169174923,12862439.0
2909.4585580408107,12928954.0
2909.4599469066984,13000698.0
2909.4613357725852,13068151.0
2909.4627246384734,13128582.0
2909.4641135043616,13203607.0
2909.4655023702485,13276908.0
2909.4668912361362,13345984.0
2909.468280102023,13407415.0
2909.469668967911,13474158.0
2909.4710578337977,13541845.0
2909.4724466996854,13613351.0
2909.473835565573,13686917.0
2909.475224431461,13762730.0
2909.476613296883,13832443.0
2909.47800216277,13886813.0
2909.479391028658,13972001.0
2909.4807798945462,14031677.0
2909.4821687604326,14109751.0
2909.48355762632,14174253.0
2909.4849464922077,14244333.0
2909.4863353580954,14311596.0
2909.4877242239822,14383767.0
2909.4891130898704,14449296.0
2909.4905019557586,14517556.0
2909.4918908216455,14586190.0
2909.4932796870676,14649511.0
2909.4946685529544,14725535.0
2909.496057418842,14788493.0
2909.497446284729,14870555.0
2909.4988351506167,14914912.0
2909.5002240165045,14989362.0
2909.5016128823922,15053973.0
2909.50300174828,15119048.0
2909.504390613701,15180311.0
2909.5057794795894,15248652.0
2909.5071683454776,15307426.0
2909.508557211364,15367873.0
2909.5099460772503,15430403.0
2909.5113349431385,15496119.0
2909.512723808561,15557552.0
2909.514112674448,15613984.0
2909.515501540336,15684097.0
2909.5168904062243,15740723.0
2909.518279272111,15793246.0
2909.519668137999,15853250.0
2909.521057003421,15917490.0
2909.5224458693083,15962622.0
2909.5238347351947,16023787.0
2909.5252236010824,16083038.0
2909.52661246697,16139900.0
2909.5280013323923,16182570.0
2909.52939019828,16225592.0
2909.530779064167,16285195.0
2909.532167930055,16330978.0
2909.5335567959432,16380927.0
2909.534945661364,16426896.0
2909.5363345272503,16475689.0
2909.5377233931385,16524579.0
2909.5391122590268,16570516.0
2909.540501124448,16603125.0
2909.5418899903357,16647125.0
2909.5432788562234,16684222.0
2909.544667722111,16719371.0
2909.546056587999,16750481.0
2909.547445453421,16783654.0
2909.5488343193083,16816520.0
2909.5502231851947,16847024.0
2909.5516120510824,16887792.0
2909.5530009165045,16905416.0
2909.5543897823923,16945652.0
2909.55577864828,16976210.0
2909.557167514167,17007136.0
2909.5585563795894,17025002.0
2909.5599452454776,17053120.0
2909.561334111364,17039602.0
2909.5627229767847,17102572.0
2909.564111842673,17124348.0
2909.565500708561,17139788.0
2909.566889574448,17161412.0
2909.56827843987,17173454.0
2909.569667305758,17204250.0
2909.5710561716455,17207146.0
2909.5724450370676,17225870.0
2909.5738339029554,17246524.0
2909.5752227688427,17247698.0
2909.576611634729,17266646.0
2909.578000500151,17271484.0
2909.579389366039,17299400.0
2909.5807782319266,17309784.0
2909.5821670973487,17298564.0
2909.5835559632355,17309702.0
2909.5849448291237,17317774.0
2909.5863336945463,17347556.0
2909.587722560433,17320774.0
2909.58911142632,17336276.0
2909.5905002917416,17333382.0
2909.59188915763,17331816.0
2909.5932780235166,17330382.0
2909.5946668889387,17329482.0
2909.5960557548265,17333364.0
2909.597444620714,17337506.0
2909.5988334861363,17331198.0
2909.600222352023,17342316.0
2909.601611217911,17323802.0
2909.603000083332,17318200.0
2909.60438894922,17346424.0
2909.6057778151076,17342760.0
2909.6071666805296,17344264.0
2909.6085555464174,17347620.0
2909.6099444123042,17348690.0
2909.6113332777268,17347314.0
2909.612722143615,17350506.0
2909.614111009502,17332726.0
2909.615499874923,17350136.0
2909.6168887408103,17341210.0
2909.618277606233,17351984.0
2909.6196664721197,17347278.0
2909.6210553380074,17351746.0
2909.6224442034295,17358024.0
2909.6238330693172,17352108.0
2909.625221935205,17344922.0
2909.626610800626,17351626.0
2909.627999666514,17345640.0
2909.6293885324008,17355552.0
2909.630777397823,17364648.0
2909.6321662637106,17372726.0
2909.6335551291327,17357708.0
2909.6349439950204,17364996.0
2909.6363328609073,17359924.0
2909.63772172633,17359362.0
2909.639110592218,17369960.0
2909.640499458105,17366332.0
2909.641888323526,17352536.0
2909.6432771894133,17364346.0
2909.644666054836,17358812.0
2909.6460549207227,17360626.0
2909.6474437866104,17365414.0
2909.6488326520325,17375214.0
2909.6502215179203,17362968.0
2909.6516103833424,17365700.0
2909.652999249229,17373284.0
2909.6543881151174,17376102.0
2909.655776980539,17365170.0
2909.657165846426,17383338.0
2909.658554711847,17363070.0
2909.6599435777352,17369432.0
2909.6613324436235,17373538.0
2909.6627213090446,17368608.0
2909.664110174933,17368518.0
2909.665499040821,17367758.0
2909.666887906242,17372512.0
2909.668276772129,17386602.0
2909.6696656375507,17375992.0
2909.671054503439,17363654.0
2909.6724433693257,17378474.0
2909.673832234748,17380710.0
2909.6752211006356,17393136.0
2909.6766099660576,17378912.0
2909.6779988319454,17374306.0
2909.679387697832,17377710.0
2909.6807765632548,17374376.0
2909.682165429142,17373886.0
2909.6835542945632,17392772.0
2909.68494316045,17385514.0
2909.6863320263383,17375682.0
2909.687720891761,17383994.0
2909.6891097576477,17380350.0
2909.69049862307,17386828.0
2909.6918874889584,17383944.0
2909.6932763548452,17387070.0
2909.6946652202664,17380174.0
2909.6960540861537,17378498.0
2909.6974429515762,17381566.0
2909.698831817463,17398518.0
2909.700220683351,17383296.0
2909.701609548773,17396076.0
2909.7029984146607,17384578.0
2909.7043872800828,17395468.0
2909.7057761459696,17396972.0
2909.707165011858,17397842.0
2909.7085538772794,17388274.0
2909.7099427431663,17367156.0
2909.711331609053,17380416.0
2909.7127204744756,17393256.0
2909.714109340364,17384696.0
2909.715498205785,17409292.0
2909.7168870716728,17392460.0
2909.7182759375605,17388472.0
2909.7196648029826,17374630.0
2909.7210536688694,17394712.0
2909.722442534291,17380424.0
2909.7238314001793,17402612.0
2909.725220266066,17383452.0
2909.726609131488,17395036.0
2909.727997997376,17394662.0
2909.7293868632637,17402356.0
2909.730775728686,17380658.0
2909.7321645945726,17408076.0
2909.733553459995,17384428.0
2909.7349423258825,17393956.0
2909.7363311917693,17402792.0
2909.7377200571905,17394814.0
2909.7391089230787,17394784.0
2909.740497788967,17393234.0
2909.741886654388,17408188.0
2909.743275520276,17391176.0
2909.7446643861635,17395076.0
2909.7460532515856,17399988.0
2909.7474421174734,17419510.0
2909.7488309828946,17406672.0
2909.7502198487823,17390314.0
2909.751608714669,17402044.0
2909.7529975800912,17397850.0
2909.754386445979,17389656.0
2909.7557753118667,17400132.0
2909.757164177289,17399860.0
2909.7585530431757,17400380.0
2909.759941909064,17386374.0
2909.7613307744855,17418266.0
2909.7627196403723,17389462.0
2909.764108506259,17403574.0
2909.7654973716817,17416268.0
2909.76688623757,17382434.0
2909.7682751034567,17409352.0
2909.769663968879,17389368.0
2909.7710528347666,17403174.0
2909.7724417006543,17416110.0
2909.7738305660764,17406078.0
2909.7752194319633,17411618.0
2909.776608297851,17404252.0
2909.777997163738,17403734.0
2909.77938602916,17414340.0
2909.7807748950477,17399094.0
2909.7821637609354,17406166.0
2909.7835526263575,17409014.0
2909.7849414922443,17400220.0
2909.7863303581325,17412406.0
2909.787719223554,17398706.0
2909.789108089441,17419622.0
2909.790496955328,17400748.0
2909.791885821216,17412526.0
2909.7932746866386,17400600.0
2909.7946635525254,17413458.0
2909.796052418413,17414210.0
2909.797441284301,17400988.0
2909.798830149723,17412576.0
2909.8002190156108,17407754.0
2909.801607881497,17397250.0
2909.802996746919,17432776.0
2909.8043856128065,17412068.0
2909.8057744786943,17420892.0
2909.807163344582,17418888.0
2909.8085522104698,17415218.0
2909.809941075892,17410278.0
2909.8113299417787,17402732.0
2909.812718807667,17428654.0
2909.814107673555,17423458.0
2909.815496538976,17402396.0
2909.816885404862,17418108.0
2909.8182742707504,17409414.0
2909.8196631366386,17413274.0
2909.8210520025254,17402740.0
2909.8224408679475,17430856.0
2909.8238297338353,17399792.0
2909.825218599723,17418726.0
2909.826607465611,17429494.0
2909.827996331497,17403574.0
2909.829385196919,17421482.0
2909.8307740628065,17424004.0
2909.8321629286943,17429764.0
2909.833551794582,17422984.0
2909.83494066047,17408600.0
2909.8363295263575,17430778.0
2909.8377183917787,17425064.0
2909.839107257667,17435990.0
2909.840496123555,17400216.0
2909.8418849894415,17430132.0
2909.843273855328,17420356.0
2909.844662721216,17430212.0
2909.8460515871043,17417646.0
2909.8474404525255,17425398.0
2909.848829318413,17434392.0
2909.850218184301,17440092.0
2909.8516070501887,17419408.0
2909.8529959160765,17424084.0
2909.854384781963,17427784.0
2909.85577364785,17420666.0
2909.857162513738,17429174.0
2909.8585513796256,17434538.0
2909.8599402455134,17414108.0
2909.8613291109355,17433944.0
2909.862717976823,17428898.0
2909.86410684271,17436386.0
2909.8654957085982,17426406.0
2909.8668845744864,17425248.0
2909.868273440373,17430036.0
2909.869662306259,17433746.0
2909.8710511721474,17447274.0
2909.8724400380356,17442894.0
2909.8738289039225,17434880.0
2909.87521776981,17436986.0
2909.876606635698,17418728.0
2909.8779955015857,17452658.0
2909.8793843674734,17423610.0
2909.8807732333603,17442568.0
2909.882162099248,17437464.0
2909.883550965135,17438544.0
2909.8849398310226,17447440.0
2909.8863286969104,17438546.0
2909.887717562798,17461656.0
2909.889106428686,17420728.0
2909.8904952945727,17441342.0
2909.891884160461,17452502.0
2909.893273026349,17447104.0
2909.8946618922355,17436952.0
2909.896050758122,17459116.0
2909.8974396244757,17451812.0
2909.898828490364,17440780.0
2909.900217356251,17438138.0
2909.9016062221385,17445248.0
2909.9029950880263,17453776.0
2909.904383953914,17452010.0
2909.9057728198018,17451468.0
2909.9071616856886,17437692.0
2909.9085505515764,17464570.0
2909.909939417929,17433566.0
2909.9113282838166,17465924.0
2909.9127171497043,17440684.0
2909.914106015592,17459338.0
2909.91549488148,17464984.0
2909.9168837473667,17446406.0
2909.9182726137205,17454342.0
2909.9196614796087,17456016.0
2909.921050345495,17461442.0
2909.9224392113815,17452820.0
2909.9238280772697,17455864.0
2909.9252169436236,17457034.0
2909.9266058095104,17435742.0
2909.927994675398,17478104.0
2909.929383541286,17465342.0
2909.9307724071737,17466962.0
2909.932161273527,17448484.0
2909.933550139414,17443086.0
2909.9349390053017,17478716.0
2909.9363278711885,17468764.0
2909.937716737542,17471448.0
2909.9391056034297,17458872.0
2909.9404944693174,17473408.0
2909.941883335671,17468476.0
2909.9432722015576,17467478.0
2909.944661067446,17457064.0
2909.9460499337997,17467464.0
2909.9474387996866,17476886.0
2909.9488276655734,17451904.0
2909.9502165319263,17476000.0
2909.9516053978145,17470806.0
2909.9529942637014,17472950.0
2909.954383130055,17470006.0
2909.9557719959425,17484886.0
2909.957160862296,17472540.0
2909.9585497281837,17475154.0
2909.9599385940705,17483784.0
2909.961327460424,17477426.0
2909.962716326311,17468254.0
2909.964105192664,17473264.0
2909.965494058552,17466316.0
2909.9668829249053,17469982.0
2909.968271790793,17485204.0
2909.96966065668,17472448.0
2909.971049523034,17482902.0
2909.972438388922,17482186.0
2909.9738272552745,17486646.0
2909.9752161211613,17481066.0
2909.9766049875143,17494292.0
2909.9779938534025,17486202.0
2909.979382719755,17473664.0
2909.9807715861084,17491926.0
2909.982160451996,17485786.0
2909.9835493183496,17494152.0
2909.9849381842373,17496880.0
2909.98632705059,17482884.0
2909.9877159164776,17477380.0
2909.98910478283,17507054.0
2909.9904936491835,17476114.0
2909.991882515071,17482040.0
2909.9932713814246,17495932.0
2909.994660247778,17491938.0
2909.996049113665,17498856.0
2909.9974379800187,17506370.0
2909.998826845907,17491866.0
2910.0002157122594,17500142.0
2910.001604578612,17484716.0
2910.002993444965,17497170.0
2910.004382310853,17495014.0
2910.0057711772056,17506472.0
2910.007160043559,17510788.0
2910.0085489094467,17485404.0
2910.0099377758,17506040.0
2910.0113266421536,17501676.0
2910.012715508506,17497924.0
2910.0141043743943,17513762.0
2910.015493240747,17500386.0
2910.0168821070997,17500318.0
2910.018270973453,17501320.0
2910.0196598398065,17513346.0
2910.0210487056943,17499772.0
2910.022437572047,17509408.0
2910.0238264384006,17514410.0
2910.0252153047545,17506816.0
2910.026604171107,17515106.0
2910.0279930374595,17514336.0
2910.0293819038125,17531004.0
2910.0307707701663,17523628.0
2910.032159636053,17517810.0
2910.0335485024066,17509684.0
2910.03493736876,17513450.0
2910.0363262351134,17501118.0
2910.037715101467,17531378.0
2910.0391039678193,17508370.0
2910.040492834173,17514794.0
2910.041881700526,17532566.0
2910.0432705668786,17518418.0
2910.044659433232,17522302.0
2910.0460482995854,17515894.0
2910.047437165939,17529306.0
2910.0488260322913,17530054.0
2910.050214898645,17513636.0
2910.051603764999,17528572.0
2910.0529926313516,17534962.0
