time,flux
3312.8612383690074,72673.8828125
3312.864016054483,72267.0234375
3312.8667937399587,72385.9921875
3312.8681825825793,72692.5625
3312.8695714254336,72516.1328125
3312.870960268055,72528.0234375
3312.872349110676,72217.1484375
3312.87373795353,72093.6796875
3312.875126796152,71982.09375
3312.876515638772,72399.3671875
3312.877904481627,72373.5390625
3312.879293324248,72460.78125
3312.880682166869,72512.1875
3312.8820710094906,72743.90625
3312.883459852112,72392.40625
3312.8848486949664,72484.390625
3312.886237537588,72398.046875
3312.8876263802085,72493.59375
3312.88901522283,72430.0625
3312.8904040654515,72136.1484375
3312.891792908072,72525.578125
3312.893181750694,72473.9765625
3312.894570593315,72320.8671875
3312.895959435936,72606.59375
3312.8973482785573,72235.265625
3312.8987371211792,72576.234375
3312.9001259638,72637.59375
3312.9015148064213,72403.2421875
3312.9029036490424,72308.7578125
3312.9042924916635,72475.3125
3312.905681334285,72546.5859375
3312.9070701769065,72590.71875
3312.9084590195266,72376.6640625
3312.909847862147,72481.8359375
3312.9112367047687,72435.3671875
3312.912625547157,72555.4453125
3312.914014389778,72467.65625
3312.9154032324,72529.515625
3312.9167920750206,72543.515625
3312.918180917642,72474.3359375
3312.9195697600303,72465.5078125
3312.9209586026514,72737.734375
3312.922347445273,72502.25
3312.9237362876615,72578.0078125
3312.9251251302826,72425.671875
3312.9265139729036,72457.6640625
3312.9279028152923,72366.609375
3312.929291657913,72469.9375
3312.930680500535,72312.34375
3312.933458185544,72435.4765625
3312.934847027933,72627.546875
3312.9362358705544,72683.984375
3312.937624713175,72450.875
3312.9390135555636,72513.953125
3312.940402398185,72579.6953125
3312.941791240573,72539.5703125
3312.9431800829616,72638.9765625
3312.944568925583,72320.703125
3312.9459577679713,72261.9609375
3312.9473466105924,71957.2421875
3312.9487354529815,71847.640625
3312.9501242956017,71579.3125
3312.951513137991,71421.453125
3312.952901980379,71113.6328125
3312.954290823,70807.15625
3312.9570685077774,70017.3671875
3312.9584573503985,69593.78125
3312.9598461927867,69254.7421875
3312.962623877563,68258.8828125
3312.9640127199514,68027.3671875
3312.9654015625724,67618.609375
3312.9667904049597,67047.6015625
3312.968179247349,66517.921875
3312.969568089737,66054.5234375
3312.9709569321253,65539.953125
3312.972345774514,65049.16015625
3312.9737346171355,64479.8515625
3312.9751234595237,63962.6640625
3312.976512301912,63384.83984375
3312.9779011443006,62772.14453125
3312.9792899866884,62226.82421875
3312.9806788290775,61698.9375
3312.9820676714658,61098.12890625
3312.983456513854,60484.5546875
3312.9862341986313,59255.14453125
3312.987623041019,58583.27734375
3312.989011883408,58055.3984375
3312.9904007257965,57307.5390625
3312.9917895679523,56660.68359375
3312.9931784103405,56020.6171875
3312.9945672527288,55519.453125
3312.9959560951174,54895.34375
3312.997344937506,54269.57421875
3312.9987337798943,53603.8515625
3313.0015114644384,52354.47265625
3313.002900306826,51755.640625
3313.0056779913707,50543.99609375
3313.007066833759,49856.734375
3313.0084556761476,49358.84765625
3313.011233360691,48114.4609375
3313.01262220308,47570.6640625
3313.0140110452357,46948.28515625
3313.0153998876235,46398.15234375
3313.016788730012,45905.84375
3313.018177572168,45396.6328125
3313.0195664145563,44901.1171875
3313.020955256711,44482.0234375
3313.022344099099,44014.65625
3313.023732941487,43620.70703125
3313.0251217836426,43137.49609375
3313.026510625799,42812.32421875
3313.0278994681867,42454.30078125
3313.0292883103425,42164.21875
3313.030677152731,41912.57421875
3313.032065994886,41664.06640625
3313.033454837275,41513.98046875
3313.0348436794307,41349.73828125
3313.036232521586,41205.640625
3313.0376213639743,41174.71875
3313.0390102061306,41108.06640625
3313.040399048285,41084.3515625
3313.041787890674,41171.828125
3313.0431767328296,41267.265625
3313.044565574985,41403.10546875
3313.0459544173737,41643.61328125
3313.0473432595295,41829.765625
3313.048732101685,42097.2421875
3313.0501209438403,42372.2890625
3313.051509786229,42700.19921875
3313.052898628384,43057.8828125
3313.05428747054,43382.45703125
3313.0556763126956,43806.76953125
3313.057065154851,44239.41015625
3313.0584539970064,44764.52734375
3313.0598428393955,45204.5078125
3313.0612316815505,45721.20703125
3313.0626205237063,46226.9453125
3313.064009365862,46827.3515625
3313.065398208017,47304.5859375
3313.066787050173,47931.1171875
3313.068175892329,48460.14453125
3313.069564734484,49022.48046875
3313.0709535766396,49641.70703125
3313.072342418796,50235.97265625
3313.0737312609504,50826.33203125
3313.0751201031067,51413.76953125
3313.076508945262,52052.30078125
3313.079286629339,53353.5234375
3313.080675471495,53952.46875
3313.0834531558057,55199.13671875
3313.0848419979616,55814.984375
3313.0876196820395,57116.734375
3313.089008524196,57748.15234375
3313.0903973663503,58391.765625
3313.0917862085066,58948.3203125
3313.093175050662,59627.5078125
3313.0945638925846,60147.78515625
3313.0959527347404,60765.01953125
3313.0973415768963,61418.93359375
3313.0987304188184,61989.10546875
3313.100119260974,62537.9375
3313.10150810313,63129.4140625
3313.102896945053,63676.9140625
3313.104285787209,64257.734375
3313.105674629131,64790.3515625
3313.107063471287,65318.75
3313.1084523134427,65841.96875
3313.1098411553653,66336.1328125
3313.1112299975207,66834.2890625
3313.112618839444,67266.484375
3313.1140076815987,67765.2109375
3313.115396523522,68209.640625
3313.1167853656775,68691.6015625
3313.1181742076,69082.3515625
3313.119563049756,69460.078125
3313.120951891679,69883.34375
3313.1223407338343,70198.5390625
3313.123729575757,70636.171875
3313.12511841768,70829.1328125
3313.126507259835,71125.265625
3313.1278961017583,71519.125
3313.1292849439137,71758.9609375
3313.1306737858363,72050.125
3313.132062627759,72204.0
3313.1334514696814,72355.8125
3313.134840311836,72543.0625
3313.136229153759,72595.8203125
3313.137617995682,72541.125
3313.1390068378373,72645.734375
3313.14039567976,72618.9765625
3313.141784521683,72559.53125
3313.143173363605,72602.2109375
3313.1445622055285,72650.6328125
3313.145951047684,72603.953125
3313.1473398896064,72562.640625
3313.148728731529,72644.109375
3313.1501175734525,72631.171875
3313.1515064153746,72669.0625
3313.1528952572976,72626.6171875
3313.1542840992206,72552.484375
3313.1556729411427,72591.953125
3313.1570617832986,72639.6171875
3313.1584506252216,72632.2890625
3313.159839467144,72627.21875
3313.1612283090667,72631.890625
3313.16261715099,72680.4375
3313.164005992912,72565.1796875
3313.1653948348353,72611.4140625
3313.166783676525,72701.859375
3313.1681725184476,72611.1171875
3313.1695613603706,72574.9140625
3313.1709502022936,72662.9921875
3313.172339044216,72687.78125
3313.1737278861387,72586.578125
3313.1751167280618,72608.6875
3313.176505569984,72610.3984375
3313.1778944119073,72645.390625
3313.179283253597,72592.46875
3313.1806720955196,72515.515625
3313.182060937442,72734.9921875
3313.1834497793657,72651.265625
3313.184838621288,72642.34375
3313.186227462978,72667.90625
3313.1876163049005,72636.46875
3313.189005146823,72584.4140625
3313.1903939887457,72682.5859375
3313.191782830435,72667.515625
3313.193171672357,72645.484375
3313.1945605142805,72648.125
3313.1959493559702,72640.234375
3313.197338197893,72609.1015625
3313.1987270398154,72573.8125
3313.200115881506,72638.125
3313.201504723428,72687.8203125
3313.2028935651183,72703.2578125
3313.204282407041,72623.4453125
3313.2056712489634,72699.734375
3313.2070600906536,72607.09375
3313.2084489325766,72624.21875
3313.209837774267,72600.6171875
3313.21122661619,72572.8359375
3313.2126154578796,72679.46875
3313.214004299802,72721.046875
3313.2153931414923,72644.9453125
3313.2167819834144,72699.109375
3313.218170825105,72684.046875
3313.2195596670276,72648.078125
3313.2209485087174,72704.8046875
3313.222337350407,72606.3671875
3313.2237261923306,72649.1171875
3313.22511503402,72684.578125
3313.226503875943,72662.15625
3313.227892717633,72716.890625
3313.2292815593223,72635.140625
3313.2306704012453,72714.40625
3313.2320592429355,72797.8671875
3313.2334480846253,72620.1875
3313.234836926315,72722.4921875
3313.2362257682385,72764.9140625
3313.2376146099273,72725.7421875
3313.239003451618,72732.4375
3313.2403922933077,72695.4296875
3313.24178113523,72665.28125
3313.2431699769204,72732.109375
3313.2445588186106,72704.578125
3313.2459476603003,72834.6796875
3313.247336501989,72719.359375
3313.2487253439117,72767.0625
3313.2501141856014,72681.9921875
3313.251503027291,72718.8203125
3313.252891868982,72747.7578125
3313.2542807106706,72704.9375
3313.2556695523613,72723.484375
3313.257058394051,72663.40625
3313.2584472357407,72731.546875
3313.259836077431,72777.5546875
3313.261224919121,72701.53125
3313.2626137608104,72732.3203125
3313.2640026025006,72831.3046875
3313.2653914441908,72776.2109375
3313.26678028588,72754.390625
3313.2681691275707,72800.9609375
3313.2695579692604,72729.296875
3313.27094681095,72826.296875
3313.27233565264,72834.7421875
3313.2737244943305,72812.9921875
3313.27511333602,72750.625
3313.27650217771,72821.5
3313.2778910193997,72787.3359375
3313.2792798610894,72900.484375
3313.2806687027796,72804.1015625
3313.282057544237,72889.2109375
3313.2834463859267,72831.5078125
3313.2848352276164,72861.765625
3313.286224069307,72907.8125
3313.287612910996,72879.34375
3313.2890017524537,72875.0703125
3313.2903905941434,72887.84375
3313.291779435833,72855.625
3313.2931682775234,72913.15625
3313.2945571189807,72884.203125
3313.29594596067,72858.0703125
3313.29733480236,72836.6484375
3313.2987236440504,72902.1484375
3313.300112485507,72943.8203125
3313.3015013271975,72947.8359375
3313.3028901688867,72942.6328125
3313.3042790103423,72997.4921875
3313.305667852033,72919.75
3313.30705669349,72971.453125
3313.3084455351795,72963.296875
3313.3098343768697,72900.171875
3313.311223218327,72932.3046875
3313.3126120600164,72969.125
3313.3140009014737,72912.0390625
3313.315389743164,72975.3125
3313.316778584854,72967.90625
3313.3181674263114,73061.4453125
3313.3195562680007,73036.9921875
3313.320945109458,73010.296875
3313.3223339511483,73018.8203125
3313.323722792605,73069.703125
3313.325111634295,73083.78125
3313.3265004757527,73076.5
3313.3278893172087,73127.40625
3313.3292781588993,73069.7578125
3313.3306670003562,73078.0078125
3313.332055842046,73025.4140625
3313.3334446835033,73008.9375
3313.3348335249607,73090.296875
3313.33622236665,73225.7109375
3313.3376112081073,73140.0703125
3313.3390000497975,73012.7421875
3313.340388891254,73149.296875
3313.3417777327118,73231.5625
3313.3431665744015,73172.8203125
3313.3445554158584,73139.6484375
3313.3459442573153,73198.71875
3313.347333098773,73199.4765625
3313.3487219404624,73147.46875
3313.3501107819197,73227.7109375
3313.3514996233766,73229.265625
3313.3528884648335,73178.984375
3313.3542773065237,73196.265625
3313.355666147981,73247.4921875
3313.357054989438,73212.1015625
3313.358443830895,73207.765625
3313.359832672352,73293.453125
3313.3612215140406,73220.0234375
3313.3626103554975,73321.3984375
3313.3639991969553,73343.7734375
3313.3653880384118,73240.359375
3313.366776879869,73310.078125
3313.368165721326,73282.53125
3313.369554562783,73321.484375
3313.370943404473,73308.234375
3313.3723322459305,73325.0234375
3313.3737210873874,73336.609375
3313.3751099288443,73254.9375
3313.376498770302,73318.1328125
3313.377887611758,73300.171875
3313.379276453216,73324.875
3313.380665294673,73331.5
3313.3820541361297,73243.109375
3313.383442977587,73455.703125
3313.3848318190444,73242.453125
3313.386220660501,73304.265625
3313.387609501958,73273.296875
3313.3889983434156,73320.65625
3313.390387184872,73381.9921875
3313.39177602633,73298.3203125
3313.3931648677867,73302.1953125
3313.394553709011,73344.640625
3313.3959425504677,73371.3828125
3313.3973313919255,73345.5
3313.398720233382,73348.078125
3313.4001090748393,73395.125
3313.401497916296,73380.2265625
3313.402886757753,73411.25
3313.4042755989776,73379.0546875
3313.405664440435,73365.8125
3313.407053281892,73380.921875
3313.408442123349,73322.578125
3313.4098309648066,73338.6015625
3313.4112198060297,73432.96875
3313.4126086474876,73437.84375
3313.4139974889445,73445.8671875
3313.4153863304005,73367.5078125
3313.4167751716245,73331.984375
3313.4181640130814,73405.7734375
3313.4195528545383,73328.0078125
3313.4209416959957,73400.2734375
3313.42233053722,73372.015625
3313.4237193786776,73381.3515625
3313.425108220135,73353.0234375
3313.4264970613585,73366.0234375
3313.427885902816,73358.0
3313.4292747442732,73450.34375
3313.430663585497,73368.9609375
3313.4320524269547,73344.609375
3313.4334412684116,73466.9296875
3313.4348301096356,73446.34375
3313.4362189510925,73403.375
3313.4376077923175,73367.859375
3313.438996633774,73404.2734375
3313.4403854752313,73427.9609375
3313.4417743164554,73360.25
3313.4431631579123,73376.9765625
3313.444551999137,73385.75
3313.445940840594,73430.7734375
3313.4473296818182,73358.09375
3313.448718523275,73338.6875
3313.4501073645,73324.0234375
3313.451496205956,73343.0625
3313.452885047181,73379.6171875
3313.454273888638,73327.96875
3313.455662729862,73351.3203125
3313.4570515713194,73334.09375
3313.458440412544,73327.6953125
3313.4598292537676,73363.0859375
3313.461218095225,73370.03125
3313.4626069364494,73315.5234375
3313.463995777906,73291.0859375
3313.465384619131,73243.71875
3313.466773460355,73312.9765625
3313.468162301812,73288.5703125
3313.469551143036,73321.8671875
3313.4709399844937,73245.71875
3313.472328825717,73308.9296875
3313.4737176669405,73297.0625
3313.475106508398,73273.5859375
3313.4764953496215,73234.5234375
3313.477884190846,73248.0078125
3313.4792730323034,73291.5078125
3313.480661873527,73140.859375
3313.4820507147515,73107.7578125
3313.483439555976,73159.453125
3313.484828397433,73218.9453125
3313.486217238657,73235.4765625
3313.487606079882,73119.1328125
3313.4889949211056,73193.7421875
3313.490383762563,73073.9609375
3313.491772603787,73219.3203125
3313.493161445011,73156.1640625
3313.4945502862356,73117.4609375
3313.49593912746,73129.375
3313.497327968917,73114.28125
3313.498716810141,73095.7734375
3313.5001056513656,73160.8515625
3313.5014944925892,73113.90625
3313.502883333814,73162.984375
3313.5042721750383,73137.5625
3313.505661016495,73135.3984375
3313.5070498577197,73100.578125
3313.5084386989442,73126.0859375
3313.509827540168,73020.609375
3313.5112163813924,73039.8203125
3313.512605222617,73041.7578125
3313.5139940638405,73044.234375
3313.515382905065,73034.4453125
3313.5167717462896,73006.8515625
3313.5181605875136,73022.84375
3313.5195494287377,72994.1640625
3313.5209382699627,73021.125
3313.5223271111863,72982.96875
3313.523715952411,72995.7890625
3313.525104793635,72978.875
3313.526493634859,73002.0546875
3313.5278824760835,72909.9296875
3313.529271317307,72899.625
3313.530660158531,72982.5
3313.5320489997553,72914.34375
3313.5334378409793,72836.125
3313.534826682204,72855.8046875
3313.5362155234284,72890.625
3313.5376043646525,72882.1796875
3313.5389932058765,72900.890625
3313.5403820471015,72776.40625
3313.5417708883247,72843.0
3313.5431597295496,72807.28125
3313.5445485707737,72881.3359375
3313.545937411998,72812.734375
3313.5473262529895,72841.1953125
3313.548715094214,72777.375
3313.5501039354376,72775.328125
3313.551492776662,72777.15625
3313.5528816178867,72813.9140625
3313.5542704591103,72688.796875
3313.5556593003353,72809.1875
3313.5570481413265,72796.4609375
3313.5584369825506,72801.4453125
3313.5598258237746,72674.78125
3313.5612146649996,72717.78125
3313.5626035062232,72822.625
3313.563992347215,72744.9140625
3313.565381188439,72703.5546875
3313.566770029663,72707.375
3313.5681588708876,72717.09375
3313.5695477118793,72719.21875
3313.5709365531034,72654.8984375
3313.5723253943274,72652.4765625
3313.573714235552,72689.375
3313.5751030765427,72647.8359375
3313.5764919177677,72619.3828125
3313.577880758992,72663.6953125
3313.579269599983,72658.890625
3313.5806584412076,72686.125
3313.582047282432,72785.9296875
3313.583436123423,72645.078125
3313.5848249646465,72599.9609375
3313.5862138058706,72591.921875
3313.587602646862,72646.65625
3313.588991488086,72608.5234375
3313.5903803293104,72683.6328125
3313.591769170301,72585.5078125
3313.593158011526,72660.3828125
3313.59454685275,72631.6171875
3313.5959356937415,72562.7734375
3313.597324534966,72528.15625
3313.5987133759577,72588.0078125
3313.6001022171813,72571.265625
3313.601491058406,72573.9609375
3313.6028798993975,72660.9609375
3313.604268740621,72616.609375
3313.605657581613,72574.7265625
3313.6070464228374,72532.5390625
3313.6084352638286,72614.7109375
3313.6098241050527,72597.328125
3313.611212946045,72475.328125
3313.612601787268,72609.1640625
3313.613990628493,72557.8671875
3313.615379469484,72570.3203125
3313.6167683107083,72649.640625
3313.6181571517,72582.890625
3313.6195459926917,72552.640625
3313.6209348339157,72543.5859375
3313.622323674907,72519.2734375
3313.6237125161315,72531.8203125
3313.6251013571223,72614.1953125
3313.6264901983473,72623.578125
3313.6278790393385,72538.1875
3313.6292678805626,72540.5859375
3313.630656721554,72482.9609375
3313.632045562779,72536.5390625
3313.6334344037696,72500.765625
3313.6348232447613,72548.828125
3313.636212085986,72530.390625
3313.6376009269775,72570.5859375
3313.6389897682016,72495.2734375
3313.640378609193,72580.015625
3313.641767450184,72455.671875
3313.6431562914076,72550.4140625
3313.6445451323984,72492.0859375
3313.64593397339,72498.21875
3313.6473228146147,72526.6171875
3313.648711655606,72535.796875
3313.65010049683,72577.6484375
3313.651489337822,72505.09375
3313.652878178813,72511.328125
3313.6542670200374,72472.0703125
3313.6556558610287,72544.59375
3313.65704470202,72528.3515625
3313.6584335430116,72514.8125
3313.659822384236,72433.734375
3313.6612112252274,72317.1640625
3313.6626000662186,72198.0703125
3313.663988907443,72040.5234375
3313.665377748434,71927.5859375
3313.666766589426,71767.03125
3313.6681554304173,71644.03125
3313.6695442716414,71348.5625
3313.670933112633,71192.484375
3313.6723219536248,70952.6953125
3313.6737107946155,70731.3046875
3313.67509963584,70584.3203125
3313.6764884768318,70289.1171875
3313.6778773178225,70005.0
3313.6792661588142,69686.8984375
3313.6806550000388,69506.21875
3313.68204384103,69168.7421875
3313.6834326820212,68888.734375
3313.6848215230134,68626.9765625
3313.686210364004,68282.4296875
3313.687599204996,67958.3203125
3313.68898804622,67600.578125
3313.690376887211,67326.1015625
3313.691765728203,67006.28125
3313.6931545691946,66669.640625
3313.694543410186,66348.265625
3313.695932251177,66036.453125
3313.697321092401,65665.7890625
3313.6987099333915,65383.20703125
3313.7000987743827,64988.41015625
3313.701487615375,64674.5
3313.702876456365,64295.82421875
3313.7042652973573,63873.40234375
3313.7056541383486,63559.64453125
3313.70704297934,63221.58203125
3313.7084318203315,62801.01171875
3313.709820661556,62590.4375
3313.7112095025473,62107.88671875
3313.7125983435385,61794.96875
3313.71398718453,61367.34375
3313.715376025521,61089.203125
3313.716764866513,60771.4609375
3313.7181537075044,60418.49609375
3313.7195425484956,60048.765625
3313.720931389487,59732.67578125
3313.722320230479,59352.58984375
3313.72370907147,59108.96484375
3313.7250979124615,58879.28125
3313.726486753453,58569.15625
3313.727875594444,58357.5390625
3313.7292644354357,58013.82421875
3313.7306532764273,57828.96484375
3313.7320421174186,57552.546875
3313.73343095841,57326.8359375
3313.734819799402,57201.171875
3313.7362086403923,57002.66796875
3313.7375974813845,56821.62109375
3313.7389863223757,56765.44140625
3313.740375163367,56596.1640625
3313.7417640043586,56504.15625
3313.7431528453503,56385.2734375
3313.7445416863416,56494.87109375
3313.745930527333,56477.046875
3313.7473193683245,56428.66796875
3313.748708209316,56539.78515625
3313.750097050308,56655.25390625
3313.7514858912987,56693.26953125
3313.7528747322904,56853.4453125
3313.754263573281,56989.3203125
3313.7556524142715,57178.14453125
3313.757041255031,57429.359375
3313.758430096022,57615.04296875
3313.7598189370133,57919.90234375
3313.7612077780045,58181.90234375
3313.7625966189967,58364.15625
3313.7639854599875,58644.1484375
3313.765374300979,58872.6171875
3313.766763141971,59249.13671875
3313.7681519829616,59567.13671875
3313.7695408237205,59852.21484375
3313.770929664712,60181.5078125
3313.7723185057034,60548.3203125
3313.7737073466947,60903.9296875
3313.775096187687,61262.98046875
3313.776485028677,61576.42578125
3313.7778738696693,61911.97265625
3313.7792627104277,62207.72265625
3313.780651551419,62608.9296875
3313.7820403924106,62957.8984375
3313.7834292334023,63288.9375
3313.7848180743936,63743.43359375
3313.786206915385,64047.28515625
3313.7875957561437,64322.23828125
3313.7889845971345,64803.74609375
3313.7903734381266,65084.81640625
3313.791762279118,65479.53515625
3313.793151120109,65748.8671875
3313.7945399608675,66225.9765625
3313.7959288018596,66436.3359375
3313.7973176428504,66766.7734375
3313.798706483842,67130.015625
3313.800095324834,67497.3046875
3313.801484165592,67757.1796875
3313.8028730065835,68164.34375
3313.804261847575,68470.3046875
3313.8056506885664,68738.90625
3313.807039529325,69099.1953125
3313.808428370317,69290.375
3313.8098172113073,69575.8828125
3313.8112060522985,69936.234375
3313.812594893057,70241.53125
3313.8139837340477,70452.515625
3313.8153725750394,70639.09375
3313.816761416031,70850.5078125
3313.818150256789,71093.390625
3313.8195390977808,71344.5078125
3313.8209279387725,71539.5390625
3313.8223167797637,71771.625
3313.823705620522,71950.359375
3313.8250944615143,72048.25
3313.8264833025046,72240.0546875
3313.827872143264,72295.796875
3313.829260984255,72429.96875
3313.8306498252464,72549.8671875
3313.8320386660052,72594.421875
3313.833427506997,72626.5703125
3313.834816347988,72624.5625
3313.8362051889794,72690.4375
3313.8375940297383,72638.46875
3313.838982870729,72624.5625
3313.840371711721,72596.703125
3313.8417605524796,72610.8046875
3313.843149393471,72673.421875
3313.844538234462,72606.6796875
3313.8459270752214,72582.375
3313.847315916212,72612.7421875
3313.848704756971,72601.90625
3313.8500935979623,72635.84375
3313.8514824389536,72596.765625
3313.8528712797124,72598.609375
3313.854260120704,72664.578125
3313.855648961696,72647.6640625
3313.8570378024547,72655.5
3313.858426643446,72673.7734375
3313.859815484437,72651.5234375
3313.861204325196,72627.859375
3313.862593166187,72570.3203125
3313.863982006946,72659.125
3313.8653708479374,72680.2890625
3313.8667596889277,72588.359375
3313.868148529686,72702.0703125
3313.8695373706773,72759.7578125
3313.8709262114357,72718.109375
3313.8723150524274,72690.375
3313.873703893419,72719.3125
3313.8750927341775,72679.25
3313.876481575169,72690.8515625
3313.8778704159276,72680.6640625
3313.8792592569184,72702.375
3313.8806480976777,72711.234375
3313.882036938669,72654.171875
3313.8834257796602,72660.4765625
3313.8848146204186,72710.421875
3313.886203461411,72656.7421875
3313.8875923021687,72725.8046875
3313.8889811431604,72749.0
3313.8903699839193,72700.5703125
3313.89175882491,72706.8359375
3313.893147665902,72723.4296875
3313.8945365066606,72720.4765625
3313.895925347652,72721.234375
3313.8973141884103,72738.578125
3313.8987030294024,72612.15625
3313.90009187016,72676.6328125
3313.901480711152,72675.9375
3313.9028695519105,72619.46875
3313.9042583929017,72753.9609375
3313.9056472336606,72666.7734375
3313.9070360746523,72742.390625
3313.9084249154107,72732.3515625
3313.909813756402,72591.265625
3313.911202597161,72648.171875
3313.9125914381516,72681.40625
3313.913980278911,72722.984375
3313.915369119902,72692.171875
3313.9167579606606,72655.6484375
3313.918146801652,72773.828125
3313.919535642411,72677.8203125
3313.920924483402,72735.5546875
3313.9223133241608,72719.2421875
3313.9237021651516,72749.171875
3313.925091005909,72667.046875
3313.9264798469007,72729.3046875
3313.9278686876596,72739.5625
3313.9292575286504,72729.2421875
3313.9306463694097,72661.203125
3313.932035210401,72772.0234375
3313.9334240511594,72715.8828125
3313.9348128921506,72630.625
3313.93620173291,72733.2421875
3313.9375905739007,72673.5859375
3313.9389794146596,72724.34375
3313.940368255651,72716.0234375
3313.941757096409,72786.78125
3313.943145937401,72772.0546875
3313.94453477816,72790.34375
3313.945923619151,72715.9375
3313.9473124599094,72657.46875
3313.9487013006687,72720.7734375
3313.950090141659,72741.65625
3313.9514789824184,72705.875
3313.9528678234096,72721.8125
3313.954256664168,72771.9375
3313.9556455051597,72722.78125
3313.9570343459186,72732.5
3313.9584231869094,72792.96875
3313.9598120276682,72709.3125
3313.961200868427,72719.7734375
3313.962589709419,72732.6640625
3313.9639785501777,72754.3828125
3313.9653673911685,72788.265625
3313.9667562319273,72740.375
3313.968145072919,72728.0078125
3313.9695339136774,72709.046875
3313.970922754436,72691.96875
3313.972311595428,72699.46875
3313.9737004361855,72703.4921875
3313.9750892771776,72740.03125
3313.976478117936,72775.9765625
3313.9778669589273,72721.359375
3313.9792557996857,72668.4453125
3313.980644640443,72779.765625
3313.9820334814344,72798.9921875
3313.9834223221933,72828.40625
3313.984811163185,72746.4375
3313.9862000039434,72828.5234375
3313.987588844702,72691.59375
3313.988977685694,72706.3125
3313.9903665264515,72785.21875
3313.9917553674436,72713.5234375
3313.993144208202,72798.109375
3313.9945330489604,72729.2734375
3313.995921889952,72717.7890625
3313.997310730711,72726.7890625
3313.9986995717018,72742.359375
3314.0000884124606,72815.78125
3314.0014772532195,72721.4296875
3314.0028660942103,72801.703125
3314.0042549349696,72796.109375
3314.005643775961,72793.3984375
3314.0070326167192,72743.3515625
3314.0084214574777,72764.5078125
3314.00981029847,72789.9609375
3314.0111991392278,72742.359375
3314.0125879799866,72772.5078125
3314.013976820978,72775.0703125
3314.0153656617363,72753.1875
3314.016754502728,72810.1640625
3314.018143343487,72742.78125
3314.0195321842452,72802.5546875
3314.0209210252365,72760.7421875
3314.022309865996,72778.1015625
3314.0236987067533,72741.0
3314.0250875477454,72765.5234375
3314.026476388504,72746.5390625
3314.027865229495,72820.984375
3314.029254070254,72763.8671875
3314.030642911013,72772.796875
3314.0320317520036,72747.1640625
3314.0334205927625,72814.859375
3314.0348094335213,72775.46875
3314.0361982745117,72710.171875
3314.0375871152696,72756.90625
3314.038975956029,72666.7734375
3314.0403647970193,72688.4296875
3314.0417536377786,72772.2734375
3314.043142478537,72770.765625
3314.0445313195282,72773.9296875
3314.045920160287,72755.7265625
3314.047309001279,72719.7421875
3314.0486978420367,72739.1484375
3314.0500866827956,72760.1015625
3314.0514755237873,72777.75
3314.0528643645453,72826.671875
3314.0542532053046,72710.59375
3314.055642046296,72831.546875
3314.057030887054,72787.703125
3314.0584197278126,72699.6640625
3314.059808568805,72776.5703125
3314.0611974095627,72726.6640625
3314.0625862503216,72767.0
3314.063975091313,72737.71875
3314.0653639320713,72756.546875
3314.06675277283,72757.546875
3314.068141613822,72789.8125
3314.0695304545807,72664.640625
3314.0709192953395,72798.1171875
3314.072308136331,72784.7890625
3314.073696977089,72765.1796875
3314.075085817848,72820.3515625
3314.076474658839,72756.8984375
3314.077863499598,72781.4296875
3314.0792523403566,72762.171875
3314.080641181348,72718.078125
3314.082030022106,72701.953125
3314.0834188628655,72778.5390625
3314.0848077038563,72773.984375
3314.086196544615,72737.0078125
3314.0875853853736,72718.5234375
3314.088974226365,72789.2421875
3314.0903630671237,72799.8984375
3314.0917519078826,72687.234375
3314.093140748873,72791.21875
3314.0945295896313,72770.234375
3314.0959184303897,72693.8046875
3314.097307271381,72743.6640625
3314.0986961121394,72743.53125
3314.1000849528987,72703.84375
3314.1014737938895,72721.6875
3314.1028626346483,72741.6015625
3314.1042514754067,72734.96875
3314.105640316398,72719.4765625
3314.107029157157,72771.3984375
3314.1084179979157,72814.9140625
3314.109806838907,72716.3046875
3314.1111956796653,72781.328125
3314.1125845204247,72723.65625
3314.113973361415,72730.4765625
3314.1153622021743,72834.84375
3314.1167510429327,72749.9140625
3314.118139883924,72742.9453125
3314.119528724683,72773.90625
3314.1209175654417,72725.375
3314.1223064064325,72775.921875
3314.1236952471913,72758.5625
3314.12508408795,72782.4453125
3314.126472928941,72750.3515625
3314.1278617697003,72804.0703125
3314.1292506104587,72832.421875
3314.13063945145,72754.703125
3314.1320282922084,72710.5078125
3314.1334171329677,72741.953125
3314.1348059739585,72788.0234375
3314.1361948147173,72719.9765625
3314.1375836554757,72694.7109375
3314.138972496467,72765.0234375
3314.140361337226,72769.8359375
3314.1417501779847,72761.3125
3314.143139018976,72713.1171875
3314.1445278597344,72770.1640625
3314.1459167004937,72771.0078125
3314.147305541484,72716.6484375
3314.1486943822424,72732.0859375
3314.150083223001,72801.125
3314.1514720639916,72853.2578125
3314.1528609047505,72739.5234375
3314.154249745509,72817.609375
3314.1556385865,72776.4921875
3314.157027427259,72750.7109375
3314.158416268018,72824.25
3314.159805109009,72734.9140625
3314.1611939497675,72782.7109375
3314.1625827905264,72776.046875
3314.163971631517,72802.921875
3314.1653604722765,72791.75
3314.166749313035,72781.3671875
3314.168138154026,72761.34375
3314.169526994785,72734.046875
3314.170915835544,72747.625
3314.1723046765346,72763.5703125
3314.1736935172935,72839.3671875
3314.1750823580524,72843.484375
3314.176471199044,72773.9609375
3314.1778600398025,72793.4375
3314.1792488807937,72810.7890625
3314.1806377215526,72771.5546875
3314.1820265623114,72805.984375
3314.1834154033027,72714.421875
3314.184804244061,72786.96875
3314.1861930848204,72801.1171875
3314.1875819258107,72725.0546875
3314.18897076657,72769.21875
3314.1903596073284,72747.171875
3314.1917484483197,72708.8359375
3314.1931372890785,72800.0078125
3314.1945261298374,72768.7421875
3314.195914970828,72750.8125
3314.197303811587,72781.7734375
3314.198692652346,72774.4453125
3314.2000814933367,72711.3984375
3314.201470334096,72721.234375
3314.2028591748544,72815.359375
3314.2042480158457,72808.640625
3314.2056368566036,72737.3828125
3314.2070256975944,72846.421875
3314.208414538353,72769.515625
3314.2098033791117,72757.1171875
3314.2111922201034,72773.921875
3314.2125810608613,72762.9375
3314.21396990162,72724.78125
3314.215358742612,72779.171875
3314.21674758337,72812.9921875
3314.2181364243615,72763.5234375
3314.2195252651204,72756.421875
3314.220914105879,72777.7578125
3314.22230294687,72787.25
3314.2236917876294,72784.234375
3314.2250806283873,72720.15625
3314.226469469379,72717.2421875
3314.2278583101374,72754.4296875
3314.229247150896,72740.3515625
3314.2306359918875,72695.65625
3314.2320248326464,72778.734375
3314.2334136736376,72764.2578125
3314.234802514396,72710.1796875
3314.236191355155,72798.296875
3314.2375801961457,72790.2265625
3314.238969036905,72656.203125
3314.2403578778963,72781.8125
3314.2417467186547,72762.3828125
3314.2431355594135,72775.7109375
3314.244524400405,72780.8203125
3314.245913241163,72722.703125
3314.247302081922,72798.234375
3314.2486909229137,72716.515625
3314.2500797636717,72794.203125
3314.2514686046634,72810.1875
3314.2528574454223,72734.796875
3314.2542462861807,72738.328125
3314.255635127172,72764.3515625
3314.257023967931,72780.015625
3314.258412808922,72711.4296875
3314.259801649681,72799.1015625
3314.261190490439,72768.84375
3314.262579331429,72731.953125
3314.263968172188,72780.9140625
3314.2653570131797,72694.0546875
3314.2667458539377,72850.4921875
3314.2681346949294,72731.71875
3314.269523535688,72810.6484375
3314.2709123764466,72807.015625
3314.272301217438,72781.46875
3314.273690058197,72795.515625
3314.2750788991875,72716.796875
3314.276467739947,72781.3125
3314.2778565807052,72755.078125
3314.2792454216965,72674.375
3314.2806342624554,72755.359375
3314.282023103447,72857.15625
3314.283411944206,72794.9140625
3314.2848007851976,72811.8828125
3314.2861896259556,72702.46875
3314.2875784669473,72736.75
3314.288967307706,72740.6640625
3314.290356148464,72716.6953125
3314.291744989456,72795.9453125
3314.2931338302146,72797.375
3314.294522671206,72810.171875
3314.2959115119643,72783.3125
3314.2973003529564,72796.6875
3314.2986891937144,72727.8671875
3314.300078034706,72795.40625
3314.3014668754645,72777.8828125
3314.302855716223,72737.1484375
3314.3042445572146,72836.5546875
3314.3056333979735,72798.296875
3314.3070222389647,72699.140625
3314.308411079723,72761.8828125
3314.3097999207152,72763.171875
3314.3111887614727,72798.0234375
3314.312577602465,72717.2890625
3314.3139664432233,72708.1328125
3314.3153552842145,72773.2265625
3314.3167441249734,72721.9921875
3314.318132965964,72764.5078125
3314.3195218067217,72683.3828125
3314.3209106477134,72734.984375
3314.3222994884723,72726.7109375
3314.3236883292307,72749.3828125
3314.325077170222,72736.90625
3314.3264660109808,72746.46875
3314.3278548519716,72775.375
3314.329243692731,72733.5390625
3314.330632533722,72690.921875
3314.3320213744805,72660.4140625
3314.333410215472,72707.0625
3314.334799056231,72770.59375
3314.336187897222,72756.5703125
3314.3375767379807,72820.765625
3314.3389655789724,72775.6796875
3314.3403544197304,72803.1640625
3314.341743260722,72748.6640625
3314.343132101481,72668.46875
3314.344520942472,72712.3984375
3314.3459097834634,72803.828125
3314.3472986242227,72760.0625
3314.3486874652135,72743.0625
3314.3500763059724,72750.5703125
3314.3514651469636,72730.4140625
3314.352853987722,72734.6484375
3314.3542428287137,72765.6875
3314.3556316694726,72704.1484375
3314.357020510464,72810.5546875
3314.3584093512222,72678.703125
3314.359798192214,72723.4296875
3314.361187032972,72771.625
3314.362575873964,72712.71875
3314.3639647147224,72627.9453125
3314.3653535557137,72723.3984375
3314.366742396705,72706.09375
3314.3681312374642,72788.734375
3314.369520078455,72764.3046875
3314.370908919214,72708.7578125
3314.3722977602056,72704.0078125
3314.3736866009635,72823.671875
3314.375075441955,72653.859375
3314.3764642829456,72776.171875
3314.3778531237035,72650.5546875
3314.3792419646957,72713.6875
3314.380630805454,72742.96875
3314.3820196464453,72724.1171875
3314.3834084872037,72749.515625
3314.384797328196,72792.4140625
3314.3861861691867,72770.703125
3314.3875750099455,72713.1875
3314.388963850937,72700.9140625
3314.390352691695,72736.6484375
3314.391741532687,72756.921875
3314.3931303736786,72708.6875
3314.3945192144374,72748.59375
3314.395908055429,72729.53125
3314.3972968961875,72768.265625
3314.3986857371788,72829.328125
3314.4000745781705,72803.4609375
3314.4014634189284,72741.2421875
3314.4028522599206,72731.40625
3314.404241100679,72768.2890625
3314.40562994167,72720.2890625
3314.407018782662,72767.8046875
3314.4084076234208,72727.40625
3314.4097964644116,72684.234375
3314.4111853054033,72760.59375
3314.412574146162,72797.4296875
3314.413962987153,72717.6796875
3314.4153518281446,72750.8125
3314.4167406689035,72735.09375
3314.4181295098947,72747.2578125
3314.419518350886,72786.8515625
3314.4209071916453,72745.5390625
3314.422296032636,72697.578125
3314.423684873395,72791.453125
3314.425073714386,72743.296875
3314.4264625553774,72666.515625
3314.4278513961362,72728.015625
3314.429240237128,72695.1875
3314.4306290781183,72747.828125
3314.432017919109,72745.890625
3314.433406759868,72667.5078125
3314.434795600859,72715.984375
3314.4361844418504,72743.515625
3314.4375732826097,72727.9609375
3314.4389621236,72675.859375
3314.440350964592,72752.3203125
3314.4417398053506,72744.3046875
3314.443128646342,72783.4296875
3314.4445174873335,72779.3046875
3314.4459063280924,72758.8671875
3314.4472951690836,72782.03125
3314.448684010075,72710.4140625
3314.4500728510666,72794.828125
3314.4514616918245,72789.6640625
3314.4528505328167,72751.2421875
3314.454239373808,72780.5234375
3314.455628214799,72756.3203125
3314.4570170555576,72710.625
3314.4584058965497,72785.03125
3314.4597947375405,72794.59375
3314.4611835782994,72725.9296875
3314.462572419291,72759.71875
3314.463961260282,72754.4375
3314.4653501012735,72787.1796875
3314.4667389420324,72784.8828125
3314.4681277830236,72739.75
3314.469516624015,72743.4765625
3314.470905465007,72752.9375
3314.4722943059974,72773.640625
3314.4736831467567,72737.1953125
3314.475071987748,72821.390625
3314.476460828739,72766.515625
3314.477849669731,72709.7578125
3314.4792385104897,72732.328125
3314.480627351481,72799.7734375
3314.482016192472,72710.703125
3314.483405033464,72717.40625
3314.4847938744547,72779.140625
3314.486182715214,72744.6171875
3314.487571556205,72789.2578125
3314.4889603971947,72769.6015625
3314.490349238187,72777.7890625
3314.491738079178,72774.0859375
3314.4931269199365,72773.1875
3314.494515760928,72788.7265625
3314.49590460192,72800.953125
3314.497293442911,72713.5546875
3314.4986822839023,72774.4453125
3314.500071124894,72711.078125
3314.501459965653,72696.4609375
3314.5028488066446,72755.8671875
3314.5042376476354,72713.9453125
3314.505626488627,72731.6875
3314.5070153296188,72793.984375
3314.50840417061,72758.8515625
3314.5097930116012,72745.2109375
3314.5111818523606,72749.3671875
3314.512570693351,72832.671875
3314.513959534343,72751.921875
3314.5153483753343,72737.390625
3314.5167372163255,72690.1796875
3314.518126057317,72778.5
3314.519514898309,72765.5390625
3314.5209037393,72729.7421875
3314.5222925800585,72703.296875
3314.5236814210502,72828.8359375
3314.525070262041,72719.546875
3314.526459103033,72749.0546875
3314.5278479440244,72718.1328125
3314.5292367850157,72703.09375
3314.530625626007,72768.984375
3314.532014466999,72714.0703125
3314.53340330799,72759.546875
3314.5347921489815,72684.21875
3314.536180989973,72750.0390625
3314.537569830964,72795.171875
3314.538958671723,72731.1640625
3314.5403475127146,72694.5234375
3314.541736353706,72728.1640625
3314.5431251946966,72821.7734375
3314.5445140356874,72740.125
3314.5459028766786,72821.9921875
3314.54729171767,72705.953125
3314.548680558662,72730.390625
3314.550069399653,72743.3046875
3314.5514582406445,72711.90625
3314.552847081636,72684.0078125
3314.554235922627,72627.6171875
3314.5556247636187,72700.171875
3314.5570136046103,72748.640625
3314.5584024456016,72780.4296875
3314.559791286593,72767.8359375
3314.561180127585,72702.7265625
3314.5625689685753,72715.5390625
3314.5639578095675,72632.5234375
3314.5653466505587,72682.890625
3314.56673549155,72752.25
3314.5681243325416,72728.8046875
3314.5695131735333,72722.1171875
3314.5709020145246,72718.984375
3314.572290855516,72794.2734375
3314.5736796965075,72698.03125
3314.5750685374983,72735.65625
3314.5764573784904,72774.9453125
3314.5778462194817,72733.03125
3314.579235060473,72666.5
3314.580623901464,72788.6640625
3314.5820127424563,72798.34375
3314.583401583447,72748.5078125
3314.5847904246716,72664.7578125
3314.5861792656633,72706.9296875
3314.587568106654,72739.4453125
3314.588956947646,72683.3359375
3314.5903457886375,72750.71875
3314.5917346296287,72774.90625
3314.59312347062,72662.0390625
3314.594512311612,72692.4375
3314.5959011526024,72690.953125
3314.5972899935946,72723.484375
3314.598678834586,72741.828125
3314.600067675809,72686.9609375
3314.6014565168,72714.8125
3314.6028453577915,72748.4765625
3314.6042341987827,72658.234375
3314.6056230397744,72682.140625
3314.607011880766,72768.6484375
3314.608400721758,72663.28125
3314.6097895627495,72737.2421875
3314.6111784039736,72675.8359375
3314.612567244965,72659.9375
3314.6139560859565,72681.859375
3314.6153449269473,72714.9453125
3314.6167337679394,72703.8984375
3314.6181226089307,72712.578125
3314.6195114501547,72787.6171875
3314.620900291146,72638.3671875
3314.622289132138,72679.6875
3314.623677973129,72652.09375
3314.6250668141206,72628.2421875
3314.6264556551123,72670.1875
3314.627844496336,72699.3125
3314.6292333373276,72670.8125
3314.6306221783193,72716.2421875
3314.6320110193105,72727.5625
3314.633399860302,72713.6953125
3314.6347887015268,72600.5859375
3314.636177542517,72726.625
3314.6375663835092,72638.0546875
3314.6389552245005,72697.4765625
3314.6403440657245,72644.125
3314.6417329067162,72693.0390625
3314.643121747708,72673.203125
3314.644510588699,72660.3359375
3314.6458994299232,72598.8984375
3314.647288270915,72665.796875
3314.6486771119057,72652.7265625
3314.650065952898,72625.3359375
3314.651454794122,72708.2890625
3314.652843635113,72701.203125
3314.6542324761044,72692.7265625
3314.6556213173294,72653.421875
3314.6570101583197,72690.6796875
3314.6583989993105,72744.8671875
3314.659787840302,72668.2265625
3314.661176681526,72676.1015625
3314.6625655225175,72739.796875
3314.663954363509,72664.25
3314.665343204733,72608.7734375
3314.666732045725,72659.8203125
3314.668120886716,72656.359375
3314.6695097279403,72703.3828125
3314.6708985689315,72644.109375
3314.6722874099237,72689.1640625
3314.6736762511473,72740.453125
3314.675065092139,72716.1484375
3314.6764539331302,72616.1328125
3314.6778427743543,72709.515625
3314.679231615346,72698.9453125
3314.6806204563377,72668.4140625
3314.6820092975618,72661.390625
3314.683398138553,72721.8515625
3314.684786979778,72701.859375
3314.6861758207683,72643.359375
3314.6875646617605,72618.1015625
3314.6889535029845,72723.0546875
3314.6903423439758,72811.375
3314.6917311852003,72704.171875
3314.693120026192,72693.890625
3314.694508867183,72794.8359375
3314.6958977084073,72711.5703125
3314.697286549399,72775.4453125
3314.6986753906226,72749.578125
3314.7000642316148,72720.2421875
3314.701453072839,72759.109375
3314.70284191383,72776.90625
3314.7042307548213,72685.421875
3314.7056195960463,72748.8984375
3314.707008437037,72726.5390625
3314.7083972782616,72648.390625
3314.709786119253,72695.578125
3314.711174960477,72726.6640625
3314.712563801468,72667.1640625
3314.7139526426918,72753.359375
3314.7153414836826,72686.59375
3314.7167303249075,72697.59375
3314.7181191658988,72721.609375
3314.7195080071233,72678.2109375
3314.720896848115,72685.1015625
3314.722285689339,72750.0234375
3314.7236745303303,72701.8125
3314.7250633715553,72680.2265625
3314.7264522125456,72619.7265625
3314.7278410537706,72600.4453125
3314.729229894762,72796.140625
3314.730618735986,72788.1171875
3314.7320075769776,72716.46875
3314.733396418202,72659.96875
3314.734785259426,72723.265625
3314.7361741004174,72756.2265625
3314.737562941642,72695.0625
3314.7389517826327,72671.015625
3314.7403406238577,72696.5625
3314.741729464849,72677.0859375
3314.743118306073,72786.328125
3314.744507147297,72733.2265625
3314.7458959882892,72752.6875
3314.747284829513,72742.40625
3314.7486736705046,72695.5703125
3314.7500625117286,72767.7578125
3314.7514513529527,72745.1328125
3314.7528401939444,72710.7109375
3314.754229035169,72717.546875
3314.75561787616,72734.8828125
3314.7570067173842,72666.5390625
3314.758395558609,72756.734375
3314.7597843995995,72710.0859375
3314.7611732408245,72727.328125
3314.7625620820486,72684.3671875
3314.76395092304,72691.8125
3314.7653397642644,72718.7265625
3314.766728605489,72734.3984375
3314.7681174464797,72746.1328125
3314.7695062877033,72682.859375
3314.7708951289274,72704.453125
3314.7722839699186,72725.4765625
3314.7736728111427,72702.078125
3314.7750616523676,72695.953125
3314.776450493591,72699.4609375
3314.777839334583,72729.46875
3314.779228175807,72661.46875
3314.780617017031,72796.375
3314.782005858023,72777.125
3314.7833946992473,72750.15625
3314.784783540471,72697.2265625
3314.7861723816955,72836.3359375
3314.787561222687,72691.515625
3314.7889500639108,72621.9453125
3314.7903389051357,72750.640625
3314.79172774636,72741.1953125
3314.793116587584,72745.8125
3314.794505428575,72666.4453125
3314.7958942698,72650.890625
3314.7972831110237,72752.296875
3314.7986719522482,72752.4375
3314.8000607932395,72669.0078125
3314.8014496344636,72765.90625
3314.802838475688,72731.2578125
3314.8042273169126,72636.4296875
3314.8056161581367,72714.5859375
3314.8070049993607,72733.109375
3314.808393840353,72714.5078125
3314.809782681576,72724.9609375
3314.811171522801,72634.8125
3314.812560364025,72712.0078125
3314.813949205249,72761.140625
3314.8153380464737,72734.15625
3314.816726887698,72645.875
3314.818115728689,72747.3515625
3314.8195045699135,72634.203125
3314.820893411138,72683.8203125
3314.8222822523617,72747.140625
3314.8236710935867,72673.796875
3314.8250599348103,72764.96875
3314.826448776034,72740.8046875
3314.8278376172584,72859.03125
3314.829226458482,72685.4140625
3314.830615299474,72713.515625
3314.8320041406982,72801.9609375
3314.8333929819223,72703.9375
3314.8347818231464,72722.9140625
3314.8361706643714,72750.796875
3314.837559505595,72689.4765625
3314.8389483468195,72610.625
3314.8403371880436,72747.015625
3314.8417260292676,72707.46875
3314.843114870492,72743.765625
3314.8445037117167,72682.671875
3314.8458925529408,72634.640625
3314.847281394165,72699.3828125
3314.84867023539,72733.6640625
3314.850059076613,72702.0234375
3314.851447917838,72707.6171875
3314.852836759062,72736.5390625
3314.854225600286,72714.5703125
3314.8556144415106,72756.875
3314.857003282735,72622.9609375
3314.8583921239588,72686.84375
3314.8597809651833,72767.4375
3314.861169806408,72635.2890625
3314.8625586476314,72675.703125
3314.8639474888564,72670.5390625
3314.8653363300805,72643.75
3314.8667251713046,72741.453125
3314.8681140125286,72701.375
3314.8695028539864,72709.828125
3314.87089169521,72766.75
3314.8722805364346,72667.296875
3314.8736693776586,72644.8046875
3314.8750582188827,72712.265625
3314.8764470601072,72663.6796875
3314.8778359013318,72641.453125
3314.879224742556,72735.7734375
3314.88061358378,72724.5
3314.882002425004,72683.125
3314.88339126646,72669.640625
3314.884780107684,72683.125
3314.886168948909,72678.5859375
3314.8875577901326,72737.078125
3314.888946631357,72763.2421875
3314.8903354725812,72684.078125
3314.891724314038,72691.484375
3314.8931131552627,72709.2578125
3314.894501996487,72712.3671875
3314.8958908377112,72640.625
3314.8972796789353,72684.4921875
3314.8986685203927,72717.6640625
3314.9000573616163,72640.21875
3314.9014462028413,72658.9609375
3314.9028350440653,72661.78125
3314.9042238852894,72625.6015625
3314.9056127267468,72737.125
3314.9070015679713,72606.1640625
3314.908390409195,72628.640625
3314.9097792504194,72562.84375
3314.911168091877,72663.7421875
3314.9125569331004,72648.6171875
3314.913945774325,72671.4375
3314.9153346155495,72676.1328125
3314.9167234570064,72709.671875
3314.9181122982304,72699.28125
3314.9195011394554,72702.2265625
3314.920889980912,72708.2890625
3314.9222788221364,72637.15625
3314.9236676633604,72635.9453125
3314.9250565045845,72718.953125
3314.926445346042,72646.9921875
3314.9278341872664,72638.9609375
3314.9292230284905,72710.5625
3314.9306118699474,72661.484375
3314.932000711172,72689.046875
3314.9333895523955,72643.0
3314.9347783938533,72707.9140625
3314.9361672350774,72631.15625
3314.937556076535,72675.4296875
3314.938944917759,72649.890625
3314.9403337589815,72647.8125
3314.9417226004393,72619.421875
3314.9431114416634,72642.5390625
3314.9445002828875,72692.8984375
3314.945889124345,72708.1328125
3314.9472779655694,72587.4609375
3314.948666807026,72636.75
3314.9500556482503,72713.8046875
3314.9514444897077,72600.1640625
3314.9528333309313,72647.6640625
3314.9542221721563,72617.6015625
3314.955611013613,72642.5625
3314.9569998548372,72650.7890625
3314.958388696294,72734.5234375
3314.959777537519,72644.1796875
3314.9611663789756,72669.8359375
3314.9625552202,72668.40625
3314.963944061657,72708.7109375
3314.965332902881,72594.1328125
3314.9667217443384,72684.8671875
3314.968110585563,72734.96875
3314.96949942702,72667.2421875
3314.970888268244,72645.8125
3314.9722771097017,72642.2734375
3314.973665950925,72679.796875
3314.9750547923827,72601.78125
3314.976443633607,72668.09375
3314.9778324750637,72697.4140625
3314.979221316288,72736.59375
3314.9806101577456,72623.7578125
3314.981998999202,72663.78125
3314.9833878404265,72638.3984375
3314.984776681884,72712.2890625
3314.9861655231075,72677.6953125
3314.987554364565,72598.25
3314.9889432057894,72670.8515625
3314.9903320472463,72751.0234375
3314.991720888703,72737.078125
3314.993109729928,72609.4453125
3314.994498571384,72695.5859375
3314.9958874128406,72696.015625
3314.997276254065,72628.7421875
3314.9986650955216,72678.421875
3315.000053936746,72658.640625
3315.0014427782035,72646.640625
3315.00283161966,72708.71875
3315.0042204608844,72558.015625
3315.005609302342,72662.484375
3315.0069981437987,72642.4296875
3315.0083869850228,72606.9609375
3315.0097758264806,72572.0703125
3315.011164667937,72675.5859375
3315.0125535093944,72608.0625
3315.0139423506184,72674.671875
3315.0153311920753,72725.171875
3315.0167200335327,72647.8828125
3315.018108874757,72720.671875
3315.019497716214,72655.4296875
3315.020886557671,72621.8671875
3315.0222753991284,72609.359375
3315.023664240352,72626.4921875
3315.02505308181,72596.2734375
3315.0264419232667,72676.3828125
3315.0278307647236,72673.9609375
3315.0292196059477,72615.4453125
3315.0306084474055,72648.28125
3315.031997288862,72637.5390625
3315.0333861303193,72632.3125
3315.0347749717766,72737.8828125
3315.0361638130003,72652.96875
3315.0375526544576,72638.6875
3315.038941495915,72607.0
3315.040330337372,72634.7734375
3315.0417191788288,72700.6171875
3315.0431080202866,72638.171875
3315.0444968615107,72598.6015625
3315.0458857029685,72643.390625
3315.0472745444245,72658.7109375
3315.0486633858823,72645.328125
3315.050052227339,72709.484375
3315.051441068795,72572.703125
3315.052829910252,72630.828125
3315.054218751709,72719.609375
3315.055607593166,72616.078125
3315.0569964343904,72595.2265625
3315.0583852758477,72657.484375
3315.0597741173046,72695.0625
3315.0611629587615,72657.2109375
3315.062551800219,72688.578125
3315.0639406416753,72636.171875
3315.065329483133,72648.1171875
3315.06671832459,72683.8984375
3315.068107166047,72629.5
3315.0694960075043,72641.2578125
3315.0708848489617,72690.59375
3315.072273690418,72609.75
3315.0736625318755,72678.0859375
3315.075051373333,72672.703125
3315.0764402147893,72683.7421875
3315.0778290562466,72697.234375
3315.079217897704,72699.4765625
3315.080606739161,72640.984375
3315.081995580618,72674.84375
3315.0833844220756,72642.515625
3315.084773263532,72677.6015625
3315.0861621049894,72643.140625
3315.0875509464463,72619.1953125
3315.088939787903,72706.109375
3315.0903286293606,72640.8359375
3315.091717470818,72616.625
3315.093106312275,72588.453125
3315.0944951539645,72625.4765625
3315.095883995422,72653.5078125
3315.0972728368783,72607.71875
3315.098661678336,72653.609375
3315.100050519793,72634.25
3315.10143936125,72631.6484375
3315.1028282027073,72676.4609375
3315.1042170441647,72698.4453125
3315.105605885854,72641.0546875
3315.1069947273104,72676.953125
3315.1083835687673,72606.4296875
3315.109772410224,72653.96875
3315.111161251681,72641.3203125
3315.1125500931385,72675.0078125
3315.1139389348277,72631.7734375
3315.1153277762855,72586.0390625
3315.1167166177424,72681.71875
3315.1181054591993,72714.109375
3315.1194943006562,72640.6640625
3315.120883142347,72636.0078125
3315.1222719838033,72618.8046875
3315.1236608252607,72613.859375
3315.125049666718,72641.515625
3315.1264385084073,72672.703125
3315.1278273498647,72610.453125
3315.129216191322,72600.7109375
3315.130605032779,72578.546875
3315.1319938744687,72559.9609375
3315.1333827159265,72561.9765625
3315.1347715573825,72551.296875
3315.1361603988403,72628.046875
3315.13754924053,72585.046875
3315.138938081987,72648.9921875
3315.1403269234443,72607.53125
3315.1417157651344,72621.8046875
3315.1431046065914,72623.0234375
3315.1444934480483,72690.8125
3315.1458822897384,72594.2265625
3315.147271131195,72582.5703125
3315.1486599726527,72648.7265625
3315.1500488143424,72546.0625
3315.1514376557993,72711.3828125
3315.152826497489,72578.734375
3315.154215338947,72630.4921875
3315.1556041804038,72648.9375
3315.1569930220944,72669.5625
3315.158381863551,72629.875
3315.159770705241,72606.8359375
3315.161159546698,72547.359375
3315.162548388155,72498.5234375
3315.1639372298446,72707.703125
3315.165326071301,72626.8515625
3315.1667149129903,72657.2734375
3315.1681037544477,72551.1640625
3315.169492596138,72588.8125
3315.1708814375947,72625.765625
3315.1722702792845,72527.4296875
3315.1736591207423,72602.296875
3315.175047962431,72676.1640625
3315.176436803889,72562.0546875
3315.1778256455787,72552.1484375
3315.1792144870356,72565.1015625
3315.1806033287257,72521.9609375
3315.181992170183,72641.9765625
3315.183381011873,72555.0703125
3315.1847698533297,72582.2265625
3315.18615869502,72588.34375
3315.1875475364764,72518.7734375
3315.188936378167,72561.2734375
3315.190325219624,72582.671875
3315.1917140613136,72639.4375
3315.1931029030034,72579.375
3315.194491744461,72522.9609375
3315.1958805861505,72587.296875
3315.197269427608,72610.25
3315.198658269298,72560.3203125
3315.2000471109873,72540.40625
3315.2014359524446,72551.203125
3315.202824794135,72590.28125
3315.2042136358245,72608.46875
3315.2056024772814,72606.9453125
3315.206991318972,72542.8125
3315.208380160661,72504.0703125
3315.2097690021187,72625.796875
3315.2111578438085,72580.0
3315.212546685498,72588.0703125
3315.2139355269555,72541.9453125
3315.2153243686457,72552.1171875
3315.2167132103355,72512.4140625
3315.2181020517924,72580.203125
3315.2194908934825,72544.5390625
3315.2208797351714,72659.71875
3315.2222685768606,72488.75
3315.2236574183185,72526.2890625
3315.2250462600073,72526.296875
3315.226435101698,72503.03125
3315.2278239433876,72577.5546875
3315.2292127848445,72562.9140625
3315.2306016265347,72528.328125
3315.231990468225,72506.078125
3315.2333793099147,72528.0546875
3315.2347681513716,72569.59375
3315.2361569930617,72502.109375
3315.237545834751,72507.515625
3315.2389346764417,72429.359375
3315.2403235181314,72504.296875
3315.241712359821,72581.7890625
3315.243101201278,72527.625
3315.2444900429687,72561.34375
3315.245878884658,72517.9921875
3315.247267726348,72566.0
3315.2486565680383,72552.5703125
3315.2500454097276,72611.9609375
3315.251434251418,72529.25
3315.252823093108,72554.1171875
3315.254211934565,72560.78125
3315.2556007762546,72469.453125
3315.2569896179452,72509.8125
3315.258378459634,72555.1796875
3315.2597673013247,72597.03125
3315.2611561430144,72538.890625
3315.262544984704,72535.6015625
3315.2639338263944,72501.75
3315.2653226680845,72553.4375
3315.2667115097743,72523.25
3315.268100351465,72558.3046875
3315.269489193154,72529.84375
3315.2708780348444,72524.9609375
3315.2722668765346,72441.7578125
3315.273655718224,72475.5078125
3315.275044559914,72542.140625
3315.2764334016033,72504.6796875
3315.277822243292,72491.1015625
3315.2792110849828,72517.7734375
3315.2805999266725,72549.5390625
3315.281988768362,72408.046875
3315.283377610052,72559.71875
3315.2847664517426,72568.734375
3315.286155293432,72503.78125
3315.287544135122,72512.6171875
3315.2889329768122,72504.046875
3315.2903218185015,72409.296875
3315.2917106604245,72316.421875
3315.2930995021147,72242.109375
3315.2944883438045,72033.2109375
3315.295877185494,71669.1953125
3315.297266027185,71499.59375
3315.2986548688737,71295.0
3315.3000437105643,70944.9921875
3315.301432552254,70569.2109375
3315.3028213941766,70259.75
3315.304210235867,69913.4765625
3315.305599077557,69428.25
3315.3069879192467,69136.65625
3315.3083767609364,68719.9375
3315.3097656028594,68140.453125
3315.3111544445487,67819.828125
3315.3125432862394,67400.03125
3315.313932127929,66869.8046875
3315.3167098115414,65790.796875
3315.318098653232,65265.8125
3315.3194874949213,64742.375
3315.3208763366115,64275.0703125
3315.3222651785345,63681.06640625
3315.323654020224,63121.29296875
3315.325042861914,62547.1953125
3315.326431703604,61981.3359375
3315.3278205455267,61390.8359375
3315.3292093872165,60809.7890625
3315.3319870708287,59600.58203125
3315.3333759125185,58980.734375
3315.334764754208,58422.5
3315.3361535961303,57750.09375
3315.3375424378205,57126.5625
3315.340320121433,55871.5234375
3315.341708963123,55230.6015625
3315.343097805046,54635.046875
3315.3444866467357,53992.9765625
3315.3458754884255,53398.8203125
3315.3486531720378,52126.51953125
3315.351430855651,50939.171875
3315.3528196973407,50318.40625
3315.3542085392637,49668.09375
3315.355597380954,49006.8828125
3315.356986222876,48395.37109375
3315.358375064566,47848.015625
3315.359763906489,47266.05078125
3315.3611527481785,46774.84765625
3315.362541590102,46225.4453125
3315.3639304317917,45649.25390625
3315.3653192737142,45198.98828125
3315.366708115404,44676.48828125
3315.3680969573275,44235.265625
3315.3694857990167,43775.30078125
3315.3708746409397,43386.59375
3315.3722634826295,42949.765625
3315.373652324552,42598.3125
3315.375041166242,42254.19140625
3315.3764300081652,41937.78125
3315.3778188498554,41698.30859375
3315.3792076917784,41445.546875
3315.380596533701,41323.03125
3315.3819853753907,41076.76171875
3315.3833742173138,41050.671875
3315.384763059003,41001.33984375
3315.3861519009265,40945.71875
3315.387540742849,40980.03125
3315.388929584538,41053.46875
3315.3903184264605,41138.77734375
3315.391707268383,41264.02734375
3315.3930961100727,41421.34765625
3315.3944849519958,41625.00390625
3315.395873793919,41970.69140625
3315.397262635608,42251.6015625
3315.398651477531,42545.62109375
3315.400040319454,42953.61328125
3315.4014291611434,43345.0390625
3315.402818003067,43760.5703125
3315.4042068449894,44158.7421875
3315.405595686912,44626.63671875
3315.4069845286017,45062.390625
3315.408373370525,45579.328125
3315.4097622124473,46100.53125
3315.4111510543703,46678.45703125
3315.41253989606,47218.1015625
3315.4139287379826,47842.41015625
3315.4153175799056,48397.0546875
3315.4167064218286,48939.92578125
3315.419484105441,50112.578125
3315.4208729473644,50700.84765625
3315.4236506312095,52043.3515625
3315.425039473132,52622.26953125
3315.427817156745,53906.96484375
3315.429205998668,54523.34375
3315.43059484059,55171.64453125
3315.431983682513,55799.44921875
3315.433372524436,56381.54296875
3315.4361502080487,57644.6484375
3315.4375390499713,58223.58984375
3315.4403167338164,59515.0078125
3315.44170557574,60078.66796875
3315.443094417662,60707.01953125
3315.444483259585,61229.73828125
3315.447260943429,62410.97265625
3315.448649785352,62971.43359375
3315.450038627275,63609.765625
3315.451427469197,64131.01953125
3315.4528163111204,64658.2265625
3315.454205153043,65144.28125
3315.4555939949655,65658.1875
3315.456982836888,66219.8046875
3315.4583716788115,66723.640625
3315.4597605207337,67112.84375
3315.4611493626567,67598.3984375
3315.4625382045792,68021.6484375
3315.463927046502,68456.3359375
3315.465315888425,68915.6796875
3315.466704730348,69399.9609375
3315.4680935722704,69695.25
3315.469482414193,70079.3359375
3315.4708712563493,70473.8984375
3315.472260098271,70821.140625
3315.4736489401944,71129.921875
3315.475037782117,71348.6328125
3315.4764266240395,71610.703125
3315.4778154659625,71849.9921875
3315.4792043078855,71977.765625
3315.4805931498076,72140.1796875
3315.4819819919635,72299.6015625
3315.4833708338865,72438.0625
3315.4847596758086,72420.3515625
3315.486148517732,72390.34375
3315.4875373596547,72470.2578125
3315.4889262018105,72466.609375
3315.4903150437335,72422.4296875
3315.491703885656,72456.7890625
3315.4930927275786,72451.9765625
3315.494481569502,72472.3046875
3315.4958704116566,72418.2421875
3315.49725925358,72481.8515625
3315.4986480955026,72430.2890625
3315.500036937425,72460.5
3315.501425779581,72447.8671875
3315.502814621503,72359.3203125
3315.504203463425,72406.578125
3315.5055923055806,72486.3984375
3315.5069811475037,72475.859375
3315.5083699894262,72462.6015625
3315.5097588315816,72447.2578125
3315.511147673505,72469.8984375
3315.5125365154267,72473.09375
3315.513925357583,72412.109375
3315.5153141995056,72469.578125
3315.516703041428,72473.0390625
3315.518091883584,72402.921875
3315.519480725507,72444.9921875
3315.520869567429,72500.4140625
3315.522258409585,72507.1796875
3315.523647251508,72453.4453125
3315.525036093663,72393.296875
3315.5264249355864,72501.125
3315.527813777509,72468.8046875
3315.5292026196644,72515.15625
3315.530591461587,72489.8828125
3315.5319803037432,72431.5234375
3315.5333691456653,72532.3046875
3315.534757987821,72482.1796875
3315.5361468297438,72508.046875
3315.537535671899,72565.421875
3315.538924513822,72507.6953125
3315.540313355978,72482.5859375
3315.5417021979006,72431.265625
3315.543091040056,72516.0859375
3315.5444798819794,72459.6875
3315.545868724134,72504.5078125
3315.5472575660574,72547.7890625
3315.548646408213,72531.671875
3315.5500352501354,72462.4453125
3315.551424092291,72510.34375
3315.552812934447,72526.9765625
3315.554201776369,72498.9609375
3315.555590618525,72503.5546875
3315.556979460448,72538.5078125
3315.5583683026025,72536.1953125
3315.5597571447574,72561.0234375
3315.5611459866805,72458.7109375
3315.5625348288354,72580.4296875
3315.563923670759,72515.1015625
3315.5653125129143,72573.9140625
3315.5667013550697,72572.9453125
3315.5680901969927,72507.7578125
3315.5694790391485,72587.0078125
3315.5708678813035,72565.671875
3315.5722567232265,72592.5625
3315.5736455653823,72529.109375
3315.5750344075373,72472.296875
3315.576423249693,72641.8828125
3315.577812091616,72573.796875
3315.5792009337715,72628.0859375
3315.580589775927,72565.5859375
3315.581978618083,72591.859375
3315.5833674600053,72522.1640625
3315.584756302161,72584.8046875
3315.5861451443166,72594.3359375
3315.587533986472,72570.1328125
3315.588922828395,72609.2421875
3315.590311670551,72661.1796875
3315.591700512706,72592.8671875
3315.5930893548616,72480.359375
3315.5944781970175,72536.140625
3315.5958670389396,72563.4921875
3315.597255881096,72646.375
3315.5986447232513,72651.125
3315.6000335654076,72642.390625
3315.601422407563,72638.53125
3315.6028112497183,72616.5703125
3315.6042000918737,72588.625
3315.60558893403,72639.734375
3315.606977775952,72705.8515625
3315.608366618108,72738.7421875
3315.6097554602634,72645.71875
3315.611144302419,72649.1171875
3315.6125331445746,72621.6953125
3315.6139219867305,72670.5
3315.615310828885,72717.953125
3315.6166996710404,72712.5078125
3315.6180885131957,72690.2109375
3315.619477355351,72757.7890625
3315.6208661975065,72721.2890625
3315.622255039663,72656.6484375
3315.6236438818178,72758.703125
3315.6250327239736,72715.421875
3315.626421566129,72711.6953125
3315.6278104082844,72743.1484375
3315.6291992504403,72693.2734375
3315.630588092596,72769.3671875
3315.6319769347515,72741.8984375
3315.633365776907,72710.625
3315.6347546190627,72766.609375
3315.6361434612177,72847.1953125
3315.637532303374,72767.5
3315.6389211455294,72776.4921875
3315.6403099876848,72843.84375
3315.6416988300734,72784.03125
3315.6430876722293,72751.2734375
3315.644476514384,72705.7109375
3315.64586535654,72762.1484375
3315.647254198696,72803.6171875
3315.648643040851,72788.8828125
3315.6500318830067,72890.5
3315.6514207253954,72793.8203125
3315.652809567551,72808.65625
3315.654198409706,72939.0703125
3315.6555872518625,72796.65625
3315.6569760940174,72772.15625
3315.658364936406,72873.21875
3315.6597537785615,72841.2265625
3315.661142620717,72900.953125
3315.6625314628727,72911.0390625
3315.6639203050286,72900.765625
3315.665309147417,72977.1015625
3315.666697989572,72940.1171875
3315.668086831728,72943.1953125
3315.669475673883,72868.7734375
3315.670864516271,72920.8359375
3315.6722533584266,72904.4765625
3315.673642200581,72978.40625
3315.67503104297,72941.1171875
3315.6764198851256,72952.9921875
3315.677808727281,72962.75
3315.6791975696697,72906.984375
3315.6805864118255,72884.625
3315.681975253981,72937.2265625
3315.683364096369,73007.9921875
3315.684752938525,73053.453125
3315.68614178068,73014.390625
3315.687530623069,72955.0546875
3315.6889194652244,73026.3515625
3315.6903083076127,73023.1328125
3315.691697149768,73048.7890625
3315.693085992157,72982.8828125
3315.694474834312,73058.5390625
3315.695863676468,73121.2421875
3315.6972525188567,73025.46875
3315.6986413610116,73061.3046875
3315.7000302034003,72937.9296875
3315.701419045556,73071.09375
3315.7028078879443,73056.5625
3315.7041967300997,73061.5546875
3315.705585572489,73083.2890625
3315.7069744146434,73120.390625
3315.7083632570325,73101.25
3315.709752099188,73070.8671875
3315.711140941577,73031.046875
3315.7125297837324,73070.7265625
3315.7139186261206,73085.7890625
3315.7153074682765,73115.0859375
3315.716696310665,73081.890625
3315.718085153053,73093.5078125
3315.719473995209,73144.40625
3315.7208628375975,73176.9140625
3315.7222516797524,73149.4296875
3315.7236405221415,73152.796875
3315.7250293645297,73204.7734375
3315.726418206685,73177.7109375
3315.727807049073,73235.015625
3315.729195891228,73133.2109375
3315.730584733616,73177.09375
3315.7319735760047,73110.6171875
3315.7333624181606,73212.4140625
3315.7347512605484,73193.84375
3315.736140102937,73219.1328125
3315.7375289453257,73238.984375
3315.7389177874807,73218.0078125
3315.7403066298693,73172.1171875
3315.741695472258,73259.046875
3315.7430843144134,73193.1171875
3315.7444731568016,73207.171875
3315.7458619991908,73234.640625
3315.7472508415785,73213.921875
3315.7486396837344,73264.9609375
3315.7500285261226,73178.0078125
3315.751417368511,73218.40625
3315.7528062108995,73331.46875
3315.754195053288,73276.6953125
3315.7555838954436,73223.71875
3315.756972737832,73283.7421875
3315.7583615802205,73282.4375
3315.7597504226082,73222.953125
3315.7611392649974,73311.4609375
3315.7625281073856,73253.375
3315.763916949541,73251.984375
3315.7653057919297,73203.421875
3315.7666946343184,73245.15625
3315.768083476706,73238.84375
3315.769472319095,73228.5859375
3315.7708611614835,73328.5859375
3315.7722500038712,73188.546875
3315.77363884626,73281.0390625
3315.7750276886486,73293.8203125
3315.776416531037,73318.03125
3315.777805373192,73227.921875
3315.7791942155814,73417.921875
3315.7805830579687,73284.2578125
3315.781971900358,73236.78125
3315.783360742746,73267.265625
3315.7847495851333,73230.875
3315.7861384275216,73232.6015625
3315.7875272699102,73227.8984375
3315.788916112298,73212.703125
3315.7903049546867,73286.234375
3315.7916937970754,73251.7734375
3315.7930826394636,73186.7578125
3315.7944714820846,73234.0390625
3315.795860324474,73218.65625
3315.797249166861,73231.2578125
3315.79863800925,73348.796875
3315.8000268516384,73159.421875
3315.8014156940267,73271.078125
3315.8028045364154,73231.2734375
3315.804193378804,73210.3828125
3315.8055822211923,73305.3203125
3315.8069710635805,73227.5703125
3315.808359906202,73186.046875
3315.8097487485898,73140.203125
3315.811137590979,73230.2578125
3315.812526433367,73140.5703125
3315.8139152757553,73192.96875
3315.8153041181436,73190.4375
3315.8166929607655,73135.9140625
3315.8180818031533,73154.828125
3315.819470645542,73158.1484375
3315.8208594879306,73192.53125
3315.8222483303184,73184.6875
3315.82363717294,73196.0
3315.8250260153286,73180.6328125
3315.8264148577173,73092.234375
3315.827803700106,73101.6640625
3315.829192542727,73057.890625
3315.8305813851152,73096.4140625
3315.831970227504,73107.0390625
3315.8333590701245,73069.953125
3315.8347479125136,73148.4453125
3315.836136754902,73014.4609375
3315.837525597523,73031.4375
3315.8389144399116,73070.5703125
3315.8403032822994,73180.375
3315.8416921249195,73041.5546875
3315.843080967308,72994.4453125
3315.844469809697,73077.078125
3315.845858652318,73029.6640625
3315.847247494706,73043.2265625
3315.848636337095,73029.359375
3315.8500251797154,73015.828125
3315.8514140221046,72974.640625
3315.8528028647256,73027.5390625
3315.854191707114,72910.3671875
3315.855580549735,72992.953125
3315.856969392124,72933.2265625
3315.8583582347446,72936.8671875
3315.8597470771333,72876.9453125
3315.861135919522,72972.5078125
3315.8625247621426,72886.5546875
3315.8639136045313,72962.0078125
3315.8653024471528,72884.15625
3315.866691289541,72937.2578125
3315.868080132162,72956.921875
3315.869468974784,72883.3203125
3315.8708578171713,72834.0390625
3315.8722466597933,72831.0625
3315.8736355021815,72834.1953125
3315.8750243448026,72901.6640625
3315.8764131871912,72808.5234375
3315.8778020298128,72778.96875
3315.879190872201,72843.78125
3315.880579714822,72781.8515625
3315.8819685574435,72830.2109375
3315.8833573998313,72842.421875
3315.8847462424533,72810.984375
3315.8861350850743,72808.265625
3315.8875239274626,72811.8125
3315.8889127700836,72703.453125
3315.8903016127056,72808.125
3315.8916904550933,72700.0
3315.893079297715,72711.765625
3315.8944681403364,72757.6171875
3315.895856982724,72728.6796875
3315.897245825345,72726.8125
3315.898634667966,72705.4765625
3315.9000235103535,72753.0
3315.9014123529755,72697.2734375
3315.9028011955966,72657.8671875
3315.9041900382176,72666.078125
3315.905578880606,72703.578125
3315.906967723228,72695.625
3315.9083565658484,72717.125
3315.90974540847,72673.125
3315.911134251091,72645.5
3315.912523093479,72628.1171875
3315.9139119361007,72622.71875
3315.915300778722,72616.2421875
3315.9166896213433,72572.75
3315.9180784639643,72593.3203125
3315.9194673065863,72516.2109375
3315.9208561489736,72660.9921875
3315.9222449915956,72576.796875
3315.9236338342166,72600.328125
3315.9250226768377,72493.625
3315.926411519459,72551.7578125
3315.9278003620807,72600.25
3315.9291892047013,72565.1484375
3315.930578047323,72528.609375
3315.9319668899443,72520.8828125
3315.933355732565,72571.2578125
3315.934744575187,72541.34375
3315.936133417575,72534.203125
3315.937522260196,72607.71875
3315.938911102817,72507.984375
3315.940299945439,72549.796875
3315.94168878806,72448.5
3315.943077630682,72477.2421875
3315.9444664733023,72463.53125
3315.9458553159243,72522.7109375
3315.947244158778,72466.6640625
3315.9486330013992,72516.1484375
3315.9500218440207,72527.640625
3315.9514106866422,72471.6015625
3315.9527995292624,72548.5234375
3315.954188371883,72421.2890625
3315.9555772145045,72467.125
3315.9569660571256,72432.578125
3315.9583548997466,72444.1796875
3315.9597437423686,72413.71875
3315.9611325849887,72458.046875
3315.9625214276107,72426.5234375
3315.9639102704646,72448.3671875
3315.9652991130856,72423.625
3315.966687955707,72463.1875
3315.9680767983286,72461.28125
3315.9694656409497,72425.1171875
3315.9708544835707,72383.546875
3315.972243326425,72299.4140625
3315.9736321690457,72420.8203125
3315.9750210116676,72364.828125
3315.9764098542887,72417.53125
3315.9777986971426,72400.5
3315.9791875397636,72441.8125
3315.9805763823856,72401.5078125
3315.981965225006,72369.78125
3315.9833540678605,72393.4609375
3315.984742910482,72370.8671875
3315.9861317531027,72445.8828125
3315.987520595724,72391.0703125
3315.9889094385785,72360.6640625
3315.9902982811996,72429.2578125
3315.9916871238206,72394.3046875
3315.9930759666754,72427.7109375
3315.9944648092956,72382.5859375
3315.9958536519175,72366.9375
3315.9972424947714,72416.5859375
3315.9986313373925,72356.890625
3316.000020180247,72322.71875
3316.0014090228683,72364.8359375
3316.0027978654894,72355.6875
3316.0041867083432,72345.3828125
3316.0055755509647,72319.484375
3316.006964393818,72229.359375
3316.00835323644,72141.9140625
3316.0097420790607,71991.2421875
3316.0111309219133,71884.890625
3316.012519764535,71761.234375
3316.013908607389,71550.3515625
3316.01529745001,71433.9453125
3316.0166862928645,71214.953125
3316.018075135486,71046.3984375
3316.0194639783394,70839.546875
3316.020852820961,70546.6171875
3316.0222416638153,70302.0234375
3316.023630506436,70127.8359375
3316.0250193492907,69842.6015625
3316.0264081919117,69581.65625
3316.0277970347656,69259.5234375
3316.0291858776195,69055.5703125
3316.0305747202415,68801.921875
3316.031963563095,68517.9140625
3316.0333524057164,68139.1328125
3316.0347412485703,67752.4375
3316.036130091424,67546.8515625
3316.0375189340457,67206.0703125
3316.0389077769,66946.6875
3316.040296619754,66589.84375
3316.041685462375,66093.3515625
3316.0430743052298,65909.3984375
3316.0444631480827,65511.1796875
3316.0458519907047,65093.6328125
3316.0472408335586,64749.640625
3316.0486296764125,64374.69140625
3316.050018519034,64117.4609375
3316.0514073618883,63707.20703125
3316.052796204742,63341.79296875
3316.054185047364,63091.2578125
3316.0555738902176,62690.4140625
3316.056962733072,62307.3125
3316.0583515759263,62002.06640625
3316.0597404187797,61621.93359375
3316.061129261401,61212.69921875
3316.0625181042556,60935.18359375
3316.0639069471094,60591.3515625
3316.0652957899633,60235.19921875
3316.066684632817,59911.31640625
3316.0680734754374,59622.57421875
3316.0694623182912,59317.48046875
3316.070851161146,58979.328125
3316.0722400039995,58704.21484375
3316.073628846854,58388.921875
3316.0750176897077,58104.203125
3316.0764065325616,57837.29296875
3316.077795375183,57620.953125
3316.0791842180374,57336.46875
3316.0805730608913,57134.2734375
3316.081961903745,57070.64453125
3316.0833507466,56846.34765625
3316.084739589453,56701.56640625
3316.0861284323078,56618.734375
3316.0875172751616,56493.55078125
3316.0889061180155,56334.13671875
3316.09029496087,56252.9765625
3316.091683803724,56363.09375
3316.0930726465776,56318.61328125
3316.094461489432,56387.39453125
3316.0958503322863,56408.38671875
3316.0972391751397,56484.03125
3316.0986280179945,56642.1875
3316.1000168608484,56838.30078125
3316.1014057037023,57005.1328125
3316.102794546556,57113.42578125
3316.104183389411,57300.21484375
3316.1055722322644,57580.99609375
3316.1069610751188,57726.76171875
3316.1083499182055,58042.6875
3316.1097387610594,58337.58984375
3316.1111276039137,58497.890625
3316.112516446768,58886.1015625
3316.113905289622,59158.140625
3316.115294132476,59393.1484375
3316.1166829753306,59762.40625
3316.1180718181836,60144.9921875
3316.119460661271,60478.0625
3316.120849504125,60808.11328125
3316.122238346978,61141.296875
3316.123627189832,61467.0078125
3316.125016032686,61834.14453125
3316.1264048757726,62139.51953125
3316.127793718627,62539.52734375
3316.1291825614812,62883.9921875
3316.130571404335,63302.25
3316.131960247422,63652.62890625
3316.1333490902766,63930.796875
3316.1347379331296,64360.73828125
3316.1361267759844,64692.62890625
3316.137515619071,64990.56640625
3316.138904461925,65355.38671875
3316.1402933047793,65741.171875
3316.1416821478665,66067.8125
3316.14307099072,66479.578125
3316.1444598335743,66711.9453125
3316.1458486766614,67135.46875
3316.147237519515,67397.8125
3316.148626362369,67740.4140625
3316.1500152054564,68048.109375
3316.1514040483103,68387.3515625
3316.152792891397,68645.375
3316.154181734252,68895.4375
3316.155570577338,69184.2890625
3316.1569594201924,69534.59375
3316.1583482630463,69862.8125
3316.159737106133,70055.46875
3316.1611259489873,70247.75
3316.1625147920745,70632.9765625
3316.1639036349284,70909.546875
3316.165292478015,70993.0078125
3316.1666813208694,71217.1953125
3316.1680701639566,71491.484375
3316.169459006811,71614.5078125
3316.170847849897,71848.2421875
3316.172236692752,72003.1640625
3316.1736255358387,72160.125
3316.1750143786926,72138.71875
3316.1764032217793,72330.65625
3316.177792064634,72456.453125
3316.17918090772,72465.1171875
3316.180569750806,72494.9765625
3316.1819585936605,72466.2421875
3316.1833474367468,72552.7578125
3316.184736279601,72587.53125
3316.1861251226883,72461.0703125
3316.1875139657745,72489.4921875
3316.1889028086293,72470.7265625
3316.190291651716,72461.328125
3316.1916804948028,72479.1953125
3316.1930693376567,72506.484375
3316.1944581807443,72443.9375
3316.1958470238305,72516.609375
3316.197235866685,72511.296875
3316.1986247097716,72486.109375
3316.2000135528583,72490.28125
3316.2014023959455,72413.6796875
3316.2027912388,72485.984375
3316.2041800818865,72530.8671875
3316.2055689249732,72425.6171875
3316.206957768061,72547.234375
3316.208346610914,72514.15625
3316.2097354540015,72589.6484375
3316.211124297088,72564.53125
3316.212513140175,72544.34375
3316.213901983262,72483.59375
3316.2152908261164,72559.7890625
3316.2166796692027,72575.0859375
3316.21806851229,72541.078125
3316.219457355377,72533.6875
3316.2208461984633,72566.46875
3316.222235041551,72484.8203125
3316.2236238846376,72508.8984375
3316.2250127274915,72528.921875
3316.226401570578,72539.7265625
3316.227790413666,72552.1796875
3316.229179256752,72572.078125
3316.2305680998393,72597.25
3316.231956942926,72487.296875
3316.2333457860127,72568.7265625
3316.2347346290994,72441.7265625
3316.2361234721857,72591.328125
3316.237512315272,72523.6953125
3316.238901158359,72534.390625
3316.2402900014463,72541.328125
3316.241678844533,72539.8828125
3316.2430676876197,72581.8671875
3316.2444565307073,72529.6015625
3316.2458453737936,72500.28125
3316.2472342168808,72533.9453125
3316.2486230599675,72456.9921875
3316.250011903054,72519.6953125
3316.2514007461414,72560.625
3316.2527895892285,72489.5546875
3316.2541784323153,72563.1484375
3316.255567275635,72576.8046875
3316.256956118722,72564.796875
3316.2583449618082,72538.171875
3316.259733804896,72565.140625
3316.2611226479826,72486.078125
3316.2625114910693,72538.6875
3316.2639003341565,72522.7109375
3316.2652891774765,72528.5234375
3316.2666780205627,72576.9921875
3316.26806686365,72529.53125
3316.269455706737,72482.4375
3316.2708445498233,72543.625
3316.2722333929105,72446.515625
3316.2736222362305,72501.5078125
3316.275011079317,72466.8125
3316.276399922404,72631.953125
3316.2777887654916,72530.2578125
3316.2791776088106,72515.1796875
3316.280566451898,72471.703125
3316.2819552949845,72507.953125
3316.283344138304,72548.5390625
3316.2847329813912,72556.21875
3316.2861218244784,72561.0390625
3316.2875106677984,72577.640625
3316.2888995108856,72579.1015625
3316.290288353972,72522.2578125
3316.291677197291,72564.7890625
3316.2930660403777,72593.0
3316.2944548834644,72566.671875
3316.295843726784,72623.7265625
3316.297232569871,72537.5234375
3316.2986214129573,72580.8046875
3316.300010256278,72596.3203125
3316.3013990993645,72614.2421875
3316.302787942684,72617.703125
3316.3041767857712,72536.21875
3316.3055656290912,72472.5859375
3316.3069544721775,72570.453125
3316.3083433152647,72613.9921875
3316.3097321585847,72612.1015625
3316.311121001671,72541.703125
3316.312509844991,72623.6796875
3316.313898688078,72663.1328125
3316.3152875313976,72617.3515625
3316.3166763744844,72630.2265625
3316.318065217805,72546.3984375
3316.319454061124,72666.421875
3316.320842904211,72565.6484375
3316.3222317475306,72644.96875
3316.3236205906173,72587.34375
3316.3250094339373,72578.5625
3316.3263982770245,72648.5078125
3316.327787120344,72669.6796875
3316.3291759636636,72561.0078125
3316.3305648067508,72573.1328125
3316.33195365007,72528.1328125
3316.3333424933903,72584.6171875
3316.334731336477,72675.6640625
3316.3361201797966,72610.1953125
3316.3375090228838,72642.53125
3316.3388978662038,72562.0390625
3316.340286709523,72633.3828125
3316.341675552843,72509.3359375
3316.34306439593,72613.3671875
3316.344453239249,72675.2265625
3316.345842082569,72607.453125
3316.3472309256563,72599.5390625
3316.348619768975,72632.1953125
3316.3500086122945,72633.09375
3316.351397455614,72612.6953125
3316.3527862987007,72523.1484375
3316.3541751420203,72625.890625
3316.3555639853407,72617.6015625
3316.35695282866,72666.1640625
3316.35834167198,72557.453125
3316.3597305153,72597.1875
3316.361119358386,72595.203125
3316.362508201706,72664.9140625
3316.363897045026,72641.8203125
3316.3652858883456,72692.359375
3316.366674731665,72601.71875
3316.3680635749856,72554.453125
3316.3694524183043,72596.90625
3316.370841261392,72699.609375
3316.3722301047114,72652.171875
3316.373618948031,72618.4375
3316.375007791351,72643.1015625
3316.376396634671,72656.1640625
3316.3777854779905,72594.9375
3316.37917432131,72644.375
3316.38056316463,72652.8984375
3316.381952007949,72702.796875
3316.3833408512696,72687.0
3316.384729694589,72629.9453125
3316.3861185379087,72717.53125
3316.3875073812283,72626.9765625
3316.3888962245487,72701.1171875
3316.390285067868,72692.6875
3316.391673911188,72565.859375
3316.393062754508,72769.3828125
3316.394451597827,72707.921875
3316.395840441147,72734.21875
3316.397229284467,72719.609375
3316.3986181280193,72644.84375
3316.400006971339,72677.5625
3316.4013958146593,72682.4609375
3316.402784657979,72668.703125
3316.4041735012984,72642.7109375
3316.405562344617,72729.859375
3316.4069511879366,72647.6640625
3316.408340031257,72649.328125
3316.409728874809,72548.8671875
3316.411117718129,72672.671875
3316.4125065614485,72677.8828125
3316.413895404768,72641.1328125
3316.415284248088,72669.5078125
3316.416673091641,72632.8359375
3316.4180619349604,72689.28125
3316.41945077828,72722.4921875
3316.4208396216,72663.2421875
3316.422228465152,72618.7265625
3316.4236173084723,72680.6875
3316.425006151792,72662.171875
3316.4263949951114,72618.921875
3316.4277838386643,72697.109375
3316.4291726819843,72739.8984375
3316.4305615253033,72725.1640625
3316.431950368856,72690.375
3316.433339212176,72690.5390625
3316.4347280554953,72634.8359375
3316.436116899048,72670.625
3316.437505742368,72631.3359375
3316.4388945859205,72613.8046875
3316.44028342924,72691.078125
3316.4416722725605,72669.296875
3316.443061116112,72730.5859375
3316.4444499594324,72727.8125
3316.445838802985,72672.7890625
3316.4472276463043,72662.953125
3316.4486164896243,72656.9609375
3316.450005333177,72605.875
3316.4513941764967,72646.4296875
3316.452783020049,72734.4296875
3316.454171863369,72724.90625
3316.455560706921,72701.7734375
3316.4569495502415,72666.46875
3316.458338393794,72614.953125
3316.4597272371134,72702.1484375
3316.4611160806653,72645.5625
3316.4625049239844,72671.65625
3316.463893767537,72659.7890625
3316.4652826110896,72718.0625
3316.4666714544096,72721.7109375
3316.468060297962,72691.203125
3316.4694491412815,72700.1328125
3316.4708379848344,72712.4140625
3316.4722268283863,72596.140625
3316.4736156717067,72721.0
3316.475004515259,72647.75
3316.4763933585787,72689.2734375
3316.477782202131,72695.1015625
3316.4791710456843,72653.5390625
3316.4805598890034,72623.953125
3316.4819487325562,72786.6171875
3316.483337576109,72623.7109375
3316.484726419661,72669.59375
3316.486115262981,72696.859375
3316.487504106534,72643.7421875
3316.488892950086,72635.78125
3316.4902817934058,72690.2109375
3316.491670636959,72673.921875
3316.4930594805105,72741.9765625
3316.494448324064,72670.7265625
3316.495837167616,72687.2890625
3316.4972260109357,72640.25
3316.4986148544886,72691.2265625
3316.5000036980414,72651.3515625
3316.5013925415938,72722.40625
3316.502781385146,72686.3125
3316.504170228466,72671.1484375
3316.505559072018,72651.078125
3316.5069479155713,72632.421875
3316.5083367591237,72711.734375
3316.509725602676,72569.7890625
3316.5111144462285,72695.234375
3316.5125032897818,72628.0078125
3316.5138921333337,72699.8515625
3316.5152809768865,72718.765625
3316.5166698202056,72680.125
3316.518058663757,72723.9921875
3316.51944750731,72741.828125
3316.5208363508627,72617.0234375
3316.5222251944156,72768.125
3316.5236140379684,72698.328125
3316.5250028815203,72693.640625
3316.526391725073,72655.8984375
3316.527780568626,72657.4296875
3316.5291694121784,72653.390625
3316.5305582557307,72608.265625
3316.531947099284,72609.2578125
3316.5333359428355,72684.734375
3316.534724786389,72636.5546875
3316.536113630174,72621.9765625
3316.5375024737264,72658.0390625
3316.538891317279,72644.640625
3316.540280160832,72624.9375
3316.5416690043844,72638.59375
3316.543057847937,72629.3359375
3316.5444466914896,72630.484375
3316.5458355350415,72688.921875
3316.547224378595,72547.6640625
3316.54861322238,72617.3984375
3316.5500020659324,72644.3203125
3316.551390909485,72599.5546875
3316.552779753038,72696.5
3316.55416859659,72687.25
3316.5555574403757,72634.7734375
3316.5569462839285,72741.96875
3316.5583351274804,72680.6328125
3316.5597239710332,72723.328125
3316.561112814586,72651.90625
3316.5625016583713,72660.734375
3316.5638905019237,72659.0703125
3316.565279345477,72661.4765625
3316.5666681892612,72637.9140625
3316.5680570328145,72640.75
3316.569445876367,72546.359375
3316.5708347199193,72691.078125
3316.572223563705,72639.328125
3316.573612407257,72614.5703125
3316.575001251041,72564.5703125
3316.576390094594,72675.296875
3316.577778938147,72695.1796875
3316.579167781932,72679.359375
3316.5805566254844,72757.015625
3316.5819454690377,72625.765625
3316.583334312822,72678.4765625
3316.5847231563753,72663.109375
3316.5861120001605,72621.3828125
3316.587500843713,72698.328125
3316.5888896874985,72685.25
3316.5902785310514,72645.3515625
3316.5916673746033,72602.1640625
3316.593056218389,72610.6875
3316.5944450619418,72709.3125
3316.5958339057265,72625.859375
3316.59722274928,72659.4296875
3316.598611593065,72689.0546875
3316.6000004366174,72697.578125
3316.6013892804026,72666.1640625
3316.6027781241887,72718.2109375
3316.6041669677406,72695.7265625
3316.6055558115263,72664.734375
3316.6069446550787,72729.71875
3316.608333498864,72729.7578125
3316.6097223424167,72670.9609375
3316.6111111862024,72778.390625
3316.6125000299876,72632.3046875
3316.61388887354,72748.8828125
3316.615277717326,72638.25
3316.6166665611104,72629.4921875
3316.6180554046637,72681.609375
3316.619444248449,72571.96875
3316.620833092234,72779.828125
3316.622221935787,72649.9375
3316.6236107795726,72653.0390625
3316.6249996233573,72717.7109375
3316.62638846691,72754.6953125
3316.627777310696,72595.421875
3316.6291661544806,72753.7578125
3316.630554998266,72666.0
3316.631943841818,72622.828125
3316.6333326856025,72694.6953125
3316.6347215293886,72723.3203125
3316.636110373174,72683.6640625
3316.637499216726,72766.0
3316.638888060512,72712.5078125
3316.6402769042975,72596.046875
3316.6416657480827,72685.921875
3316.643054591869,72673.125
3316.6444434356536,72654.96875
3316.6458322792064,72700.1640625
3316.647221122992,72688.7734375
3316.648609966777,72713.6640625
3316.6499988105625,72703.6796875
3316.651387654348,72704.375
3316.6527764981333,72752.78125
3316.6541653419185,72713.1953125
3316.6555541857047,72616.859375
3316.656943029489,72697.3671875
3316.658331873275,72719.984375
3316.6597207170603,72712.3515625
3316.6611095608455,72720.125
3316.662498404631,72593.5
3316.663887248417,72739.796875
3316.665276092202,72672.2265625
3316.6666649359872,72678.3203125
3316.668053779773,72664.421875
3316.6694426235576,72717.6171875
3316.6708314673438,72687.3125
3316.672220311129,72745.28125
3316.673609154914,72717.7890625
3316.6749979986994,72701.0234375
3316.6763868424855,72754.875
3316.6777756862703,72783.0625
3316.679164530056,72694.3515625
3316.680553373841,72612.7109375
3316.6819422176263,72704.1171875
3316.683331061412,72632.515625
3316.6847199054305,72703.484375
3316.686108749215,72733.796875
3316.687497593,72718.9140625
3316.688886436785,72665.9375
3316.6902752805704,72718.1328125
3316.6916641243556,72729.1953125
3316.6930529683746,72756.3046875
3316.6944418121593,72707.640625
3316.695830655945,72695.328125
3316.69721949973,72786.8515625
3316.6986083435154,72719.765625
3316.699997187534,72669.15625
3316.7013860313195,72810.7265625
3316.7027748751048,72709.0078125
3316.704163719123,72696.8828125
3316.705552562909,72644.828125
3316.706941406693,72742.1484375
3316.7083302504793,72723.171875
3316.7097190944974,72743.03125
3316.7111079382826,72678.34375
3316.7124967820682,72784.75
3316.7138856260867,72685.109375
3316.7152744698715,72770.6796875
3316.71666331389,72688.0390625
3316.7180521576756,72640.7109375
3316.7194410014604,72721.8125
3316.7208298454793,72770.7421875
3316.7222186892645,72695.5859375
3316.7236075332826,72756.1796875
3316.724996377068,72745.0703125
3316.726385220854,72675.5546875
3316.7277740648715,72654.0546875
3316.729162908657,72768.484375
3316.730551752675,72592.5
3316.7319405964604,72782.359375
3316.733329440479,72716.34375
3316.7347182842645,72699.4921875
3316.7361071282826,72673.4296875
3316.737495972068,72715.1796875
3316.7388848160867,72620.390625
3316.740273659871,72701.5
3316.74166250389,72722.7578125
3316.7430513479076,72746.8984375
3316.744440191692,72728.453125
3316.7458290357104,72711.453125
3316.7472178794956,72714.9296875
3316.7486067235136,72760.484375
3316.749995567532,72740.6015625
3316.7513844113178,72741.7421875
3316.752773255336,72639.78125
3316.754162099121,72610.984375
3316.7555509431395,72654.015625
3316.756939787157,72786.90625
3316.758328630943,72675.640625
3316.7597174749612,72738.28125
3316.76110631898,72648.7421875
3316.7624951627654,72639.796875
3316.7638840067834,72696.5
3316.7652728508015,72711.421875
3316.7666616948204,72726.859375
3316.768050538605,72670.0625
3316.7694393826237,72736.3828125
3316.7708282266417,72717.421875
3316.7722170706597,72654.34375
3316.7736059146782,72641.4921875
3316.774994758464,72619.8125
3316.776383602482,72762.6875
3316.7777724465,72618.4375
3316.779161290519,72666.765625
3316.780550134536,72672.75
3316.781938978322,72724.4296875
3316.78332782234,72733.2890625
3316.7847166663582,72627.6171875
3316.7861055103767,72708.7578125
3316.787494354395,72644.1640625
3316.788883198413,72705.2265625
3316.7902720424313,72704.8359375
3316.79166088645,72687.8515625
3316.7930497304674,72613.6953125
3316.7944385744863,72741.46875
3316.7958274182715,72712.8984375
3316.7972162622896,72666.1171875
3316.798605106307,72666.28125
3316.7999939503247,72645.015625
3316.8013827943428,72720.390625
3316.8027716383613,72608.5703125
3316.8041604823798,72705.2734375
3316.8055493263973,72630.0625
3316.806938170416,72682.484375
3316.8083270144343,72705.7421875
3316.8097158586847,72684.9375
3316.8111047027032,72650.4921875
3316.8124935467217,72608.2265625
3316.8138823907398,72771.9140625
3316.815271234758,72704.375
3316.8166600787767,72708.8359375
3316.8180489227943,72651.0078125
3316.819437766813,72657.671875
3316.820826610831,72736.078125
3316.822215454849,72648.9609375
3316.8236042991,72745.4296875
3316.8249931431187,72642.4375
3316.8263819871368,72676.0390625
3316.827770831155,72678.546875
3316.8291596751733,72667.7421875
3316.8305485194237,72539.9296875
3316.8319373634426,72656.8203125
3316.8333262074607,72665.390625
3316.8347150514787,72710.1953125
3316.836103895497,72705.5625
3316.8374927397485,72616.203125
3316.838881583766,72616.4609375
3316.8402704277846,72590.75
3316.841659272036,72686.4921875
3316.8430481160535,72702.109375
3316.844436960072,72653.0859375
3316.8458258043233,72683.828125
3316.8472146483414,72729.5546875
3316.8486034923594,72718.3046875
3316.849992336611,72648.0859375
3316.851381180629,72740.7734375
3316.8527700246473,72632.671875
3316.854158868898,72755.7890625
3316.8555477129153,72666.5546875
3316.8569365569333,72686.6953125
3316.8583254011846,72640.8203125
3316.859714245202,72695.6640625
3316.8611030894535,72668.15625
3316.862491933472,72754.015625
3316.863880777723,72772.8046875
3316.865269621741,72639.21875
3316.8666584659927,72725.0390625
3316.86804731001,72667.140625
3316.869436154029,72753.2734375
3316.8708249982797,72674.828125
3316.8722138422977,72658.9765625
3316.873602686549,72689.15625
3316.8749915308003,72744.2109375
3316.8763803748184,72627.90625
3316.8777692190693,72621.6484375
3316.8791580630877,72674.0078125
3316.880546907339,72635.1328125
3316.8819357513576,72741.34375
3316.883324595608,72734.0
3316.8847134398598,72610.375
3316.886102283878,72711.3125
3316.8874911281287,72653.21875
3316.8888799721467,72641.9140625
3316.8902688163985,72694.765625
3316.891657660649,72694.59375
3316.8930465046674,72662.0859375
3316.8944353489183,72712.15625
3316.895824193169,72616.2734375
3316.8972130371876,72660.8671875
3316.898601881439,72754.6875
3316.89999072569,72740.15625
3316.9013795699407,72607.7734375
3316.9027684139596,72681.9296875
3316.9041572582096,72729.8359375
3316.9055461024614,72661.671875
3316.906934946712,72768.640625
3316.9083237907303,72663.7578125
3316.9097126349816,72702.2578125
3316.911101479233,72659.59375
3316.912490323483,72742.1875
3316.9138791677333,72674.5390625
3316.9152680119846,72636.828125
3316.9166568560026,72697.4765625
3316.9180457002535,72708.9453125
3316.919434544505,72632.2421875
3316.9208233887553,72696.1015625
3316.922212233007,72731.4453125
3316.923601077258,72809.640625
3316.9249899215088,72625.8671875
3316.92637876576,72659.578125
3316.9277676097786,72658.1875
3316.929156454029,72705.953125
3316.9305452982803,72785.03125
3316.9319341425316,72714.8515625
3316.933322986782,72665.1015625
3316.9347118310334,72747.625
3316.9361006752847,72673.1484375
3316.9374895195356,72753.1484375
3316.9388783637864,72723.609375
3316.940267208038,72656.6953125
3316.9416560522886,72652.09375
3316.94304489654,72647.78125
3316.944433740791,72694.6953125
3316.9458225850417,72647.703125
3316.947211429526,72621.3515625
3316.948600273777,72724.2265625
3316.949989118028,72674.3125
3316.951377962279,72753.859375
3316.9527668065302,72635.0859375
3316.9541556507806,72631.21875
3316.9555444950324,72651.2109375
3316.9569333392833,72676.3125
3316.958322183534,72662.6796875
3316.959711028018,72720.4375
3316.9610998722696,72687.90625
3316.96248871652,72725.375
3316.9638775607714,72667.1484375
3316.9652664050227,72742.5859375
3316.966655249506,72585.046875
3316.968044093757,72682.1484375
3316.9694329380072,72629.0546875
3316.9708217822576,72709.046875
3316.9722106267423,72666.28125
3316.973599470993,72602.265625
3316.974988315244,72690.5390625
3316.976377159495,72747.3984375
3316.9777660039795,72673.5234375
3316.97915484823,72675.1015625
3316.980543692481,72663.234375
3316.9819325369654,72662.1328125
3316.983321381216,72713.5859375
3316.984710225467,72704.3671875
3316.9860990699513,72730.171875
3316.987487914202,72624.71875
3316.988876758453,72622.640625
3316.9902656029376,72625.9765625
3316.9916544471876,72652.875
3316.993043291672,72619.921875
3316.994432135923,72705.8046875
3316.995820980174,72730.59375
3316.997209824658,72702.703125
3316.9985986689094,72696.1328125
3316.999987513393,72553.640625
3317.001376357644,72691.0703125
3317.002765202128,72731.46875
3317.0041540463794,72655.5625
3317.0055428908636,72650.171875
3317.006931735114,72653.5625
3317.008320579598,72663.8046875
3317.0097094238495,72657.9296875
3317.011098268333,72636.484375
3317.012487112584,72699.265625
3317.0138759570686,72683.15625
3317.015264801552,72736.9765625
3317.016653645803,72625.40625
3317.018042490287,72647.78125
3317.019431334538,72678.9375
3317.020820179022,72680.90625
3317.022209023506,72603.484375
3317.023597867757,72704.9921875
3317.0249867122398,72670.9453125
3317.0263755567235,72669.5390625
3317.0277644009743,72678.6328125
3317.029153245458,72677.296875
3317.0305420899426,72626.9921875
3317.0319309341926,72580.984375
3317.033319778677,72664.71875
3317.034708623161,72639.3671875
3317.0360974676446,72631.4296875
3317.037486311896,72716.90625
3317.03887515638,72735.265625
3317.0402640008638,72597.046875
3317.0416528453475,72627.3046875
3317.043041689599,72677.21875
3317.044430534082,72690.921875
3317.0458193785666,72645.609375
3317.0472082230503,72616.28125
3317.048597067534,72608.21875
3317.049985911785,72711.546875
3317.0513747562695,72712.359375
3317.0527636007528,72658.640625
3317.054152445237,72656.1015625
3317.055541289721,72650.1015625
3317.0569301342043,72659.171875
3317.0583189786885,72594.3828125
3317.0597078231726,72622.3671875
3317.0610966676563,72650.9296875
3317.062485511907,72693.953125
3317.063874356392,72664.59375
3317.0652632008746,72647.6015625
3317.066652045359,72566.6640625
3317.068040889843,72637.3671875
3317.0694297343266,72674.0703125
3317.0708185788108,72623.0625
3317.072207423295,72610.3203125
3317.0735962677786,72566.53125
3317.0749851122623,72687.015625
3317.0763739567465,72627.7734375
3317.0777628012297,72637.0703125
3317.0791516457143,72647.3984375
3317.0805404904304,72633.2890625
3317.0819293349127,72637.265625
3317.0833181793973,72619.3046875
3317.084707023881,72588.09375
3317.0860958683647,72711.1484375
3317.087484712849,72689.796875
3317.088873557333,72597.2578125
3317.0902624018163,72649.328125
3317.0916512463004,72646.0390625
3317.0930400910174,72670.3984375
3317.0944289355007,72611.671875
3317.0958177799853,72657.9140625
3317.097206624469,72566.8359375
3317.0985954689527,72588.2734375
3317.099984313669,72674.2265625
3317.101373158154,72645.453125
3317.102762002637,72672.15625
3317.104150847121,72689.2109375
3317.1055396918377,72650.3515625
3317.1069285363214,72639.5234375
3317.1083173808056,72640.5859375
3317.1097062252898,72645.3515625
3317.1110950700063,72564.421875
3317.11248391449,72679.2109375
3317.1138727589746,72644.03125
3317.11526160369,72628.09375
3317.116650448175,72605.6796875
3317.1180392926585,72656.8828125
3317.119428137375,72676.0078125
3317.120816981859,72664.453125
3317.1222058263434,72756.8359375
3317.1235946710594,72655.90625
3317.1249835155436,72664.046875
3317.1263723602606,72587.390625
3317.1277612047447,72689.6015625
3317.1291500494617,72660.515625
3317.130538893945,72602.75
3317.131927738429,72603.5703125
3317.133316583146,72580.96875
3317.13470542763,72603.6640625
3317.1360942723463,72656.046875
3317.13748311683,72576.3046875
3317.1388719615456,72674.3828125
3317.1402608060293,72696.21875
3317.141649650747,72642.5703125
3317.14303849523,72582.078125
3317.144427339947,72660.7734375
3317.145816184664,72556.6953125
3317.1472050291472,72665.7421875
3317.1485938738642,72626.1328125
3317.1499827183484,72614.1796875
3317.151371563065,72598.8984375
3317.1527604077814,72713.6953125
3317.154149252266,72584.234375
3317.1555380969817,72719.7890625
3317.1569269414663,72758.296875
3317.158315786183,72598.46875
3317.1597046308993,72638.0546875
3317.1610934753835,72648.3671875
3317.1624823201005,72650.484375
3317.163871164817,72685.3515625
3317.1652600095335,72637.203125
3317.1666488540177,72676.8828125
3317.1680376987338,72663.296875
3317.169426543451,72648.171875
3317.170815387935,72706.2734375
3317.1722042326514,72688.75
3317.173593077368,72642.7890625
3317.1749819220854,72706.5078125
3317.1763707668015,72635.2421875
3317.1777596112856,72691.8125
3317.1791484560026,72582.671875
3317.1805373007187,72659.671875
3317.1819261454357,72725.7734375
3317.1833149901527,72636.4609375
3317.184703834869,72659.703125
3317.186092679353,72651.5
3317.1874815240703,72666.0234375
3317.188870368786,72660.1328125
3317.1902592135034,72749.109375
3317.19164805822,72691.34375
3317.1930369029365,72687.0859375
3317.194425747653,72735.2890625
3317.1958145923686,72712.265625
3317.197203437085,72667.359375
3317.198592281802,72736.6796875
3317.199981126519,72681.71875
3317.2013699712356,72679.203125
3317.202758815952,72703.3203125
3317.2041476606696,72688.4453125
3317.205536505385,72617.8203125
3317.2069253501027,72684.4921875
3317.208314194819,72630.5
3317.2097030395357,72710.703125
3317.2110918842527,72598.1484375
3317.2124807289697,72585.515625
3317.2138695736858,72699.3984375
3317.2152584184028,72696.8203125
3317.2166472631197,72715.421875
3317.218036107836,72691.71875
3317.2194249525533,72693.7109375
3317.2208137975026,72729.6015625
3317.222202642219,72707.8046875
3317.2235914869357,72658.6171875
3317.224980331653,72642.5625
3317.226369176369,72652.96875
3317.227758021086,72749.21875
3317.2291468660355,72649.8359375
3317.230535710752,72702.0703125
3317.231924555469,72594.3203125
3317.233313400186,72629.078125
3317.2347022449026,72692.1640625
3317.236091089852,72671.921875
3317.2374799345694,72671.3671875
3317.238868779285,72740.4375
3317.2402576240024,72726.375
3317.241646468952,72669.0
3317.2430353136683,72719.75
3317.2444241583853,72657.1796875
3317.245813003335,72720.65625
3317.247201848051,72723.21875
3317.248590692768,72718.765625
3317.2499795377175,72714.90625
3317.251368382433,72622.8046875
3317.2527572271497,72633.203125
3317.2541460720995,72711.75
3317.2555349168165,72653.40625
3317.2569237617663,72642.90625
3317.2583126064824,72678.953125
3317.2597014512,72647.125
3317.261090296149,72700.28125
3317.2624791408657,72657.125
3317.263867985815,72629.453125
3317.2652568305325,72620.546875
3317.2666456754814,72615.875
3317.2680345201984,72587.8515625
3317.2694233651478,72674.953125
3317.2708122098643,72654.5625
3317.272201054814,72699.5
3317.273589899531,72619.609375
3317.2749787444804,72697.8515625
3317.276367589197,72669.7265625
3317.2777564341472,72663.1875
3317.2791452790957,72643.1171875
3317.280534123813,72631.4765625
3317.2819229687625,72689.3671875
3317.283311813479,72620.46875
3317.284700658429,72678.5234375
3317.2860895033787,72626.34375
3317.2874783480947,72678.421875
3317.2888671930446,72609.265625
3317.2902560379944,72614.6171875
3317.2916448827104,72723.8984375
3317.2930337276607,72592.7734375
3317.29442257261,72675.828125
3317.2958114173266,72704.234375
3317.297200262276,72709.53125
3317.2985891072262,72653.5546875
3317.299977952175,72659.1015625
3317.301366796892,72668.8359375
3317.3027556418415,72606.7421875
3317.304144486791,72697.0625
3317.3055333317407,72678.21875
3317.3069221764567,72626.171875
3317.308311021405,72664.5625
3317.3096998663555,72571.4375
3317.311088711305,72677.1953125
3317.312477556254,72569.9140625
3317.3138664009707,72587.921875
3317.315255245921,72674.9921875
3317.31664409087,72720.5703125
3317.3180329358197,72623.03125
3317.319421780769,72618.9609375
3317.3208106257184,72555.6015625
3317.3221994706682,72575.734375
3317.323588315618,72563.84375
3317.3249771605674,72598.8828125
3317.326366005517,72776.5078125
3317.3277548502338,72623.8515625
3317.3291436951827,72671.9765625
3317.330532540133,72689.390625
3317.3319213850823,72614.4375
3317.3333102300317,72729.5625
3317.3346990749815,72699.578125
3317.3360879199313,72587.4765625
3317.33747676488,72571.9296875
3317.33886560983,72582.2734375
3317.34025445478,72566.8203125
3317.3416432999616,72599.6484375
3317.3430321449114,72618.8046875
3317.344420989861,72549.078125
3317.3458098348106,72536.546875
3317.34719867976,72620.578125
3317.34858752471,72611.4140625
3317.349976369659,72724.953125
3317.351365214609,72608.40625
3317.3527540595583,72599.7109375
3317.3541429047405,72616.84375
3317.3555317496903,72651.09375
3317.35692059464,72607.328125
3317.3583094395894,72595.609375
3317.359698284539,72577.953125
3317.3610871294886,72485.34375
3317.36247597467,72533.078125
3317.363864819619,72623.5703125
3317.365253664569,72564.5625
3317.3666425095175,72598.5078125
3317.3680313547006,72524.2421875
3317.36942019965,72513.734375
3317.3708090445994,72608.5703125
3317.372197889549,72541.765625
3317.373586734732,72524.1796875
3317.374975579681,72581.4921875
3317.3763644246305,72640.375
3317.377753269813,72561.9609375
3317.379142114762,72568.3828125
3317.3805309597124,72553.953125
3317.3819198048946,72506.3515625
3317.383308649845,72600.7109375
3317.384697495027,72671.3203125
3317.3860863399764,72552.53125
3317.3874751849257,72640.328125
3317.388864030109,72597.65625
3317.3902528750577,72507.3515625
3317.3916417202404,72601.9921875
3317.3930305651897,72614.6484375
3317.394419410372,72592.359375
3317.3958082553218,72549.4921875
3317.3971971002716,72594.109375
3317.3985859454538,72510.9453125
3317.399974790403,72583.828125
3317.401363635586,72594.65625
3317.4027524807675,72639.921875
3317.404141325718,72668.7578125
3317.4055301709,72639.28125
3317.4069190158493,72531.109375
3317.408307861032,72621.3984375
3317.409696705982,72658.15625
3317.4110855511635,72528.390625
3317.412474396346,72542.6796875
3317.413863241296,72592.2109375
3317.4152520864777,72672.8125
3317.416640931428,72631.140625
3317.41802977661,72590.359375
3317.4194186217915,72578.125
3317.420807466741,72662.2109375
3317.422196311923,72715.34375
3317.423585157105,72641.9453125
3317.424974002055,72639.078125
3317.4263628472377,72656.609375
3317.4277516924194,72631.2265625
3317.429140537602,72594.7265625
3317.430529382552,72615.9296875
3317.4319182277336,72535.171875
3317.4333070729163,72633.6484375
3317.434695918099,72691.6328125
3317.4360847630483,72644.03125
3317.4374736082304,72623.7578125
3317.4388624534135,72699.2109375
3317.4402512985953,72606.640625
3317.441640143778,72567.21875
3317.4430289887273,72650.640625
3317.4444178339095,72640.3203125
3317.445806679092,72682.109375
3317.447195524275,72617.0078125
3317.448584369457,72625.015625
3317.449973214639,72660.9609375
3317.451362059822,72570.796875
3317.4527509050035,72653.7890625
3317.4541397501866,72593.375
3317.455528595136,72644.015625
3317.456917440318,72609.2578125
3317.458306285501,72614.96875
3317.4596951306835,72551.5625
3317.461083975865,72579.265625
3317.462472821048,72702.875
3317.4638616662305,72629.1484375
3317.4652505114123,72584.640625
3317.466639356595,72605.390625
3317.4680282017775,72568.234375
3317.4694170469597,72594.015625
3317.470805892142,72635.9453125
3317.472194737558,72626.859375
3317.473583582739,72652.0546875
3317.4749724279222,72643.90625
3317.476361273104,72649.21875
3317.4777501182853,72608.046875
3317.479138963468,72546.4765625
3317.4805278086505,72647.78125
3317.4819166538323,72612.8125
3317.483305499015,72644.578125
3317.4846943444304,72679.0
3317.4860831896126,72642.2890625
3317.487472034795,72595.4296875
3317.488860879978,72584.7421875
3317.490249725159,72591.8984375
3317.491638570575,72574.4453125
3317.4930274157573,72639.6015625
3317.4944162609395,72637.8046875
3317.495805106122,72588.1796875
3317.497193951305,72672.8671875
3317.49858279672,72707.6015625
3317.499971641902,72569.3515625
3317.5013604870846,72552.34375
3317.502749332499,72612.1875
3317.5041381776823,72539.625
3317.5055270228645,72616.0703125
3317.5069158682795,72689.84375
3317.5083047134617,72606.2734375
3317.509693558645,72604.515625
3317.51108240406,72593.6640625
3317.512471249243,72530.75
3317.5138600944247,72607.625
3317.51524893984,72616.0390625
3317.5166377850223,72594.8671875
3317.5180266304374,72601.25
3317.51941547562,72634.1875
3317.5208043208027,72657.8671875
3317.5221931662177,72624.296875
3317.5235820114,72583.7734375
3317.5249708568153,72615.6015625
3317.526359701997,72562.5390625
3317.527748547413,72569.5546875
3317.529137392595,72597.0625
3317.53052623801,72590.6953125
3317.5319150831924,72733.84375
3317.5333039286065,72562.5390625
3317.5346927737887,72529.6953125
3317.536081619204,72625.7265625
3317.5374704646197,72558.8359375
3317.538859309802,72445.890625
3317.540248155217,72510.4140625
3317.5416370003995,72595.46875
3317.543025845814,72495.2890625
3317.54441469123,72677.7109375
3317.545803536412,72618.0234375
3317.5471923818272,72585.65625
3317.5485812272423,72613.8046875
3317.5499700724254,72557.7265625
3317.55135891784,72546.8203125
3317.5527477632554,72562.2578125
3317.554136608438,72598.203125
3317.5555254538526,72603.8046875
3317.556914299268,72489.9375
3317.5583031444507,72548.9140625
3317.5596919898658,72555.59375
3317.561080835281,72501.5546875
3317.5624696806967,72512.8984375
3317.563858526111,72545.9765625
3317.565247371294,72560.453125
3317.566636216709,72476.390625
3317.568025062124,72588.625
3317.5694139075395,72602.21875
3317.570802752955,72557.890625
3317.572191598137,72503.3515625
3317.573580443552,72690.1796875
3317.5749692889676,72508.03125
3317.576358134382,72577.453125
3317.577746979798,72436.3515625
3317.579135825213,72525.484375
3317.580524670628,72374.4140625
3317.581913516043,72521.609375
3317.583302361459,72586.5234375
3317.584691206641,72523.625
3317.5860800520563,72416.1484375
3317.587468897472,72552.140625
3317.588857742886,72544.5546875
3317.5902465883005,72430.5703125
3317.591635433716,72559.6640625
3317.5930242791305,72467.375
3317.5944131245465,72387.0390625
3317.5958019699615,72494.984375
3317.5971908153765,72505.3984375
3317.5985796607915,72496.4609375
3317.5999685062075,72507.8984375
3317.601357351855,72523.625
3317.6027461972703,72521.4765625
3317.6041350426854,72572.046875
3317.6055238881004,72452.0625
3317.606912733516,72468.8203125
3317.6083015789313,72451.8125
3317.6096904243464,72530.53125
3317.6110792697614,72545.09375
3317.6124681151773,72409.078125
3317.6138569608243,72514.921875
3317.61524580624,72410.6171875
3317.616634651655,72494.3046875
3317.61802349707,72470.515625
3317.6194123424857,72482.515625
3317.620801188134,72484.9921875
3317.6221900335486,72489.234375
3317.623578878964,72347.2890625
3317.6249677243795,72413.3359375
3317.626356570027,72477.4140625
3317.627745415443,72461.328125
3317.629134260858,72442.1953125
3317.6305231065057,72433.4453125
3317.6319119519208,72486.703125
3317.6333007973367,72432.2734375
3317.6346896427513,72452.6171875
3317.6360784883996,72436.9921875
3317.6374673338146,72289.4375
3317.6388561794624,72118.4921875
3317.640245024878,72132.9140625
3317.6416338702934,71832.328125
3317.6430227159417,71697.5
3317.6444115613563,71394.8359375
3317.6458004067704,71108.28125
3317.6471892524187,70814.5234375
3317.648578097834,70588.015625
3317.649966943482,70171.046875
3317.651355788897,69819.1171875
3317.652744634546,69423.515625
3317.65413347996,69014.8515625
3317.6555223256087,68512.1875
3317.6569111710237,68111.8828125
3317.6583000166715,67557.609375
3317.659688862087,67172.765625
3317.6610777077353,66694.8671875
3317.6624665531504,66120.140625
3317.663855398798,65687.7109375
3317.6652442442137,65253.609375
3317.666633089861,64653.38671875
3317.66802193551,64122.1015625
3317.669410780925,63638.1796875
3317.6721884719877,62445.46875
3317.6735773176365,61855.38671875
3317.674966163284,61289.2890625
3317.6777438543477,60135.41015625
3317.679132699995,59438.01953125
3317.6805215454106,58844.953125
3317.681910391059,58238.046875
3317.6846880823546,56999.0859375
3317.6860769277705,56366.41796875
3317.6874657734174,55795.6171875
3317.688854619066,55191.09375
3317.691632310129,53859.6953125
3317.6930211557774,53249.8125
3317.6957988470735,51992.859375
3317.698576538137,50775.53125
3317.6999653837843,50160.30078125
3317.701354229432,49562.01171875
3317.70274307508,48904.796875
3317.704131920727,48301.86328125
3317.7055207663757,47819.3125
3317.7082984576714,46603.828125
3317.709687303087,46144.84765625
3317.711076148735,45542.8125
3317.7124649943826,45066.3125
3317.713853840031,44549.92578125
3317.715242685679,44172.4765625
3317.7166315313266,43744.92578125
3317.7180203769753,43328.03125
3317.719409222623,42877.2265625
3317.720798068271,42501.0859375
3317.722186913919,42150.5390625
3317.7235757595677,41998.47265625
3317.724964605215,41617.4375
3317.7263534508634,41484.75
3317.727742296511,41254.0390625
3317.729131142159,41117.66796875
3317.73051998804,41105.828125
3317.7319088336885,40950.9296875
3317.7332976793364,40928.984375
3317.734686524984,40967.3671875
3317.736075370633,41037.0859375
3317.73746421628,41083.46875
3317.7388530619287,41314.9140625
3317.7402419075765,41532.74609375
3317.7416307534572,41697.03125
3317.7430195991055,41966.8046875
3317.744408444754,42278.61328125
3317.7457972904012,42537.88671875
3317.7471861360495,42963.55078125
3317.7485749819307,43350.18359375
3317.749963827578,43757.51953125
3317.751352673227,44173.2265625
3317.7527415188747,44629.046875
3317.7541303647554,45121.88671875
3317.756908056052,46155.3359375
3317.758296901699,46648.0625
3317.759685747579,47247.48046875
3317.7610745932275,47830.74609375
3317.763852284756,48995.734375
3317.7652411304043,49614.90234375
3317.7666299762845,50281.8828125
3317.768018821933,50883.79296875
3317.769407667581,51460.6171875
3317.770796513462,52060.21484375
3317.7721853591097,52704.44140625
3317.7735742049913,53313.73046875
3317.774963050639,53948.34765625
3317.776351896288,54569.4765625
3317.7791295878164,55785.95703125
3317.781907279345,57117.55078125
3317.783296125226,57772.57421875
3317.7846849708744,58350.05078125
3317.7860738167547,58946.890625
3317.788851508284,60163.80078125
3317.791629199813,61419.171875
3317.7930180456938,61981.34375
3317.7944068913416,62540.2109375
3317.7957957372223,63099.79296875
3317.797184582871,63615.53125
3317.7985734287513,64143.97265625
3317.7999622746324,64730.73046875
3317.8013511202803,65216.5234375
3317.802739966161,65851.6875
3317.804128812042,66275.9140625
3317.8055176576904,66798.078125
3317.806906503571,67257.6640625
3317.808295349452,67651.0859375
3317.8096841951005,68212.4296875
3317.8110730409803,68502.0859375
3317.812461886862,69005.171875
3317.813850732742,69364.890625
3317.815239578389,69716.09375
3317.81662842427,70138.171875
3317.818017270151,70497.890625
3317.8194061160316,70764.203125
3317.82079496168,71043.1640625
3317.822183807561,71447.390625
3317.8235726534417,71571.734375
3317.8249614993224,71849.59375
3317.826350345204,72077.3125
3317.8277391910838,72223.3046875
3317.8291280367325,72380.0078125
3317.830516882613,72363.6015625
3317.831905728494,72392.9296875
3317.833294574375,72436.7109375
3317.834683420256,72397.296875
3317.8360722661364,72372.2421875
3317.8374611120175,72415.9375
3317.8388499578987,72510.265625
3317.840238803779,72464.0078125
3317.84162764966,72469.109375
3317.843016495541,72435.03125
3317.844405341422,72425.1015625
3317.8457941873025,72433.7578125
3317.847183033184,72450.265625
3317.8485718790644,72406.5859375
3317.8499607249455,72416.71875
3317.851349570826,72482.953125
3317.852738416707,72478.921875
3317.854127262588,72434.578125
3317.855516108469,72430.796875
3317.85690495435,72438.0390625
3317.8582938002305,72439.8515625
3317.8596826461117,72410.984375
3317.861071491992,72495.0234375
3317.8624603378735,72334.109375
3317.863849183987,72407.0
3317.8652380298677,72365.6015625
3317.866626875749,72378.640625
3317.86801572163,72378.1796875
3317.86940456751,72433.5625
3317.8707934133904,72492.0078125
3317.872182259504,72381.0
3317.8735711053846,72423.8984375
3317.8749599512653,72374.5859375
3317.8763487971464,72400.28125
3317.8777376432595,72405.5546875
3317.879126489141,72307.125
3317.8805153350218,72404.765625
3317.8819041809024,72432.046875
3317.8832930270164,72396.0703125
3317.8846818728975,72476.9609375
3317.886070718778,72490.34375
3317.8874595648917,72417.2421875
3317.888848410773,72455.6328125
3317.890237256653,72409.4140625
3317.891626102767,72472.6875
3317.893014948648,72366.0546875
3317.894403794529,72474.171875
3317.8957926406424,72478.84375
3317.897181486524,72403.390625
3317.8985703326366,72416.3671875
3317.899959178518,72438.1328125
3317.9013480246317,72472.0859375
3317.9027368705124,72448.921875
3317.9041257163935,72464.65625
3317.9055145625075,72427.3203125
3317.906903408388,72433.53125
3317.9082922545017,72386.8984375
3317.909681100383,72481.0703125
3317.911069946497,72470.109375
3317.912458792378,72457.140625
3317.913847638491,72551.390625
3317.9152364843726,72441.0859375
3317.916625330486,72535.9296875
3317.9180141765996,72434.7734375
3317.9194030224803,72462.296875
3317.9207918685947,72558.7265625
3317.922180714475,72454.6171875
3317.923569560589,72485.640625
3317.9249584067024,72476.859375
3317.926347252582,72512.125
3317.9277360986957,72453.421875
3317.9291249448097,72533.140625
3317.93051379069,72465.671875
3317.931902636804,72500.9609375
3317.933291482918,72472.9921875
3317.9346803287985,72513.390625
3317.936069174912,72545.5703125
3317.9374580210265,72504.2734375
3317.9388468669067,72545.9609375
3317.9402357130207,72527.90625
3317.941624559134,72611.828125
3317.9430134052477,72527.84375
3317.9444022513617,72603.90625
3317.945791097243,72534.8515625
3317.9471799433563,72626.125
3317.94856878947,72607.015625
3317.949957635584,72524.921875
3317.951346481697,72575.921875
3317.9527353275785,72597.15625
3317.954124173692,72621.1328125
3317.9555130198055,72535.140625
3317.9569018659195,72533.375
3317.9582907120334,72674.234375
3317.9596795581465,72589.40625
3317.9610684042605,72618.984375
3317.9624572503744,72571.78125
3317.9638460964875,72562.7578125
3317.9652349426015,72638.796875
3317.9666237887154,72664.8671875
3317.968012634596,72655.3984375
3317.9694014807096,72692.2578125
3317.970790326824,72654.3984375
3317.972179172937,72669.03125
3317.973568019051,72548.5546875
3317.9749568651646,72783.6640625
3317.976345711511,72652.9921875
3317.977734557625,72786.734375
3317.979123403739,72719.3984375
3317.9805122498524,72698.5703125
3317.981901095966,72626.9609375
3317.9832899420794,72707.53125
3317.984678788192,72786.15625
3317.9860676343055,72686.1015625
3317.98745648042,72658.21875
3317.9888453265326,72795.2734375
3317.990234172647,72764.984375
3317.9916230189933,72737.703125
3317.993011865107,72716.4140625
3317.994400711221,72785.4453125
3317.995789557335,72764.1875
3317.9971784034483,72795.8984375
3317.9985672497946,72729.796875
3317.9999560959086,72881.1953125
3318.0013449420217,72805.6328125
3318.002733788136,72859.3984375
3318.0041226344824,72894.2890625
3318.005511480596,72825.6171875
3318.0069003267095,72754.359375
3318.008289172824,72869.1015625
3318.0096780191698,72844.1640625
3318.0110668652837,72881.453125
3318.0124557113977,72906.2265625
3318.0138445577436,72900.0078125
3318.0152334038576,72830.8515625
3318.0166222499715,72904.3515625
3318.018011096318,72899.578125
3318.0193999424314,72891.7890625
3318.0207887887786,72869.6171875
3318.0221776348912,72902.1484375
3318.0235664810057,72824.578125
3318.024955327352,72931.8046875
3318.0263441734655,72981.875
3318.0277330198123,72891.828125
3318.0291218659263,72817.71875
3318.0305107122726,72925.6171875
3318.031899558386,72956.7109375
3318.033288404733,72953.125
3318.034677250846,72981.6953125
3318.0360660971933,72956.609375
3318.037454943307,72842.2109375
3318.038843789653,73011.4296875
3318.040232635766,73026.078125
3318.041621482112,72948.390625
3318.0430103282256,72989.6796875
3318.0443991745724,72946.1875
3318.0457880206864,72927.84375
3318.0471768670327,73048.7421875
3318.04856571338,72978.359375
3318.049954559493,73037.125
3318.05134340584,73125.6171875
3318.0527322521866,73013.5390625
3318.0541210982997,73094.625
3318.0555099446465,73054.1796875
3318.0568987909933,73029.5703125
3318.058287637107,72953.9375
3318.059676483453,73145.7578125
3318.0610653298004,73089.2578125
3318.062454175913,73080.8203125
3318.0638430222602,73068.5234375
3318.0652318686066,73098.59375
3318.066620714953,73176.2109375
3318.068009561067,73102.1953125
3318.0693984074137,73070.625
3318.07078725376,73118.765625
3318.0721761001064,73075.5234375
3318.073564946453,73062.3046875
3318.0749537925662,73112.4921875
3318.0763426389135,73194.3125
3318.07773148526,73074.125
3318.079120331606,72985.984375
3318.0805091779525,73223.6484375
3318.0818980243,73155.8203125
3318.0832868706457,73212.5078125
3318.0846757169925,73168.796875
3318.0860645631064,73186.6171875
3318.0874534094523,73218.15625
3318.088842255799,73244.1484375
3318.090231102146,73234.8203125
3318.0916199484923,73138.5234375
3318.0930087948386,73217.6796875
3318.094397641186,73186.1171875
3318.095786487531,73233.8984375
3318.0971753338767,73151.453125
3318.098564180224,73159.515625
3318.09995302657,73226.1484375
3318.1013418729167,73244.8046875
3318.1027307192635,73284.109375
3318.1041195656094,73199.25
3318.105508411956,73247.9453125
3318.106897258536,73251.6640625
3318.108286104882,73244.7109375
3318.1096749512285,73157.3984375
3318.1110637975758,73194.6796875
3318.112452643921,73164.8515625
3318.1138414902684,73209.8515625
3318.115230336615,73181.6640625
3318.116619182961,73148.109375
3318.1180080295408,73246.9609375
3318.1193968758876,73193.3046875
3318.120785722234,73252.9921875
3318.1221745685802,73236.03125
3318.123563414927,73257.8984375
3318.1249522615058,73207.1953125
3318.126341107853,73191.0234375
3318.1277299541994,73214.2421875
3318.1291188005457,73216.1171875
3318.130507647125,73155.765625
3318.131896493472,73259.4609375
3318.133285339818,73126.6484375
3318.1346741863977,73235.8984375
3318.136063032744,73233.0
3318.1374518790903,73217.734375
3318.13884072567,73164.84375
3318.140229572017,73151.3515625
3318.141618418363,73199.8828125
3318.1430072649423,73173.4765625
3318.1443961112896,73209.5703125
3318.145784957635,73235.0625
3318.147173804215,73199.09375
3318.1485626505614,73335.71875
3318.1499514971406,73161.8125
3318.1513403434874,73150.4921875
3318.152729190066,73165.96875
3318.1541180364115,73130.828125
3318.155506882991,73084.4375
3318.156895729338,73011.296875
3318.158284575917,73168.8671875
3318.1596734222635,73178.3203125
3318.1610622688436,72979.3125
3318.162451115189,73071.25
3318.163839961769,73056.8203125
3318.1652288081154,73044.65625
3318.1666176546946,73072.421875
3318.1680065010414,73073.9453125
3318.169395347621,73124.234375
3318.170784193967,73064.7421875
3318.1721730405466,73117.8359375
3318.173561887126,73066.8828125
3318.174950733472,72975.265625
3318.176339580052,73063.5703125
3318.1777284266313,73100.390625
3318.1791172729777,73005.4375
3318.180506119557,73004.7265625
3318.181894966137,73013.125
3318.183283812483,73039.421875
3318.1846726590625,73071.421875
3318.1860615056416,73011.4453125
3318.1874503522217,73043.3984375
3318.188839198568,72910.78125
3318.1902280451473,72985.203125
3318.191616891727,72947.0078125
3318.1930057383065,72913.046875
3318.194394584653,72964.3515625
3318.195783431232,72907.9453125
3318.1971722778117,72918.3203125
3318.1985611243904,73016.90625
3318.1999499709705,72959.015625
3318.2013388175496,72861.2578125
3318.202727663896,72866.0390625
3318.204116510475,72892.1953125
3318.2055053570552,72876.2734375
3318.206894203634,72918.2421875
3318.2082830502127,72831.28125
3318.209671896792,72859.1953125
3318.2110607433706,72846.4765625
3318.21244958995,72853.296875
3318.21383843653,72836.203125
3318.2152272831086,72833.7734375
3318.2166161296886,72892.625
3318.218004976268,72825.359375
3318.219393822847,72873.515625
3318.220782669426,72786.640625
3318.2221715160063,72734.1875
3318.223560362585,72826.6171875
3318.2249492091646,72731.96875
3318.226338055744,72829.71875
3318.227726902323,72808.84375
3318.2291157489026,72709.6796875
3318.230504595482,72793.5
3318.2318934420614,72739.9921875
3318.2332822886406,72724.2265625
3318.2346711352207,72725.640625
3318.236059981799,72696.3984375
3318.237448828379,72665.453125
3318.238837675191,72679.296875
3318.24022652177,72719.7421875
3318.24161536835,72627.140625
3318.2430042149294,72553.1171875
3318.244393061508,72612.265625
3318.2457819083206,72631.3125
3318.2471707549003,72659.4140625
3318.248559601479,72672.0703125
3318.249948448059,72674.21875
3318.2513372946382,72591.078125
3318.2527261414502,72645.875
3318.2541149880294,72577.015625
3318.2555038346095,72579.4296875
3318.256892681421,72592.65625
3318.2582815280007,72602.7265625
3318.25967037458,72644.2421875
3318.261059221392,72604.59375
3318.2624480679715,72579.578125
3318.263836914551,72598.265625
3318.265225761362,72668.34375
3318.266614607941,72551.5703125
3318.2680034545206,72640.828125
3318.2693923013326,72533.9375
3318.2707811479117,72566.7578125
3318.2721699947247,72530.6796875
3318.2735588413034,72596.046875
3318.274947687883,72549.734375
3318.276336534695,72605.875
3318.277725381274,72562.8125
3318.2791142280867,72485.0546875
3318.2805030746663,72562.03125
3318.2818919214783,72464.15625
3318.2832807680575,72514.5703125
3318.28466961487,72365.8828125
3318.2860584614486,72533.4921875
3318.2874473082616,72464.4375
3318.2888361550736,72572.203125
3318.2902250016527,72497.96875
3318.291613848465,72413.15625
3318.293002695045,72439.0546875
3318.2943915418564,72457.640625
3318.295780388436,72481.8671875
3318.2971692352485,72393.3671875
3318.29855808206,72404.546875
3318.2999469286397,72430.625
3318.301335775452,72429.296875
3318.302724622264,72369.0625
3318.3041134688433,72391.4453125
3318.305502315656,72341.1015625
3318.3068911624678,72376.9609375
3318.3082800090474,72359.3359375
3318.3096688558594,72388.8125
3318.3110577026714,72428.8203125
3318.312446549484,72317.390625
3318.3138353960635,72429.09375
3318.3152242428755,72419.0
3318.3166130896875,72410.3046875
3318.3180019365,72521.5234375
3318.3193907833115,72414.796875
3318.3207796298916,72430.90625
3318.322168476703,72305.5234375
3318.323557323514,72375.34375
3318.3249461703267,72382.8203125
3318.3263350171387,72299.6015625
3318.3277238639507,72270.9609375
3318.329112710763,72347.09375
3318.330501557343,72413.4921875
3318.3318904041553,72398.9765625
3318.3332792509677,72376.953125
3318.3346680977793,72401.1484375
3318.3360569445917,72248.25
3318.337445791404,72403.390625
3318.3388346382158,72309.8671875
3318.3402234850287,72392.453125
3318.3416123318407,72273.2890625
3318.3430011786527,72359.71875
3318.3443900254647,72261.4140625
3318.3457788722776,72424.6171875
3318.347167719089,72325.3984375
3318.3485565659016,72416.8828125
3318.3499454127136,72428.21875
3318.3513342595256,72276.40625
3318.352723106338,72234.5390625
3318.3541119531506,72216.1015625
3318.3555008001954,72130.703125
3318.3568896470074,71970.71875
3318.3582784938203,71860.4140625
3318.3596673406314,71657.5234375
3318.3610561874443,71575.203125
3318.3624450342563,71427.75
3318.3638338810683,71261.1796875
3318.3652227281136,70986.3984375
3318.366611574926,70752.984375
3318.3680004217376,70533.0390625
3318.36938926855,70187.4453125
3318.3707781153626,69943.9296875
3318.372166962407,69770.3984375
3318.3735558092194,69480.34375
3318.374944656032,69218.8671875
3318.376333502844,68887.453125
3318.3777223498882,68648.3203125
3318.3791111967,68338.6015625
3318.380500043512,68054.859375
3318.381888890557,67732.9140625
3318.3832777373696,67338.0546875
3318.384666584181,67075.1875
3318.3860554312264,66725.8125
3318.387444278039,66389.4609375
3318.3888331248504,66020.1875
3318.3902219718957,65744.9375
3318.391610818708,65359.02734375
3318.392999665753,65017.0078125
3318.394388512565,64692.76953125
3318.395777359378,64314.87890625
3318.3971662064223,64014.95703125
3318.3985550532348,63830.08203125
3318.3999439002796,63256.21875
3318.4013327470916,62908.23828125
3318.402721594137,62610.25390625
3318.4041104409494,62226.77734375
3318.405499287994,61904.50390625
3318.406888134806,61508.87890625
3318.4082769818515,61175.359375
3318.409665828663,60864.05078125
3318.411054675709,60505.578125
3318.412443522521,60170.82421875
3318.4138323695656,59819.29296875
3318.4152212166105,59549.1640625
3318.4166100634234,59194.64453125
3318.4179989104678,58900.30078125
3318.41938775728,58637.328125
3318.4207766043255,58314.69921875
3318.42216545137,57989.39453125
3318.4235542981824,57737.70703125
3318.4249431452276,57456.80078125
3318.4263319922725,57258.6953125
3318.4277208390845,57049.19140625
3318.4291096861302,56898.90234375
3318.430498533174,56694.27734375
3318.43188738022,56617.94921875
3318.433276227032,56414.81640625
3318.434665074076,56402.58203125
3318.4360539211207,56326.703125
3318.437442768166,56262.76171875
3318.4388316149775,56216.89453125
3318.440220462023,56286.39453125
3318.441609309068,56310.12890625
3318.442998156113,56402.3671875
3318.4443870031578,56454.35546875
3318.4457758499707,56598.2890625
3318.4471646970146,56647.375
3318.4485535440604,56916.0546875
3318.449942391105,57137.12109375
3318.45133123815,57248.87890625
3318.4527200851953,57462.75390625
3318.4541089322406,57730.0546875
3318.4554977792855,57922.54296875
3318.4568866263303,58259.0078125
3318.4582754731427,58506.40234375
3318.459664320187,58838.52734375
3318.461053167233,59109.35546875
3318.4624420142777,59357.60546875
3318.4638308613225,59741.94140625
3318.4652197083674,60067.24609375
3318.466608555413,60324.84765625
3318.4679974024575,60669.01953125
3318.469386249503,61013.55859375
3318.470775096548,61413.37890625
3318.4721639435925,61776.63671875
3318.4735527908706,62150.55859375
3318.474941637916,62487.01953125
3318.476330484961,62789.41015625
3318.4777193320065,63194.625
3318.4791081790513,63574.3359375
3318.480497026096,63965.45703125
3318.4818858731414,64356.98828125
3318.483274720186,64709.2109375
3318.4846635674644,64960.80078125
3318.4860524145092,65316.83984375
3318.487441261554,65655.578125
3318.4888301085994,66072.6328125
3318.4902189556437,66416.1171875
3318.4916078026877,66760.2265625
3318.492996649966,67122.53125
3318.494385497011,67346.2421875
3318.495774344056,67734.3359375
3318.4971631911008,68032.9921875
3318.498552038379,68332.8046875
3318.4999408854233,68651.0078125
3318.501329732469,68910.765625
3318.5027185797467,69247.140625
3318.5041074267915,69421.2890625
3318.5054962738363,69714.2109375
3318.506885121115,70050.375
3318.5082739681593,70298.9375
3318.5096628152046,70558.546875
3318.5110516624827,70798.3359375
3318.512440509527,70936.71875
3318.5138293565724,71229.7890625
3318.5152182038505,71410.953125
3318.5166070508953,71583.9453125
3318.517995898173,71780.4921875
3318.5193847452188,71786.734375
3318.5207735924955,72120.4140625
3318.5221624395413,72218.921875
3318.523551286819,72323.75
3318.5249401338638,72290.484375
3318.526328981142,72376.875
3318.527717828187,72403.5546875
3318.529106675465,72480.7265625
3318.5304955225097,72426.21875
3318.531884369788,72535.671875
3318.533273216832,72447.1953125
3318.5346620641108,72409.4140625
3318.5360509111556,72383.59375
3318.5374397584333,72511.5546875
3318.538828605711,72488.8125
3318.5402174527567,72460.8671875
3318.541606300034,72516.796875
3318.542995147079,72521.8671875
3318.5443839943573,72461.9609375
3318.5457728416345,72491.2109375
3318.5471616886794,72525.1796875
3318.5485505359566,72527.75
3318.549939383234,72383.5
3318.5513282305124,72432.109375
3318.552717077557,72469.8671875
3318.554105924835,72502.0078125
3318.5554947721125,72514.890625
3318.5568836191583,72468.6328125
3318.5582724664355,72479.328125
3318.5596613137136,72488.34375
3318.5610501609913,72451.4765625
3318.562439008269,72464.796875
3318.5638278553142,72562.9765625
3318.5652167025924,72447.5078125
3318.56660554987,72450.9296875
3318.5679943971477,72407.96875
3318.5693832444263,72476.2734375
3318.570772091703,72561.703125
3318.5721609389816,72498.7265625
3318.5735497860264,72473.2890625
3318.574938633304,72526.09375
3318.576327480582,72475.4609375
3318.5777163278603,72481.3984375
3318.5791051751376,72544.65625
3318.5804940224157,72483.9453125
3318.581882869694,72458.7890625
3318.583271716971,72502.9375
3318.5846605642496,72505.2578125
3318.5860494115273,72458.6875
3318.587438258805,72546.015625
3318.5888271060826,72505.2890625
3318.590215953361,72527.84375
3318.5916048006384,72489.3203125
3318.5929936479165,72565.4375
3318.594382495194,72601.7578125
3318.595771342472,72507.265625
3318.59716018975,72564.5546875
3318.598549037028,72536.7890625
3318.5999378845386,72513.8828125
3318.6013267318162,72515.0234375
3318.602715579095,72552.7578125
3318.604104426371,72547.1484375
3318.6054932736483,72373.2890625
3318.606882120927,72585.8203125
3318.608270968204,72532.140625
3318.609659815715,72511.8046875
3318.6110486629927,72412.328125
3318.6124375102704,72519.9921875
3318.6138263575485,72543.2265625
3318.6152152048267,72614.6015625
3318.616604052337,72522.0625
3318.617992899615,72450.8515625
3318.6193817468934,72530.2265625
3318.620770594403,72484.9765625
3318.6221594416816,72605.4375
3318.6235482889592,72526.6328125
3318.624937136237,72473.6796875
3318.626325983748,72509.8125
3318.627714831026,72554.2734375
3318.6291036783036,72512.5625
3318.630492525815,72453.25
3318.6318813730923,72454.390625
3318.633270220603,72563.84375
3318.6346590678813,72562.390625
3318.6360479151585,72518.015625
3318.6374367626695,72542.15625
3318.6388256099476,72523.671875
3318.640214457458,72522.0078125
3318.641603304736,72667.1796875
3318.642992152247,72474.515625
3318.644380999524,72376.421875
3318.6457698470354,72526.859375
3318.647158694313,72569.1953125
3318.6485475418235,72598.9453125
3318.6499363891016,72668.2734375
3318.6513252366126,72521.0703125
3318.65271408389,72451.28125
3318.6541029314008,72511.3515625
3318.655491778679,72554.2734375
3318.656880626189,72548.859375
3318.6582694734675,72647.4609375
3318.6596583209775,72439.890625
3318.6610471684867,72476.1171875
3318.6624360157653,72612.296875
3318.6638248632757,72527.953125
3318.6652137107862,72619.921875
3318.6666025580644,72585.828125
3318.6679914055753,72562.4375
3318.6693802530854,72612.4765625
3318.6707691003635,72492.5078125
3318.6721579478744,72532.890625
3318.6735467953845,72553.2265625
3318.674935642663,72494.7734375
3318.6763244901736,72632.78125
3318.677713337684,72555.734375
3318.6791021851946,72609.9921875
3318.680491032706,72557.7109375
3318.681879879983,72556.6796875
3318.683268727494,72513.6015625
3318.6846575750046,72591.5
3318.686046422515,72375.9375
3318.687435270026,72571.6796875
3318.688824117304,72516.4375
3318.6902129648147,72483.2421875
3318.691601812325,72632.5
3318.6929906598366,72645.4765625
3318.694379507346,72559.46875
3318.6957683548576,72637.84375
3318.697157202368,72594.84375
3318.6985460498786,72522.9921875
3318.6999348973895,72611.78125
3318.7013237449005,72486.1171875
3318.7027125921777,72547.3671875
3318.7041014396887,72553.1484375
3318.7054902871996,72591.7578125
3318.7068791347097,72491.2109375
3318.708267982221,72524.3125
3318.7096568297316,72540.0859375
3318.711045677475,72597.484375
3318.7124345249854,72514.28125
3318.713823372497,72589.296875
3318.715212220007,72587.140625
3318.716601067517,72591.84375
3318.7179899150274,72537.5
3318.7193787625374,72573.5234375
3318.7221564575593,72584.3515625
3318.7235453050694,72596.8125
3318.7249341525803,72588.15625
3318.726323000324,72530.1953125
3318.7277118478346,72609.8984375
3318.729100695345,72517.78125
3318.7304895428565,72681.625
3318.7318783903665,72594.0859375
3318.7332672381103,72566.390625
3318.734656085621,72448.1796875
3318.7360449331313,72636.4453125
3318.7374337806423,72636.5234375
3318.738822628386,72517.0546875
3318.7402114758966,72595.2734375
3318.741600323407,72514.6328125
3318.742989170918,72604.3125
3318.744378018661,72658.796875
3318.7457668661723,72595.2265625
3318.747155713683,72616.9453125
3318.748544561426,72558.125
3318.749933408937,72666.78125
3318.751322256448,72527.9296875
3318.752711104191,72645.5078125
3318.754099951702,72566.6171875
3318.7554887994456,72668.4140625
3318.7568776469557,72589.1953125
3318.7582664944666,72557.53125
3318.7596553422104,72579.1328125
3318.761044189721,72639.28125
3318.7624330374642,72652.90625
3318.7638218849756,72521.8203125
3318.7652107327185,72664.0
3318.7665995802295,72686.609375
3318.767988427973,72699.7890625
3318.7693772754833,72598.6953125
3318.770766123227,72617.9375
3318.772154970737,72568.1015625
3318.7735438184795,72623.0
3318.7749326659905,72678.765625
3318.7763215137343,72758.2578125
3318.7777103614776,72486.4453125
3318.779099208988,72680.5625
3318.7804880567323,72591.1796875
3318.781876904243,72529.6171875
3318.7832657519866,72626.7890625
3318.786043447241,72662.1484375
3318.7874322949842,72664.75
3318.7888211427276,72586.203125
3318.7902099902385,72663.1640625
3318.7915988379823,72585.6171875
3318.792987685725,72607.171875
3318.794376533236,72721.9375
3318.79576538098,72616.6875
3318.797154228723,72597.9375
3318.7985430764666,72620.875
3318.7999319242103,72625.8046875
3318.801320771721,72568.90625
3318.802709619464,72595.203125
3318.8040984672084,72618.09375
3318.8054873149513,72626.3125
3318.806876162695,72679.3125
3318.8082650102056,72662.1640625
3318.809653857949,72612.765625
3318.8110427056927,72659.421875
3318.8124315534365,72654.7578125
3318.81382040118,72693.609375
3318.815209248923,72612.828125
3318.816598096667,72605.7109375
3318.8179869444098,72772.5625
3318.819375792154,72652.953125
3318.8207646396645,72641.7890625
3318.822153487408,72596.90625
3318.8235423351516,72660.453125
3318.8249311828954,72644.8203125
3318.8263200306383,72710.3046875
3318.827708878382,72618.7734375
3318.8290977261254,72557.09375
3318.830486573868,72707.078125
3318.831875421611,72654.3125
3318.8332642695877,72644.140625
3318.8346531173306,72641.53125
3318.836041965075,72678.9921875
3318.837430812818,72637.40625
3318.8388196605615,72689.4453125
3318.840208508305,72661.5390625
3318.841597356049,72644.8046875
3318.842986203792,72548.8125
3318.8443750515357,72627.359375
3318.8457638992795,72613.0703125
3318.847152747255,72661.2265625
3318.848541594999,72601.296875
3318.849930442743,72718.1484375
3318.851319290486,72737.609375
3318.8527081382294,72650.234375
3318.8540969862065,72651.734375
3318.855485833949,72617.6640625
3318.856874681693,72594.921875
3318.8582635294365,72614.0390625
3318.8596523774127,72666.484375
3318.8610412251564,72660.9921875
3318.8624300729,72730.03125
3318.8638189208764,72639.046875
3318.8652077686197,72632.203125
3318.8665966163635,72692.375
3318.867985464339,72676.65625
3318.8693743120834,72644.125
3318.8707631598268,72588.1328125
3318.872152007803,72601.421875
3318.8735408555463,72688.4765625
3318.8749297032905,72564.84375
3318.876318551266,72720.1953125
3318.87770739901,72642.3203125
3318.8790962469866,72687.1640625
3318.8804850947295,72598.4609375
3318.881873942706,72671.5625
3318.88326279045,72573.71875
3318.884651638426,72701.5859375
3318.886040486169,72630.46875
3318.8874293341446,72621.9140625
3318.888818181888,72630.125
3318.890207029864,72633.09375
3318.8915958776083,72640.4375
3318.892984725584,72688.390625
3318.894373573328,72652.234375
3318.8957624213044,72644.8203125
3318.8971512690473,72770.1015625
3318.898540117024,72734.1484375
3318.8999289650005,72646.09375
3318.901317812744,72637.4765625
3318.90270666072,72596.1015625
3318.9040955084643,72682.8984375
3318.9054843564395,72660.9140625
3318.9068732044166,72612.2265625
3318.90826205216,72529.8515625
3318.909650900136,72581.6640625
3318.9110397481127,72717.7109375
3318.9124285960893,72616.296875
3318.9138174438326,72687.53125
3318.9152062918088,72489.7421875
3318.9165951397854,72608.3046875
3318.917983987761,72550.7421875
3318.9193728355053,72646.0703125
3318.9207616834815,72662.21875
3318.9221505314576,72584.578125
3318.923539379434,72586.3125
3318.924928227411,72575.546875
3318.9263170751537,72620.984375
3318.9290947711065,72502.53125
3318.9304836190827,72710.84375
3318.9318724670593,72642.9453125
3318.933261315036,72584.140625
3318.934650163012,72533.2421875
3318.936039010988,72653.46875
3318.9374278587325,72685.9921875
3318.9388167067086,72674.84375
3318.9402055546852,72603.9296875
3318.9415944026605,72662.890625
3318.942983250636,72726.296875
3318.9443720986133,72567.546875
3318.9457609465885,72723.578125
3318.9471497945656,72635.2265625
3318.9485386425417,72510.1875
3318.949927490518,72670.1640625
3318.9513163384945,72582.40625
3318.952705186471,72666.7734375
3318.9540940344473,72616.984375
3318.9554828826563,72656.015625
3318.956871730633,72595.2265625
3318.9582605786086,72598.859375
3318.9596494265857,72647.0078125
3318.961038274562,72575.609375
3318.962427122538,72609.21875
3318.963815970514,72698.5234375
3318.965204818491,72506.421875
3318.9665936666997,72638.6484375
3318.9679825146764,72662.46875
3318.969371362653,72609.0625
3318.9707602106287,72589.2109375
3318.9721490586053,72582.1328125
3318.9735379068147,72613.3203125
3318.974926754791,72634.1953125
3318.976315602767,72581.609375
3318.977704450744,72578.1640625
3318.979093298952,72592.21875
3318.9804821469293,72515.3671875
3318.9818709949054,72610.6328125
3318.9832598428816,72541.1171875
3318.984648691091,72630.1015625
3318.9860375390676,72639.953125
3318.987426387044,72570.15625
3318.988815235253,72657.3125
3318.9902040832294,72666.578125
3318.991592931438,72515.5703125
3318.992981779415,72631.4453125
3318.994370627391,72560.5
3318.9957594756,72715.140625
3318.9971483235763,72665.90625
3318.9985371717853,72597.4765625
3318.9999260197606,72598.296875
3319.00131486797,72627.171875
3319.0027037159466,72659.4296875
3319.004092564155,72639.078125
3319.0054814121318,72666.2109375
3319.006870260341,72633.6796875
3319.008259108317,72617.6953125
3319.009647956527,72615.6640625
3319.011036804503,72536.9921875
3319.012425652712,72584.46875
3319.013814500688,72653.0703125
3319.015203348898,72718.625
3319.0165921968737,72598.0
3319.017981045083,72668.5546875
3319.019369893292,72481.3203125
3319.0207587412683,72669.875
3319.0221475894778,72603.0
3319.023536437687,72544.2890625
3319.0249252856634,72686.78125
3319.0263141338723,72696.3515625
3319.0277029820822,72658.7578125
3319.0290918300575,72539.84375
3319.0304806782674,72611.6875
3319.0318695264764,72583.2734375
3319.0332583744525,72627.4140625
3319.034647222662,72622.234375
3319.0360360708714,72670.09375
3319.03742491908,72630.2421875
3319.0388137672894,72613.0859375
3319.040202615266,72532.390625
3319.0415914634746,72706.59375
3319.0429803116845,72656.25
3319.0443691598934,72759.8984375
3319.0457580081024,72633.8984375
3319.0471468560786,72645.6875
3319.0485357042885,72570.34375
3319.049924552497,72767.34375
3319.0513134007065,72652.953125
3319.0527022489155,72688.015625
3319.0540910971235,72697.078125
3319.0554799453325,72708.375
3319.056868793542,72685.234375
3319.0582576417505,72708.7421875
3319.05964648996,72671.8203125
3319.0610353381694,72724.703125
3319.0624241863784,72648.09375
3319.0638130345874,72676.796875
3319.0652018827973,72662.0078125
3319.066590731006,72697.109375
3319.0679795792153,72655.984375
3319.0693684274243,72672.15625
3319.0707572756332,72653.9765625
3319.0721461238427,72738.84375
3319.073534972052,72724.1328125
3319.074923820261,72689.8359375
3319.07631266847,72726.6875
3319.0777015166796,72673.1796875
3319.079090364888,72658.7421875
3319.080479213098,72719.9296875
3319.081868061307,72747.171875
3319.083256909749,72694.421875
3319.0846457579582,72710.2890625
3319.0860346061677,72607.7265625
3319.087423454376,72680.1015625
3319.0888123025857,72678.953125
3319.090201151028,72684.8359375
3319.0915899992365,72715.8125
3319.092978847446,72721.6796875
3319.0943676956554,72616.5546875
3319.095756544097,72678.0546875
3319.097145392306,72748.078125
3319.098534240516,72689.765625
3319.099923088725,72777.6484375
3319.101311937168,72681.6484375
3319.102700785376,72627.984375
3319.1040896335858,72775.859375
3319.1054784820276,72721.1484375
3319.1068673302366,72757.2421875
3319.108256178446,72674.4453125
3319.1096450268883,72720.6328125
3319.1110338750964,72730.359375
3319.1124227235377,72729.296875
3319.113811571747,72759.59375
3319.115200419956,72746.3203125
3319.116589268398,72702.6640625
3319.117978116608,72788.375
3319.119366965049,72718.8203125
3319.1207558132587,72741.53125
3319.1221446617005,72741.90625
3319.1235335099095,72653.2421875
3319.124922358352,72635.8046875
3319.1263112065612,72680.7265625
3319.1277000550026,72852.75
3319.129088903212,72705.40625
3319.1304777516543,72680.9140625
3319.1318666000957,72751.8671875
3319.1332554483056,72725.328125
3319.1346442967474,72740.84375
3319.1360331449564,72777.53125
3319.137421993398,72642.6171875
3319.138810841841,72738.390625
3319.1401996900495,72725.0546875
3319.1415885384918,72784.8515625
3319.1429773867007,72747.4453125
3319.1443662351426,72752.2578125
3319.145755083585,72730.96875
3319.147143932027,72722.546875
3319.148532780236,72678.390625
3319.149921628678,72675.21875
3319.1513104771207,72769.484375
3319.1526993253287,72769.1875
3319.1540881737715,72741.34375
3319.1554770222133,72701.921875
3319.156865870655,72757.1796875
3319.1582547190974,72800.5234375
3319.159643567307,72642.4609375
3319.161032415748,72679.921875
3319.1624212641905,72737.859375
3319.1638101126327,72625.1796875
3319.165198961074,72746.8984375
3319.1665878095164,72691.0859375
3319.167976657725,72707.0625
3319.169365506166,72744.125
3319.1707543546086,72709.9609375
3319.1721432030504,72687.015625
3319.173532051492,72720.5859375
3319.1749208999345,72656.4375
3319.1763097483768,72714.5546875
3319.177698596818,72652.1796875
3319.1790874452604,72777.0625
3319.1804762937027,72686.84375
3319.181865142144,72656.125
3319.1832539905863,72730.0078125
3319.1846428390286,72752.921875
3319.1860316874704,72727.9921875
3319.187420535912,72725.0390625
3319.188809384355,72730.796875
3319.1901982327963,72708.390625
3319.1915870812386,72762.9765625
3319.1929759296804,72660.5390625
3319.1943647781222,72712.4921875
3319.1957536265645,72772.3359375
3319.1971424752396,72665.921875
3319.1985313236814,72672.9921875
3319.1999201721233,72705.2890625
3319.2013090205655,72742.515625
3319.202697869007,72611.8671875
3319.2040867174496,72683.2421875
3319.2054755661243,72739.15625
3319.206864414566,72662.9921875
3319.208253263008,72679.609375
3319.2096421114506,72626.859375
3319.211030959892,72700.796875
3319.212419808567,72754.890625
3319.2138086570094,72672.7109375
3319.2151975054508,72694.4140625
3319.216586354126,72692.3125
3319.217975202568,72705.390625
3319.21936405101,72715.5859375
3319.220752899452,72721.2265625
3319.2221417481273,72737.671875
3319.223530596568,72689.0546875
3319.224919445242,72737.359375
3319.2263082936847,72661.4453125
3319.227697142126,72681.03125
3319.229085990801,72805.6484375
3319.2304748392435,72592.7578125
3319.231863687685,72753.921875
3319.23325253636,72626.5859375
3319.234641384802,72721.09375
3319.236030233477,72757.0625
3319.2374190819187,72721.9921875
3319.2388079305942,72739.234375
3319.240196779035,72647.3984375
3319.2415856277107,72638.703125
3319.2429744761525,72676.90625
3319.244363324827,72671.671875
3319.2457521732695,72698.8671875
3319.2471410219446,72632.2421875
3319.2485298703864,72618.34375
3319.249918719061,72714.71875
3319.251307567736,72694.890625
3319.2526964161775,72663.0390625
3319.4693568287735,72582.203125
3319.470745677914,72465.4921875
3319.4721345268213,72536.640625
3319.4735233759625,72515.5078125
3319.4749122248695,72523.8671875
3319.4763010740103,72515.8359375
3319.4776899229178,72492.21875
3319.479078772058,72491.6328125
3319.480467621199,72511.515625
3319.481856470107,72406.03125
3319.483245319247,72500.140625
3319.4846341681546,72481.6953125
3319.486023017296,72471.3203125
3319.487411866435,72474.1875
3319.4888007153436,72484.4609375
3319.490189564484,72484.2421875
3319.4915784133914,72533.1953125
3319.492967262532,72469.625
3319.494356111673,72492.5546875
3319.49574496058,72466.59375
3319.4971338097207,72450.8203125
3319.4985226588615,72477.40625
3319.4999115080013,72426.859375
3319.5013003569097,72371.5
3319.50268920605,72445.9296875
3319.5040780551903,72424.7734375
3319.50546690433,72491.671875
3319.5068557532372,72402.984375
3319.5082446023775,72436.21875
3319.5096334515183,72411.0078125
3319.511022300659,72385.390625
3319.512411149799,72502.015625
3319.5137999989397,72483.2578125
3319.5151888478476,72483.9609375
3319.5165776969875,72492.1015625
3319.5179665461283,72419.375
3319.519355395269,72440.765625
3319.5207442444093,72461.90625
3319.5221330935497,72505.0625
3319.523521942691,72487.3984375
3319.5249107918307,72411.6640625
3319.5262996409715,72483.7109375
3319.527688490112,72423.53125
3319.529077339252,72443.484375
3319.530466188393,72444.453125
3319.5318550375337,72430.4375
3319.533243886674,72443.90625
3319.5346327358143,72491.390625
3319.536021584955,72513.4453125
3319.537410434095,72349.53125
3319.538799283236,72437.71875
3319.5401881323764,72453.203125
3319.5415769815168,72479.796875
3319.5429658306575,72442.6796875
3319.5443546797983,72508.125
3319.545743528938,72490.953125
3319.547132378079,72382.5546875
3319.5485212274525,72444.1171875
3319.5499100765924,72447.140625
3319.551298925733,72392.8828125
3319.552687774874,72468.8828125
3319.554076624014,72427.1171875
3319.5554654731545,72410.125
3319.5568543225286,72443.703125
3319.5582431716684,72391.15625
3319.559632020809,72409.3125
3319.5610208699495,72469.3515625
3319.5624097193217,72459.421875
3319.563798568462,72427.703125
3319.565187417603,72382.8203125
3319.5665762669755,72533.3984375
3319.5679651161163,72471.7890625
3319.569353965257,72463.6171875
3319.57074281463,72464.8125
3319.5721316637705,72477.5703125
3319.5735205129117,72451.2734375
3319.574909362284,72548.0078125
3319.576298211425,72479.84375
3319.5776870605655,72488.8203125
3319.5790759099386,72488.7890625
3319.5804647590794,72474.671875
3319.581853608453,72539.1015625
3319.5832424575933,72481.65625
3319.5846313069665,72459.8203125
3319.586020156107,72482.0625
3319.58740900548,72482.015625
3319.588797854621,72491.90625
3319.5901867039943,72473.15625
3319.5915755531346,72572.96875
3319.5929644025077,72553.453125
3319.594353251649,72475.59375
3319.5957421010216,72547.734375
3319.5971309501624,72423.0
3319.598519799536,72506.78125
3319.599908648676,72581.0625
3319.6012974980495,72503.7109375
3319.602686347423,72481.515625
3319.6040751965634,72428.765625
3319.6054640459365,72476.5625
3319.6068528953106,72472.9765625
3319.60824174445,72422.1015625
3319.609630593824,72494.4609375
3319.611019443197,72600.6484375
3319.6124082923375,72525.171875
3319.613797141711,72483.7421875
3319.6151859910847,72484.8203125
3319.616574840458,72489.546875
3319.617963689597,72565.703125
3319.6193525389704,72497.9765625
3319.6207413883435,72432.3125
3319.6221302377166,72537.0703125
3319.623519086858,72445.84375
3319.624907936231,72468.0390625
3319.6262967856046,72526.0859375
3319.6276856349773,72553.0703125
3319.6290744843513,72473.75
3319.6304633337245,72486.09375
3319.631852182865,72509.3203125
3319.633241032238,72485.875
3319.634629881612,72557.453125
3319.6360187309847,72558.578125
3319.6374075803583,72430.7109375
3319.638796429732,72443.109375
3319.6401852791046,72479.1484375
3319.641574128478,72462.75
3319.6429629778518,72488.1484375
3319.644351827225,72445.5
3319.645740676598,72466.6796875
3319.647129525972,72460.5234375
3319.6485183753443,72493.453125
3319.6499072247184,72452.1015625
3319.6512960740915,72503.5703125
3319.6526849234647,72475.0546875
3319.6540737728383,72525.15625
3319.655462622212,72467.015625
3319.656851471585,72445.8984375
3319.658240320958,72432.7890625
3319.6596291703318,72443.5703125
3319.6610180199373,72461.8203125
3319.6624068693113,72454.6953125
3319.6637957186845,72424.7734375
3319.6651845680576,72441.7578125
3319.6665734174308,72414.265625
3319.667962266805,72446.5390625
3319.6693511164103,72394.6953125
3319.670739965784,72412.5546875
3319.6721288151575,72405.8984375
3319.67351766453,72470.1875
3319.6749065139034,72479.3203125
3319.676295363509,72446.1328125
3319.6776842128816,72433.5703125
3319.6790730622556,72446.1328125
3319.6804619118616,72506.609375
3319.6818507612347,72409.5546875
3319.683239610608,72440.1875
3319.6846284602148,72437.3984375
3319.6860173095874,72460.53125
3319.687406158961,72439.4765625
3319.6887950085675,72445.7578125
3319.69018385794,72446.796875
3319.6915727073138,72471.0703125
3319.69296155692,72451.90625
3319.6943504062933,72423.5390625
3319.6957392558993,72505.875
3319.6971281052734,72364.3203125
3319.6985169546456,72473.1875
3319.6999058042525,72501.921875
3319.7012946536256,72449.4609375
3319.7026835032316,72394.9765625
3319.704072352605,72478.171875
3319.7054612022116,72417.4609375
3319.7068500515848,72432.109375
3319.7082389011907,72457.7890625
3319.709627750797,72357.3046875
3319.71101660017,72413.921875
3319.7124054497767,72395.1796875
3319.71379429915,72507.6484375
3319.715183148756,72494.8515625
3319.716571998362,72396.7734375
3319.717960847736,72400.421875
3319.7193496973414,72410.6875
3319.720738546715,72380.3046875
3319.722127396321,72470.078125
3319.723516245927,72492.1015625
3319.7249050953005,72412.171875
3319.726293944907,72405.890625
3319.727682794513,72509.546875
3319.729071644119,72466.65625
3319.730460493493,72433.125
3319.7318493430976,72445.125
3319.733238192703,72430.8828125
3319.73462704231,72390.5703125
3319.7360158916827,72471.5546875
3319.737404741289,72442.8984375
3319.738793590895,72459.7890625
3319.740182440501,72398.03125
3319.7415712901075,72466.6015625
3319.742960139481,72378.3984375
3319.744348989087,72431.609375
3319.745737838693,72368.5625
3319.7471266883,72377.4375
3319.748515537905,72427.6484375
3319.749904387512,72406.671875
3319.751293237118,72395.0546875
3319.752682086724,72415.234375
3319.75407093633,72492.4609375
3319.7554597859366,72437.6953125
3319.756848635542,72375.515625
3319.7582374851486,72480.7578125
3319.759626334522,72446.8359375
3319.7610151841277,72464.875
3319.7624040339674,72496.796875
3319.7637928835734,72425.90625
3319.7651817331794,72411.796875
3319.7665705827853,72491.1015625
3319.767959432392,72395.2109375
3319.7693482819977,72448.5859375
3319.770737131604,72398.8984375
3319.77212598121,72439.8828125
3319.773514830816,72413.125
3319.7749036804225,72377.46875
3319.776292530029,72377.328125
3319.777681379635,72427.859375
3319.7790702294737,72365.421875
3319.7804590790806,72394.9140625
3319.7818479286857,72331.3203125
3319.7832367782926,72355.0078125
3319.7846256278985,72421.6328125
3319.7860144777374,72406.875
3319.7874033273433,72363.4375
3319.7887921769484,72410.8828125
3319.7901810265544,72426.0625
3319.7915698763936,72386.8984375
3319.792958726,72408.8828125
3319.794347575606,72425.375
3319.795736425212,72417.7265625
3319.7971252750513,72361.609375
3319.798514124657,72375.328125
3319.7999029742637,72438.6484375
3319.8012918241025,72423.6015625
3319.8026806737084,72416.3125
3319.8040695235477,72404.875
3319.805458373154,72424.0078125
3319.8068472227596,72419.421875
3319.808236072599,72385.5625
3319.8096249222053,72352.4765625
3319.8110137720437,72399.8359375
3319.81240262165,72431.2578125
3319.8137914714894,72397.875
3319.815180321096,72481.1953125
3319.816569170935,72366.4140625
3319.817958020541,72423.4296875
3319.81934687038,72380.8125
3319.8207357199867,72431.7265625
3319.8221245698246,72360.625
3319.8235134194315,72429.6484375
3319.8249022692703,72408.125
3319.8262911188763,72399.4140625
3319.8276799687155,72464.03125
3319.829068818322,72386.6796875
3319.8304576681603,72420.0234375
3319.8318465179996,72423.3203125
3319.833235367606,72430.59375
3319.8346242174443,72459.7578125
3319.836013067284,72414.3359375
3319.83740191689,72348.96875
3319.838790766729,72421.6953125
3319.8401796165676,72441.5078125
3319.8415684661745,72343.421875
3319.842957316013,72467.7578125
3319.844346165851,72408.9609375
3319.84573501569,72408.3359375
3319.8471238652955,72359.703125
3319.848512715135,72413.6953125
3319.849901564974,72439.53125
3319.8512904148124,72446.21875
3319.852679264652,72494.390625
3319.854068114258,72425.640625
3319.855456964097,72414.5703125
3319.8568458139357,72398.3203125
3319.8582346637754,72407.9765625
3319.8596235136138,72342.546875
3319.861012363453,72497.296875
3319.862401213292,72433.2578125
3319.863790062898,72357.125
3319.865178912737,72412.75
3319.8665677625763,72424.78125
3319.867956612415,72421.6875
3319.869345462254,72437.0078125
3319.870734312093,72410.71875
3319.8721231619315,72384.3671875
3319.8735120117713,72417.84375
3319.87490086161,72463.890625
3319.876289711449,72467.9453125
3319.877678561288,72463.6875
3319.8790674111274,72409.1484375
3319.8804562609657,72373.671875
3319.881845110805,72451.8203125
3319.8832339606442,72435.8828125
3319.8846228107154,72360.3203125
3319.8860116605547,72437.5078125
3319.887400510394,72419.625
3319.8887893602327,72424.203125
3319.8901782100716,72453.2265625
3319.8915670599113,72410.8359375
3319.8929559097496,72399.6171875
3319.894344759589,72352.3671875
3319.8957336096605,72359.546875
3319.8971224594993,72493.890625
3319.8985113093386,72426.71875
3319.899900159177,72346.421875
3319.9012890092476,72408.59375
3319.902677859087,72416.7578125
3319.904066708926,72399.15625
3319.905455558765,72356.2421875
3319.9068444088366,72400.5078125
3319.9082332586763,72440.7578125
3319.909622108514,72416.4375
3319.9110109585868,72380.6171875
3319.9123998084256,72438.3125
3319.9137886582644,72366.984375
3319.9151775083365,72389.9765625
3319.9165663581757,72429.90625
3319.9179552080145,72338.734375
3319.919344058086,72340.7109375
3319.9207329079254,72391.96875
3319.9221217579966,72372.109375
3319.9235106078363,72363.1640625
3319.924899457675,72432.7578125
3319.9262883077467,72387.21875
3319.9276771575855,72438.1171875
3319.929066007658,72364.96875
3319.9304548574964,72423.2734375
3319.9318437075685,72352.953125
3319.933232557408,72389.71875
3319.934621407479,72335.7578125
3319.9360102573182,72373.9453125
3319.9373991073903,72347.3515625
3319.938787957462,72367.03125
3319.9401768073008,72314.75
3319.9415656573733,72309.15625
3319.942954507211,72385.8203125
3319.9443433572837,72334.6796875
3319.9457322073554,72215.0078125
3319.947121057194,72292.78125
3319.9485099072663,72434.6328125
3319.9498987573384,72298.9765625
3319.951287607177,72319.1640625
3319.952676457249,72352.3125
3319.954065307321,72328.953125
3319.9554541571592,72340.5703125
3319.956843007231,72409.9296875
3319.9582318573025,72369.0625
3319.9596207073732,72343.2890625
3319.961009557213,72348.265625
3319.9623984072846,72318.2578125
3319.963787257356,72354.6796875
3319.9651761074283,72317.03125
3319.9665649575004,72366.2265625
3319.967953807339,72389.75
3319.969342657411,72226.5859375
3319.970731507483,72306.7421875
3319.972120357554,72415.21875
3319.9735092076266,72319.7265625
3319.9748980576983,72431.734375
3319.97628690777,72348.609375
3319.9776757578416,72371.7421875
3319.9790646076813,72364.8046875
3319.9804534577524,72322.359375
3319.9818423078245,72310.5078125
3319.9832311578966,72404.421875
3319.984620007968,72367.1796875
3319.98600885804,72058.1484375
3319.987397708112,71925.2421875
3319.9887865581836,71708.6015625
3319.9901754082553,71513.5703125
3319.991564258328,71246.4296875
3319.9929531083985,70992.984375
3319.994341958471,70714.0390625
3319.9957308087755,70358.2734375
3319.997119658847,69972.234375
3319.9985085089193,69704.1015625
3319.9998973589913,69214.859375
3320.0012862090625,68847.90625
3320.0026750591346,68388.359375
3320.0040639092067,67968.515625
3320.005452759278,67524.421875
3320.0068416095833,67030.2109375
3320.008230459655,66511.9296875
3320.0096193097265,66031.1171875
3320.011008159798,65550.4453125
3320.0123970098707,65028.515625
3320.0137858601743,64440.15234375
3320.0151747102454,63937.50390625
3320.0165635603175,63435.78515625
3320.017952410389,62817.2578125
3320.0193412606945,62236.16015625
3320.0207301107657,61618.4765625
3320.022118960838,61091.171875
3320.0235078111427,60492.26171875
3320.024896661214,59905.33984375
3320.026285511286,59279.28125
3320.0290632116626,58094.01953125
3320.030452061734,57447.70703125
3320.0332297621103,56172.5234375
3320.0346186124157,55532.90234375
3320.0360074624873,54926.41015625
3320.0373963127918,54283.203125
3320.038785162864,53646.734375
3320.040174012936,53030.59765625
3320.0415628632404,52389.23046875
3320.042951713312,51809.1328125
3320.045729413688,50531.4765625
3320.0471182639935,49943.390625
3320.048507114298,49358.54296875
3320.051284814674,48140.08984375
3320.0526736647466,47526.4140625
3320.0540625150506,46980.99609375
3320.0554513651227,46477.421875
3320.0568402154277,45843.6015625
3320.0582290657317,45358.58203125
3320.0596179158038,44843.47265625
3320.0610067661087,44389.28515625
3320.062395616413,43914.2265625
3320.063784466485,43448.75390625
3320.06517331679,43161.8984375
3320.0665621670937,42693.421875
3320.0679510171663,42306.90625
3320.0693398674703,42018.55078125
3320.070728717774,41698.3828125
3320.0721175680787,41520.1875
3320.0735064181504,41284.36328125
3320.074895268455,41105.41015625
3320.0762841187598,40903.2578125
3320.0776729690647,40911.51953125
3320.079061819369,40788.796875
3320.080450669441,40769.03515625
3320.081839519746,40812.55078125
3320.0832283700497,40904.2421875
3320.084617220355,40981.62890625
3320.0860060706596,41175.06640625
3320.087394920964,41380.5703125
3320.088783771269,41549.1015625
3320.090172621574,41861.47265625
3320.091561471878,42117.625
3320.09295032195,42446.5546875
3320.094339172255,42826.55859375
3320.095728022559,43171.29296875
3320.0971168728643,43612.52734375
3320.0985057231687,44033.2578125
3320.099894573473,44483.9453125
3320.1012834237777,44981.43359375
3320.102672274083,45525.2578125
3320.104061124387,46072.859375
3320.105449974925,46575.6796875
3320.1068388252293,47149.97265625
3320.1082276755337,47724.34375
3320.1096165258386,48362.1484375
3320.1110053761436,48935.078125
3320.112394226448,49508.4140625
3320.115171927058,50779.11328125
3320.1165607773614,51372.40234375
3320.119338478204,52634.328125
3320.1207273285086,53245.453125
3320.1221161788135,53862.33203125
3320.1248938796552,55145.35546875
3320.1262827299593,55737.375
3320.129060430568,56986.7734375
3320.131838131411,58282.7421875
3320.1332269817144,58888.30859375
3320.13461583202,59419.53515625
3320.136004682557,60072.0703125
3320.1373935328616,60633.66015625
3320.1387823833993,61305.578125
3320.140171233704,61819.75
3320.1415600840082,62404.64453125
3320.142948934546,62969.671875
3320.144337784851,63545.51953125
3320.145726635155,64053.2265625
3320.1471154856927,64624.23828125
3320.1485043359976,65168.91796875
3320.149893186535,65658.1640625
3320.1512820368393,66216.2890625
3320.1526708873776,66627.125
3320.1540597376816,67170.0390625
3320.1554485882193,67579.890625
3320.156837438524,68041.28125
3320.158226289061,68533.3984375
3320.159615139366,68835.4140625
3320.1610039899037,69318.1640625
3320.162392840208,69665.796875
3320.1637816907455,70043.15625
3320.1651705412833,70350.9375
3320.1665593915873,70651.5546875
3320.1679482421255,71004.4921875
3320.16933709243,71322.15625
3320.1707259429672,71432.390625
3320.172114793505,71720.6875
3320.17350364381,71932.96875
3320.1748924943468,72087.09375
3320.1762813448845,72270.59375
3320.1776701951894,72255.1796875
3320.1790590457263,72314.0234375
3320.180447896264,72339.28125
3320.181836746801,72267.53125
3320.1832255971044,72268.7265625
3320.1846144476426,72264.8828125
3320.18600329818,72271.171875
3320.187392148717,72314.890625
3320.1887809990217,72289.265625
3320.19016984956,72250.5078125
3320.1915587000967,72339.0859375
3320.1929475506345,72262.4296875
3320.194336401172,72302.5078125
3320.195725251709,72347.8046875
3320.197114102247,72230.4609375
3320.1985029525517,72370.6875
3320.199891803089,72248.8203125
3320.2012806536263,72176.6875
3320.2026695041645,72302.65625
3320.204058354701,72249.796875
3320.205447205239,72321.59375
3320.2068360557764,72218.2578125
3320.2082249063137,72316.921875
3320.2096137568515,72198.0390625
3320.211002607389,72305.2578125
3320.2123914579265,72283.4609375
3320.213780308464,72259.2734375
3320.2151691590016,72304.1328125
3320.2165580095384,72264.21875
3320.2179468600766,72357.953125
3320.219335710614,72341.3046875
3320.220724561151,72260.6171875
3320.2221134116885,72322.734375
3320.2235022624595,72323.59375
3320.2248911129964,72306.96875
3320.226279963534,72296.2578125
3320.227668814072,72346.328125
3320.2290576646096,72322.4765625
3320.230446515147,72293.609375
3320.231835365684,72345.234375
3320.233224216455,72274.8984375
3320.2346130669926,72333.015625
3320.23600191753,72366.3203125
3320.237390768067,72303.3515625
3320.2387796188373,72380.7265625
3320.2401684693737,72265.6484375
3320.241557319911,72361.21875
3320.242946170449,72292.359375
3320.244335021219,72264.640625
3320.2457238717566,72328.8046875
3320.247112722294,72335.34375
3320.248501573064,72295.609375
3320.2498904236018,72287.5546875
3320.2512792741395,72308.0859375
3320.2526681249096,72323.015625
3320.254056975447,72300.609375
3320.2554458262175,72311.9921875
3320.2568346767544,72358.65625
3320.2582235272926,72375.078125
3320.2596123780627,72347.59375
3320.2610012286,72375.390625
3320.2623900793706,72363.609375
3320.2637789299083,72360.40625
3320.265167780678,72338.4609375
3320.2665566312157,72327.0703125
3320.2679454819863,72325.6171875
3320.269334332523,72323.75
3320.2707231832937,72330.84375
3320.2721120338315,72316.9609375
3320.2735008846016,72366.328125
3320.274889735139,72386.3203125
3320.27627858591,72375.640625
3320.277667436679,72351.265625
3320.2790562872174,72406.6640625
3320.2804451379875,72374.75
3320.2818339887576,72408.390625
3320.2832228392954,72354.8984375
3320.284611690066,72415.359375
3320.286000540836,72315.390625
3320.2873893913734,72441.7890625
3320.288778242144,72382.03125
3320.2901670929136,72410.15625
3320.291555943452,72417.296875
3320.292944794222,72425.2734375
3320.294333644992,72398.640625
3320.2957224957618,72467.1640625
3320.2971113462986,72406.921875
3320.2985001970687,72360.65625
3320.2998890478393,72448.3828125
3320.30127789861,72412.8984375
3320.30266674938,72414.6015625
3320.3040555999173,72524.5703125
3320.305444450688,72540.484375
3320.3068333014576,72523.265625
3320.3082221522286,72444.09375
3320.3096110029987,72512.6796875
3320.310999853769,72471.3046875
3320.312388704539,72478.03125
3320.31377755531,72467.515625
3320.3151664060797,72503.03125
3320.3165552568503,72440.890625
3320.317944107621,72466.421875
3320.3193329583905,72449.671875
3320.320721809161,72454.7109375
3320.3221106599317,72544.2578125
3320.323499510702,72567.40625
3320.324888361472,72506.859375
3320.326277212243,72526.7578125
3320.327666063012,72539.71875
3320.3290549137832,72509.5
3320.3304437645534,72573.0546875
3320.3318326153235,72526.5078125
3320.333221466094,72584.8515625
3320.3346103168647,72511.4375
3320.335999167635,72556.6796875
3320.337388018405,72597.15625
3320.3387768694083,72553.484375
3320.340165720178,72573.578125
3320.341554570949,72575.5078125
3320.342943421719,72583.9609375
3320.3443322724893,72578.7421875
3320.3457211232594,72553.1875
3320.3471099742633,72636.3125
3320.348498825033,72665.34375
3320.3498876758035,72636.03125
3320.351276526573,72732.0703125
3320.3526653775752,72662.1328125
3320.354054228346,72623.8671875
3320.3554430791164,72678.421875
3320.356831930119,72691.5234375
3320.35822078089,72723.5390625
3320.35960963166,72725.6328125
3320.360998482663,72631.4296875
3320.362387333433,72722.4375
3320.363776184204,72694.40625
3320.3651650352067,72720.140625
3320.3665538859773,72715.5546875
3320.3679427369802,72731.234375
3320.3693315877504,72730.515625
3320.370720438754,72752.421875
3320.3721092895244,72803.328125
3320.3734981402945,72755.6640625
3320.3748869912974,72771.7890625
3320.3762758420685,72734.5859375
3320.3776646930705,72791.0859375
3320.3790535438416,72842.5
3320.3804423948445,72705.2109375
3320.3818312458475,72780.109375
3320.383220096618,72836.328125
3320.3846089476215,72813.34375
3320.385997798391,72860.3203125
3320.3873866493946,72809.0625
3320.388775500165,72896.4453125
3320.3901643511676,72850.359375
3320.3915532021715,72839.953125
3320.3929420529416,72851.984375
3320.3943309039446,72884.2265625
3320.3957197549475,72857.3125
3320.3971086057186,72913.578125
3320.398497456721,72914.6953125
3320.3998863077245,72988.140625
3320.4012751584946,72939.2265625
3320.4026640094976,72950.3203125
3320.404052860501,72995.8359375
3320.4054417115044,72919.7109375
3320.4068305622745,72934.9453125
3320.408219413277,72900.375
3320.4096082642795,72996.4140625
3320.4109971152825,72960.796875
3320.4123859662855,72905.484375
3320.4137748172893,73018.9140625
3320.415163668059,73009.8125
3320.4165525190624,73010.5390625
3320.4179413700654,73014.90625
3320.4193302210683,73063.6875
3320.4207190720717,72992.375
3320.422107923075,72990.796875
3320.423496774078,73069.703125
3320.424885625081,72990.5390625
3320.4262744760845,72940.6484375
3320.427663327087,73077.59375
3320.429052178091,73033.484375
3320.430441029094,73055.140625
3320.4318298800968,73023.109375
3320.4332187311,73093.1796875
3320.4346075821036,73040.5546875
3320.435996433106,73023.4609375
3320.4373852841095,73066.875
3320.438774135113,73067.625
3320.4401629861154,73144.8359375
3320.441551837119,73129.1640625
3320.4429406881222,73087.796875
3320.444329539125,73123.234375
3320.445718390128,73119.6328125
3320.447107241132,73128.6640625
3320.4484960923673,73087.4765625
3320.4498849433708,73104.265625
3320.4512737943737,73113.1875
3320.4526626453767,73149.828125
3320.45405149638,73145.640625
3320.4554403473835,73124.5234375
3320.4568291986197,73077.0546875
3320.458218049623,73104.359375
3320.4596069006257,73105.046875
3320.460995751629,73115.375
3320.4623846028653,73157.8671875
3320.4637734538674,73083.21875
3320.46516230487,73200.8125
3320.4665511561066,73124.34375
3320.4679400071086,73121.625
3320.4693288581125,73116.4921875
3320.4707177093483,73174.109375
3320.472106560351,73139.6171875
3320.4734954113546,73077.6015625
3320.474884262591,73166.7578125
3320.4762731135934,73117.6015625
3320.4776619648296,73101.078125
3320.479050815833,73073.7265625
3320.4804396670684,73076.953125
3320.4818285180722,73142.359375
3320.483217369075,73052.984375
3320.484606220311,73055.6484375
3320.485995071314,73007.59375
3320.4873839225506,73061.15625
3320.488772773553,73063.0234375
3320.4901616247894,73013.8828125
3320.491550476025,73092.4765625
3320.492939327028,73074.546875
3320.4943281782644,73033.7890625
3320.495717029268,73064.046875
3320.4971058805036,73076.90625
3320.4984947315065,73077.1640625
3320.499883582743,73082.96875
3320.501272433978,73067.3125
3320.502661284982,73058.15625
3320.5040501362178,73044.140625
3320.5054389874535,73000.9609375
3320.506827838457,73089.046875
3320.508216689693,73096.9140625
3320.5096055409285,73048.8515625
3320.510994391932,73073.265625
3320.512383243168,72938.7734375
3320.5137720944035,73100.328125
3320.5151609456398,73006.8359375
3320.516549796643,72947.6875
3320.517938647879,72945.7109375
3320.5193274991148,73002.640625
3320.5207163503505,72814.96875
3320.5221052015854,72962.015625
3320.5234940528217,72922.8046875
3320.524882903825,72913.78125
3320.5262717550604,72962.0390625
3320.5276606062966,72944.953125
3320.529049457533,72919.3203125
3320.530438308768,72905.1796875
3320.5318271600045,72837.0546875
3320.5332160112407,72850.3515625
3320.5346048624765,72895.078125
3320.5359937137123,72910.3515625
3320.537382564949,72870.6640625
3320.5387714161843,72792.34375
3320.5401602674206,72791.28125
3320.5415491186563,72855.796875
3320.542937969892,72812.0234375
3320.5443268211284,72800.0703125
3320.5457156723646,72831.40625
3320.5471045236004,72871.390625
3320.548493374836,72835.5625
3320.5498822260724,72750.25
3320.551271077308,72754.34375
3320.5526599285445,72715.609375
3320.5540487797803,72782.421875
3320.555437631016,72736.9609375
3320.5568264822523,72827.328125
3320.5582153337214,72778.34375
3320.5596041849567,72764.3359375
3320.560993036193,72705.578125
3320.562381887429,72695.3828125
3320.5637707386645,72713.578125
3320.5651595901336,72674.9921875
3320.56654844137,72669.453125
3320.5679372926056,72779.9609375
3320.5693261438414,72665.03125
3320.570714995311,72593.609375
3320.572103846546,72664.2421875
3320.5734926977825,72719.2265625
3320.5748815490183,72595.2890625
3320.576270400487,72627.28125
3320.5776592517227,72591.28125
3320.579048102958,72521.1796875
3320.580436954426,72607.3515625
3320.5818258056624,72545.7109375
3320.5832146571315,72494.3203125
3320.5846035083673,72514.1953125
3320.585992359603,72602.5234375
3320.5873812110726,72500.28125
3320.5887700623075,72540.5234375
3320.590158913777,72542.625
3320.591547765013,72500.6796875
3320.5929366164814,72572.625
3320.5943254677177,72483.53125
3320.5957143191868,72493.6953125
3320.5971031704225,72462.6640625
3320.598492021891,72407.875
3320.5998808731274,72481.890625
3320.6012697245956,72448.796875
3320.6026585758323,72455.3203125
3320.604047427301,72445.96875
3320.6054362787695,72411.4609375
3320.6068251300053,72449.4140625
3320.608213981475,72462.265625
3320.60960283271,72522.6484375
3320.610991684179,72396.2734375
3320.6123805356483,72424.0
3320.6137693868836,72357.15625
3320.6151582383527,72367.46875
3320.616547089822,72369.2578125
3320.6179359410576,72327.5390625
3320.619324792526,72355.796875
3320.6207136439957,72334.140625
3320.6221024954634,72439.828125
3320.6234913467,72383.0234375
3320.6248801981687,72405.03125
3320.6262690496374,72370.3359375
3320.6276579011064,72290.1640625
3320.6290467523427,72337.4609375
3320.6304356038113,72355.1015625
3320.63182445528,72328.0
3320.6332133067485,72358.515625
3320.6346021582162,72300.8359375
3320.635991009685,72373.203125
3320.6373798611544,72331.09375
3320.6387687123893,72315.953125
3320.640157563859,72335.03125
3320.6415464153274,72345.953125
3320.642935266796,72319.703125
3320.644324118265,72278.2421875
3320.645712969734,72279.1171875
3320.6471018212023,72302.9375
3320.6484906726714,72306.3515625
3320.6498795241405,72249.21875
3320.6512683756087,72256.0703125
3320.652657227078,72307.515625
3320.654046078547,72257.640625
3320.6554349300154,72256.96875
3320.656823781484,72351.3828125
3320.6582126329536,72241.1328125
3320.6596014844217,72228.2265625
3320.6609903361236,72248.1953125
3320.6623791875923,72206.46875
3320.663768039061,72224.71875
3320.66515689053,72293.765625
3320.666545741999,72219.984375
3320.6679345934676,72222.6171875
3320.6693234449363,72222.109375
3320.6707122966386,72229.0546875
3320.6721011481063,72217.9453125
3320.673489999576,72191.453125
3320.6748788510445,72171.2734375
3320.676267702746,72281.9296875
3320.677656554215,72199.828125
3320.679045405684,72258.3828125
3320.6804342571522,72188.1328125
3320.681823108854,72270.0703125
3320.683211960323,72153.9921875
3320.6846008117914,72198.3828125
3320.6859896634937,72215.4375
3320.6873785149623,72215.5859375
3320.688767366431,72176.046875
3320.690156218132,72244.6796875
3320.6915450696,72220.0390625
3320.6929339210687,72098.6875
3320.6943227727706,72321.390625
3320.6957116242397,72218.3359375
3320.6971004759407,72229.484375
3320.69848932741,72159.4453125
3320.6998781791117,72178.46875
3320.70126703058,72049.765625
3320.7026558822818,71943.59375
3320.704044733751,71819.5625
3320.7054335854527,71656.3828125
3320.706822436922,71593.953125
3320.7082112886233,71439.5078125
3320.709600140092,71245.3671875
3320.7109889917942,70994.171875
3320.712377843262,70802.578125
3320.7137666949643,70547.4765625
3320.7151555466658,70415.5625
3320.7165443981344,70147.203125
3320.7179332498363,69918.609375
3320.7193221013054,69604.421875
3320.7207109530063,69369.8671875
3320.7220998047083,69051.7421875
3320.72348865641,68797.734375
3320.7248775078783,68494.609375
3320.7262663595807,68211.671875
3320.727655211282,67882.109375
3320.7290440627507,67537.5
3320.730432914452,67321.171875
3320.7318217661546,66968.2109375
3320.7332106178555,66632.359375
3320.7345994693246,66300.859375
3320.735988321026,65973.421875
3320.7373771727275,65622.9921875
3320.7387660244294,65300.0
3320.7401548761313,64990.3359375
3320.741543727833,64544.5078125
3320.7429325793014,64239.421875
3320.7443214310038,63876.3828125
3320.745710282704,63546.6171875
3320.747099134405,63187.65625
3320.748487986107,62862.16796875
3320.749876837808,62430.6015625
3320.75126568951,62066.94140625
3320.7526545412115,61702.95703125
3320.754043392913,61372.4765625
3320.755432244615,61036.16015625
3320.756821096317,60729.0625
3320.7582099480182,60368.5078125
3320.7595987997197,60046.703125
3320.760987651422,59711.51953125
3320.7623765031226,59363.375
3320.763765354825,59077.51953125
3320.7651542065264,58738.60546875
3320.766543058228,58513.63671875
3320.7679319099298,58263.81640625
3320.7693207616317,57953.7734375
3320.7707096133327,57652.109375
3320.7720984650346,57444.5703125
3320.7734873169693,57257.90234375
3320.7748761686703,57055.0078125
3320.7762650203726,56861.2265625
3320.777653872074,56657.91796875
3320.7790427237755,56545.07421875
3320.78043157571,56401.09375
3320.781820427412,56252.05078125
3320.783209279113,56229.8203125
3320.784598130815,56179.64453125
3320.7859869827494,56224.6484375
3320.787375834451,56161.6953125
3320.7887646861527,56284.2421875
3320.7901535378546,56231.51171875
3320.791542389789,56400.8671875
3320.7929312414904,56497.91015625
3320.7943200931927,56598.66796875
3320.795708945126,56805.98046875
3320.7970977968284,57049.43359375
3320.79848664853,57173.28515625
3320.799875500464,57455.16796875
3320.801264352166,57703.39453125
3320.8026532041,57869.80859375
3320.8040420558004,58170.43359375
3320.805430907735,58475.23828125
3320.806819759437,58790.82421875
3320.8082086111385,59087.33203125
3320.809597463073,59357.14453125
3320.8109863147747,59691.0625
3320.8123751667085,59976.9375
3320.813764018411,60349.1171875
3320.815152870345,60700.8515625
3320.8165417222795,61096.4375
3320.8179305739814,61416.08984375
3320.819319425916,61798.64453125
3320.820708277617,62086.8984375
3320.822097129552,62498.98046875
3320.8234859812537,62813.4296875
3320.8248748331876,63179.12109375
3320.8262636851223,63511.5546875
3320.827652536824,63813.359375
3320.8290413887585,64219.73046875
3320.8304302406927,64607.375
3320.831819092395,64980.3671875
3320.833207944329,65299.66796875
3320.8345967962637,65622.1015625
3320.835985648198,65914.96875
3320.8373744998994,66311.703125
3320.838763351834,66672.5546875
3320.840152203769,66943.2421875
3320.841541055703,67322.8203125
3320.8429299074046,67661.046875
3320.8443187593393,67959.7421875
3320.845707611273,68198.3984375
3320.8470964632083,68503.875
3320.8484853151426,68879.8046875
3320.849874167077,69203.375
3320.8512630187784,69399.828125
3320.8526518707135,69681.75
3320.8540407226474,69922.1484375
3320.855429574582,70250.5859375
3320.856818426517,70439.171875
3320.8582072784507,70696.2578125
3320.859596130385,70833.984375
3320.8609849823188,71093.484375
3320.8623738342526,71251.234375
3320.863762686188,71451.5859375
3320.865151538122,71671.171875
3320.8665403900563,71845.2578125
3320.8679292419906,71984.1484375
3320.869318093926,72096.6328125
3320.8707069458596,72194.7890625
3320.8720957977944,72267.7734375
3320.873484649729,72266.3671875
3320.874873501663,72232.2109375
3320.8762623535977,72312.15625
3320.8776512055324,72249.546875
3320.8790400576995,72271.2421875
3320.880428909634,72355.6484375
3320.881817761569,72277.828125
3320.8832066135024,72277.4375
3320.8845954654375,72261.9921875
3320.885984317372,72310.234375
3320.887373169539,72312.0234375
3320.8887620214737,72349.4140625
3320.8901508734084,72337.75
3320.8915397253427,72311.796875
3320.89292857751,72293.8515625
3320.8943174294445,72271.8203125
3320.8957062813784,72355.25
3320.8970951333135,72355.8515625
3320.8984839854807,72363.78125
3320.899872837415,72327.640625
3320.901261689349,72294.1015625
3320.9026505415172,72331.3671875
3320.904039393451,72315.375
3320.9054282456186,72300.203125
3320.9068170975534,72280.375
3320.908205949487,72395.7578125
3320.9095948016547,72282.8515625
3320.9109836535895,72323.375
3320.9123725057566,72385.21875
3320.913761357691,72319.8671875
3320.915150209858,72278.328125
3320.9165390617914,72369.328125
3320.9179279139585,72316.390625
3320.9193167658937,72382.65625
3320.9207056180603,72336.5390625
3320.922094469995,72382.8671875
3320.923483322162,72431.3203125
3320.9248721740964,72391.40625
3320.926261026264,72355.9765625
3320.9276498781987,72244.125
3320.929038730366,72403.6484375
3320.930427582533,72364.9375
3320.931816434468,72372.625
3320.9332052866343,72310.8125
3320.9345941388024,72426.3828125
3320.9359829907366,72392.09375
3320.9373718429038,72426.609375
3320.9387606950713,72346.390625
3320.940149547006,72423.2734375
3320.9415383991727,72332.4140625
3320.9429272513403,72438.2109375
3320.944316103275,72353.9375
3320.9457049554417,72418.296875
3320.9470938076097,72400.234375
3320.948482659777,72416.484375
3320.949871511944,72448.828125
3320.951260363878,72411.1015625
3320.952649216046,72378.2265625
3320.954038068213,72400.375
3320.9554269203804,72426.3125
3320.9568157725475,72337.0546875
3320.9582046247147,72462.1640625
3320.9595934766494,72408.3671875
3320.960982328817,72437.765625
3320.962371180984,72370.546875
3320.963760033151,72453.3203125
3320.965148885319,72403.2421875
3320.9665377374854,72366.6015625
3320.9679265896534,72468.609375
3320.9693154418205,72412.828125
3320.9707042939876,72420.59375
3320.9720931461547,72478.5703125
3320.973481998321,72412.09375
3320.974870850488,72434.015625
3320.9762597026556,72368.2578125
3320.977648554823,72463.6171875
3320.9790374069903,72443.046875
3320.9804262591574,72436.7109375
3320.981815111325,72493.515625
3320.9832039637245,72473.953125
3320.9845928158925,72447.4296875
3320.9859816680596,72407.109375
3320.9873705202276,72463.0078125
3320.9887593723947,72475.734375
3320.990148224562,72448.796875
3320.991537076962,72471.9609375
3320.99292592913,72500.3125
3320.9943147812965,72530.921875
3320.995703633464,72474.296875
3320.997092485631,72408.578125
3320.998481338031,72437.71875
3320.9998701901986,72472.9296875
3321.001259042366,72489.90625
3321.002647894766,72465.796875
3321.0040367469333,72488.53125
3321.0054255991013,72550.03125
3321.0068144512675,72459.2734375
3321.0082033036683,72435.4296875
3321.0095921558354,72503.7890625
3321.0109810082354,72516.1796875
3321.012369860403,72494.171875
3321.0137587125705,72464.3125
3321.01514756497,72509.3671875
3321.0165364171376,72529.6484375
3321.017925269538,72476.890625
3321.0193141217046,72409.890625
3321.0207029741055,72527.1328125
3321.0220918262726,72440.34375
3321.0234806786725,72421.46875
3321.0248695308396,72478.25
3321.0262583832405,72550.8203125
3321.0276472354067,72485.640625
3321.029036087806,72427.0234375
3321.0304249399737,72511.3828125
3321.031813792373,72541.953125
3321.033202644541,72515.671875
3321.034591496941,72508.65625
3321.0359803493407,72488.328125
3321.0373692015087,72524.9296875
3321.0387580539086,72568.34375
3321.0401469060757,72474.5546875
3321.0415357584757,72521.203125
3321.0429246108765,72516.5
3321.044313463043,72492.828125
3321.0457023154436,72568.03125
3321.0470911678435,72515.234375
3321.0484800202435,72471.578125
3321.049868872411,72457.40625
3321.0512577248114,72555.28125
3321.0526465772114,72517.921875
3321.0540354296113,72464.7421875
3321.0554242817793,72489.1015625
3321.0568131341784,72527.1484375
3321.058201986579,72470.046875
3321.059590838979,72521.1875
3321.060979691379,72545.9609375
3321.0623685437795,72498.203125
3321.063757395947,72476.0546875
3321.0651462483465,72547.0703125
3321.066535100747,72564.40625
3321.0679239531473,72529.5078125
3321.069312805547,72566.1328125
3321.0707016579477,72579.015625
3321.0720905103476,72546.703125
3321.0734793627475,72539.9375
3321.0748682151475,72486.453125
3321.0762570675483,72521.9375
3321.077645919948,72615.9375
3321.079034772348,72585.046875
3321.080423624748,72464.7265625
3321.081812477148,72520.8515625
3321.0832013295485,72460.6171875
3321.084590181948,72475.0703125
3321.085979034347,72470.109375
3321.0873678867474,72481.28125
3321.088756739148,72502.8359375
3321.0901455917806,72565.2734375
3321.0915344441805,72528.421875
3321.0929232965814,72527.6953125
3321.094312148981,72526.6640625
3321.0957010013813,72553.46875
3321.097089853781,72475.1171875
3321.098478706414,72534.03125
3321.0998675588144,72497.140625
3321.1012564112148,72531.6640625
3321.1026452636147,72472.9140625
3321.1040341160146,72561.25
3321.105422968648,72479.5078125
3321.1068118210474,72472.234375
3321.108200673448,72547.4140625
3321.109589526081,72542.9921875
3321.110978378481,72522.796875
3321.1123672308813,72522.7421875
3321.1137560835145,72583.328125
3321.115144935914,72512.8125
3321.1165337883144,72526.71875
3321.1179226409477,72475.1171875
3321.119311493347,72543.125
3321.1207003459804,72538.7265625
3321.1220891983808,72473.1875
3321.1234780507807,72549.7421875
3321.1248669034135,72583.21875
3321.1262557558143,72504.3203125
3321.127644608446,72466.7578125
3321.129033460847,72527.703125
3321.13042231348,72509.0
3321.1318111658798,72540.3125
3321.133200018513,72448.0859375
3321.1345888709134,72495.3828125
3321.135977723546,72507.5546875
3321.137366576179,72420.5859375
3321.1387554285793,72547.3203125
3321.1401442812116,72537.484375
3321.1415331336116,72432.2578125
3321.1429219862443,72471.21875
3321.144310838876,72519.2890625
3321.145699691277,72537.1015625
3321.14708854391,72549.6015625
3321.1484773965426,72500.6015625
3321.149866248943,72491.1796875
3321.151255101576,72544.515625
3321.152643954209,72493.046875
3321.154032806609,72531.8515625
3321.155421659242,72524.765625
3321.1568105118745,72529.9609375
3321.158199364508,72477.7578125
3321.159588217141,72572.265625
3321.160977069541,72548.5546875
3321.1623659221736,72530.1875
3321.1637547748073,72482.3984375
3321.1651436274396,72478.1015625
3321.166532480073,72492.8046875
3321.167921332706,72496.3125
3321.1693101851056,72520.625
3321.170699037739,72498.265625
3321.172087890372,72413.28125
3321.173476743005,72511.6171875
3321.1748655956376,72545.9453125
3321.1762544482713,72489.3203125
3321.177643300903,72522.8515625
3321.179032153537,72485.8671875
3321.1804210061696,72463.484375
3321.1818098588024,72583.9140625
3321.1831987114356,72504.1484375
3321.184587564069,72467.8203125
3321.1859764167016,72587.4765625
3321.1873652693344,72459.7890625
3321.1887541219676,72563.15625
3321.1901429746,72523.6875
3321.1915318272336,72604.1796875
3321.1929206798663,72581.7578125
3321.194309532499,72516.0
3321.1956983853647,72539.296875
3321.1970872379975,72562.359375
3321.1984760906294,72485.9609375
3321.1998649432626,72558.265625
3321.201253795896,72556.7421875
3321.202642648528,72600.703125
3321.204031501394,72536.5546875
3321.2054203540274,72480.9453125
3321.2068092066597,72546.9609375
3321.2081980592934,72507.1015625
3321.209586912159,72568.5625
3321.210975764792,72557.4375
3321.2123646174246,72510.75
3321.2137534700582,72532.875
3321.2151423229234,72494.5234375
3321.2165311755566,72582.4140625
3321.2179200281894,72607.84375
3321.219308881055,72483.6875
3321.220697733688,72505.8984375
3321.2220865865543,72536.21875
3321.223475439187,72626.75
3321.22486429182,72505.03125
3321.2262531446863,72554.6640625
3321.227641997318,72545.4140625
3321.2290308501847,72601.8046875
3321.2304197028175,72659.875
3321.231808555683,72604.703125
3321.2331974083163,72551.0390625
3321.2345862611824,72535.7578125
3321.2359751138147,72553.1796875
3321.2373639666807,72576.265625
3321.238752819314,72570.8125
3321.240141672179,72460.2890625
3321.241530524813,72587.1015625
3321.2429193776784,72561.125
3321.244308230311,72487.6875
3321.2456970831768,72458.8359375
3321.2470859360433,72569.7109375
3321.2484747886756,72603.390625
3321.2498636415417,72543.1171875
3321.2512524944073,72635.703125
3321.25264134704,72555.4921875
3321.2540301999056,72545.328125
3321.255419052771,72512.921875
3321.256807905403,72563.40625
3321.258196758269,72543.171875
3321.259585611135,72549.4609375
3321.260974464001,72566.453125
3321.2623633166336,72517.2890625
3321.2637521695,72548.1875
3321.2651410223652,72541.2265625
3321.2665298752313,72522.125
3321.267918728097,72530.96875
3321.2693075807297,72551.0859375
3321.2706964335957,72538.6328125
3321.272085286462,72575.890625
3321.2734741393274,72571.640625
3321.274862992193,72593.859375
3321.276251845059,72558.0859375
3321.277640697924,72554.859375
3321.2790295507907,72607.2578125
3321.2804184036563,72528.2109375
3321.281807256522,72568.1953125
3321.283196109388,72555.671875
3321.284584962254,72485.9765625
3321.285973815119,72504.7734375
3321.2873626679852,72533.0703125
3321.2887515208513,72579.8671875
3321.2901403737164,72630.53125
3321.2915292265825,72535.0390625
3321.2929180794486,72524.28125
3321.294306932314,72524.75
3321.2956957851798,72596.421875
3321.2970846380463,72549.8359375
3321.2984734909114,72563.7265625
3321.2998623437775,72551.9765625
3321.301251196643,72591.203125
3321.3026400497415,72613.8046875
3321.3040289026076,72581.3125
3321.3054177554736,72589.765625
3321.3068066083392,72542.90625
3321.308195461205,72593.0625
3321.3095843143033,72538.75
3321.3109731671684,72544.21875
3321.3123620200345,72610.109375
3321.3137508729,72585.6875
3321.3151397259985,72573.6328125
3321.316528578865,72593.71875
3321.3179174317297,72630.46875
3321.319306284596,72520.3203125
3321.3206951376947,72645.640625
3321.3220839905603,72608.921875
3321.3234728434263,72572.546875
3321.324861696525,72562.5390625
3321.3262505493904,72550.9765625
3321.3276394024892,72513.578125
3321.3290282553553,72656.59375
3321.3304171082204,72563.7421875
3321.33180596132,72575.796875
3321.3331948141854,72612.78125
3321.334583667284,72591.984375
3321.3359725201494,72573.59375
3321.3373613732488,72579.5859375
3321.338750226114,72633.6875
3321.340139079213,72591.390625
3321.3415279320784,72572.125
3321.342916785177,72483.7890625
3321.344305638043,72560.640625
3321.345694491142,72643.0625
3321.34708334424,72618.5859375
3321.348472197106,72608.03125
3321.349861050205,72629.9609375
3321.35124990307,72592.8515625
3321.352638756169,72496.859375
3321.3540276092676,72621.9453125
3321.3554164621332,72560.265625
3321.356805315232,72589.4375
3321.358194168331,72605.9375
3321.359583021196,72598.65625
3321.360971874295,72646.0234375
3321.362360727394,72546.1328125
3321.363749580492,72539.765625
3321.365138433358,72605.3671875
3321.366527286456,72540.6953125
3321.3679161395535,72596.25
3321.369304992653,72581.9375
3321.3706938457512,72543.3203125
3321.372082698617,72553.2578125
3321.3734715517157,72579.796875
3321.3748604048146,72513.640625
3321.3762492579126,72572.9609375
3321.3776381110115,72590.046875
3321.3790269641104,72626.953125
3321.3804158172084,72551.734375
3321.3818046703072,72513.3671875
3321.383193523406,72584.953125
3321.3845823762717,72459.09375
3321.38597122937,72619.2265625
3321.3873600824695,72498.2734375
3321.3887489355675,72598.0
3321.3901377886664,72581.7109375
3321.391526641765,72573.9765625
3321.3929154948632,72540.09375
3321.394304348195,72602.4921875
3321.395693201294,72520.3984375
3321.3970820543923,72547.0859375
3321.3984709074907,72572.0078125
3321.3998597605896,72594.46875
3321.4012486136876,72539.6328125
3321.402637466787,72555.6875
3321.4040263198854,72647.8671875
3321.405415172984,72601.875
3321.406804026315,72633.7265625
3321.4081928794144,72586.1796875
3321.4095817325124,72554.4453125
3321.4109705856113,72629.03125
3321.41235943871,72565.6015625
3321.413748292041,72548.7109375
3321.41513714514,72620.0078125
3321.4165259982387,72555.328125
3321.417914851337,72577.234375
3321.4193037046684,72554.828125
3321.420692557768,72540.6171875
3321.4220814108653,72580.4140625
3321.4234702641966,72507.1171875
3321.424859117295,72438.78125
3321.426247970393,72580.1796875
3321.4276368237247,72626.3515625
3321.4290256768236,72557.9140625
3321.4304145299216,72528.90625
3321.4318033832533,72542.1796875
3321.433192236352,72542.765625
3321.4345810896834,72563.765625
3321.435969942782,72544.9375
3321.437358796114,72552.0546875
3321.4387476492116,72501.9609375
3321.4401365025437,72557.140625
3321.441525355642,72625.4609375
3321.4429142089734,72561.9296875
3321.4443030620723,72631.3125
3321.445691915404,72580.9453125
3321.4470807685025,72609.1328125
3321.4484696218337,72570.59375
3321.4498584749326,72587.5390625
3321.4512473282634,72534.03125
3321.4526361815956,72609.0625
3321.454025034694,72565.0625
3321.4554138880253,72608.15625
3321.4568027411237,72619.65625
3321.458191594456,72592.1015625
3321.4595804477867,72526.1796875
3321.4609693008856,72607.890625
3321.4623581542173,72642.375
3321.463747007548,72582.2265625
3321.46513586088,72633.1953125
3321.4665247139787,72545.296875
3321.46791356731,72576.921875
3321.4693024206413,72640.609375
3321.4706912739734,72607.7734375
3321.472080127071,72570.6875
3321.473468980403,72670.5390625
3321.4748578337344,72579.53125
3321.4762466870657,72595.8203125
3321.4776355403974,72587.390625
3321.479024393728,72497.0703125
3321.4804132470586,72663.203125
3321.4818021001574,72507.96875
3321.483190953489,72652.7265625
3321.4845798068204,72595.640625
3321.4859686601517,72579.2578125
3321.487357513484,72648.4140625
3321.488746366814,72627.046875
3321.4901352201464,72628.0078125
3321.4915240734776,72647.46875
3321.492912926809,72617.6484375
3321.4943017801406,72593.03125
3321.4956906334723,72591.65625
3321.497079486803,72624.3984375
3321.498468340135,72599.1171875
3321.4998571934666,72655.984375
3321.5012460467974,72597.4453125
3321.5026349001296,72622.1015625
3321.5040237536937,72607.6875
3321.505412607025,72591.328125
3321.506801460356,72645.8046875
3321.5081903136884,72662.78125
3321.509579167019,72597.5859375
3321.510968020351,72625.109375
3321.512356873915,72625.328125
3321.5137457272463,72588.5390625
3321.515134580578,72638.734375
3321.5165234339097,72611.5078125
3321.517912287241,72625.3984375
3321.519301140805,72586.875
3321.5206899941372,72624.796875
3321.5220788474676,72586.28125
3321.5234677010326,72537.640625
3321.524856554364,72594.671875
3321.526245407695,72639.2890625
3321.5276342612597,72604.6640625
3321.5290231145914,72728.5234375
3321.530411967922,72696.0625
3321.5318008214867,72614.46875
3321.5331896748185,72651.3125
3321.534578528382,72664.5859375
3321.5359673817134,72633.5859375
3321.5373562350446,72611.0703125
3321.538745088608,72536.5390625
3321.54013394194,72587.5703125
3321.541522795504,72665.1796875
3321.5429116488353,72675.578125
3321.5443005024,72626.421875
3321.5456893557316,72644.65625
3321.5470782092953,72571.0859375
3321.548467062627,72656.7578125
3321.5498559161915,72656.140625
3321.551244769755,72544.8046875
3321.552633623087,72589.359375
3321.5540224766514,72590.375
3321.5554113299827,72629.71875
3321.556800183547,72658.5234375
3321.558189037112,72584.9921875
3321.5595778904426,72630.234375
3321.560966744007,72581.5
3321.5623555975712,72562.5078125
3321.5637444509025,72527.546875
3321.565133304467,72609.109375
3321.5665221580316,72659.578125
3321.567911011363,72610.5703125
3321.569299864927,72646.9453125
3321.5706887184915,72554.375
3321.572077572055,72571.140625
3321.57346642562,72617.1796875
3321.5748552789514,72662.3046875
3321.5762441325155,72560.2421875
3321.57763298608,72635.734375
3321.5790218396446,72602.140625
3321.5804106932083,72563.8515625
3321.581799546773,72654.1953125
3321.5831884001045,72574.2890625
3321.584577253668,72593.5546875
3321.5859661072327,72619.2421875
3321.5873549607973,72598.703125
3321.5887438143614,72570.953125
3321.5901326679254,72578.9765625
3321.5915215214895,72528.0859375
3321.5929103750527,72550.3515625
3321.594299228617,72554.5
3321.595688082182,72584.3515625
3321.5970769357455,72568.6953125
3321.59846578931,72615.5390625
3321.5998546428746,72669.7734375
3321.601243496438,72635.8359375
3321.6026323500028,72578.390625
3321.6040212035673,72570.28125
3321.605410057364,72642.0
3321.6067989109283,72638.71875
3321.6081877644933,72554.5546875
3321.6095766180565,72483.59375
3321.6109654716215,72645.3203125
3321.6123543251856,72538.9609375
3321.6137431787497,72602.75
3321.615132032547,72550.171875
3321.6165208861116,72593.4453125
3321.6179097396757,72589.1640625
3321.61929859324,72649.84375
3321.620687447037,72606.9375
3321.622076300601,72588.375
3321.623465154166,72643.90625
3321.6248540079628,72517.203125
3321.626242861527,72550.828125
3321.627631715091,72540.1875
3321.629020568656,72532.828125
3321.6304094224524,72632.578125
3321.631798276017,72569.1640625
3321.6331871298144,72585.9453125
3321.634575983378,72548.9140625
3321.6359648369425,72563.75
3321.63735369074,72588.4140625
3321.638742544304,72572.3515625
3321.640131398101,72658.015625
3321.641520251666,72544.953125
3321.642909105462,72555.84375
3321.644297959027,72576.859375
3321.645686812824,72533.3515625
3321.647075666388,72604.6796875
3321.648464520185,72566.7578125
3321.6498533737486,72589.2109375
3321.651242227545,72572.953125
3321.6526310811096,72528.0546875
3321.654019934907,72499.6015625
3321.655408788704,72546.8671875
3321.656797642268,72627.1015625
3321.658186496066,72520.109375
3321.659575349629,72529.78125
3321.660964203427,72550.796875
3321.6623530572238,72560.890625
3321.663741910788,72557.6953125
3321.6651307645852,72552.234375
3321.6665196183826,72541.1640625
3321.6679084721795,72516.953125
3321.6692973257436,72563.828125
3321.670686179541,72560.515625
3321.6720750333375,72484.8046875
3321.6734638871353,72643.3515625
3321.6748527406994,72510.3515625
3321.6762415944963,72555.0234375
3321.6776304482933,72446.1484375
3321.679019302091,72503.5703125
3321.6804081558876,72572.6875
3321.681797009685,72571.3515625
3321.683185863249,72545.8828125
3321.684574717046,72501.2890625
3321.6859635708433,72476.6328125
3321.6873524246407,72512.7265625
3321.6887412784376,72529.0
3321.6901301322346,72513.8125
3321.6915189860324,72572.734375
3321.6929078398284,72577.296875
3321.6942966936263,72589.1640625
3321.695685547423,72572.6484375
3321.69707440122,72569.5
3321.6984632550175,72525.0390625
3321.699852108815,72549.890625
3321.7012409626113,72550.8515625
3321.7026298164087,72518.375
3321.704018670206,72564.265625
3321.705407524002,72578.0546875
3321.7067963777986,72517.921875
3321.7081852318292,72525.03125
3321.7095740856253,72580.34375
3321.710962939423,72557.8046875
3321.71235179322,72606.4765625
3321.713740647018,72565.390625
3321.715129500815,72554.3046875
3321.7165183548445,72578.9140625
3321.7179072086415,72530.5234375
3321.7192960624393,72507.046875
3321.7206849162358,72561.59375
3321.722073770266,72541.421875
3321.7234626240634,72514.4609375
3321.72485147786,72563.390625
3321.726240331657,72584.8515625
3321.7276291856874,72506.578125
3321.7290180394843,72547.75
3321.7304068932813,72561.3125
3321.731795747312,72530.0546875
3321.733184601108,72573.5859375
3321.7345734551386,72501.8203125
3321.7359623089355,72597.3359375
3321.7373511627325,72618.7578125
3321.7387400167627,72499.578125
3321.74012887056,72567.0859375
3321.74151772459,72488.5546875
3321.7429065783867,72505.890625
3321.744295432417,72545.484375
3321.7456842862134,72569.9921875
3321.747073140244,72555.53125
3321.748461994041,72548.046875
3321.7498508480708,72564.0390625
3321.7512397018677,72575.3984375
3321.7526285558984,72544.953125
3321.754017409695,72525.0703125
3321.755406263725,72540.6015625
3321.7567951177552,72597.171875
3321.7581839715517,72581.6015625
3321.759572825582,72705.109375
3321.7609616796112,72641.6484375
3321.7623505334072,72552.765625
3321.763739387438,72649.9140625
3321.7651282414677,72568.625
3321.7665170952646,72650.859375
3321.7679059492943,72521.5625
3321.769294803325,72535.265625
3321.7706836571215,72559.359375
3321.7720725111517,72596.7578125
3321.7734613651814,72639.375
3321.774850219211,72600.9765625
3321.7762390732414,72522.9765625
3321.777627927039,72636.6796875
3321.7790167810685,72535.640625
3321.7804056350983,72654.046875
3321.781794489129,72551.5703125
3321.783183343158,72480.390625
3321.7845721971885,72542.2578125
3321.7859610512182,72506.546875
3321.787349905015,72614.734375
3321.7887387590454,72516.6796875
3321.7901276130756,72599.4296875
3321.791516467105,72562.3203125
3321.792905321135,72587.3828125
3321.7942941751653,72573.609375
3321.7956830291946,72612.296875
3321.7970718832253,72590.890625
3321.798460737255,72557.8046875
3321.799849591285,72597.9609375
3321.8012384453145,72564.40625
3321.802627299345,72568.6640625
3321.8040161536073,72684.2578125
3321.8054050076375,72540.9140625
3321.8067938616673,72617.4140625
3321.808182715697,72626.0234375
3321.8095715697273,72560.3828125
3321.8109604237575,72578.3046875
3321.8123492777872,72574.40625
3321.813738131817,72555.5703125
3321.8151269860805,72582.59375
3321.8165158401093,72636.65625
3321.817904694139,72624.3671875
3321.819293548169,72597.6015625
3321.820682402431,72610.125
3321.822071256461,72579.53125
3321.823460110491,72566.6171875
3321.8248489645207,72583.21875
3321.8262378187837,72590.03125
3321.827626672814,72526.0703125
3321.8290155268437,72625.703125
3321.8304043811063,72601.375
3321.8317932351365,72601.8046875
3321.833182089166,72562.84375
3321.8345709434293,72570.0234375
3321.835959797459,72589.5859375
3321.8373486517216,72635.0078125
3321.838737505752,72604.84375
3321.840126359782,72599.71875
3321.841515214044,72545.2734375
3321.8429040680744,72549.1875
3321.8442929223374,72525.1171875
3321.8456817763667,72581.9375
3321.84707063063,72543.9375
3321.84845948466,72511.640625
3321.8498483389226,72563.0859375
3321.851237193185,72521.5
3321.852626047216,72602.2578125
3321.854014901478,72609.171875
3321.855403755508,72546.40625
3321.8567926097708,72536.796875
3321.8581814638005,72533.21875
3321.8595703180636,72487.15625
3321.8609591723266,72560.9609375
3321.8623480263564,72599.96875
3321.863736880619,72548.328125
3321.865125734882,72558.3203125
3321.866514589144,72579.734375
3321.867903443175,72553.0546875
3321.8692922974374,72595.015625
3321.8706811517,72522.8828125
3321.87207000573,72600.96875
3321.8734588599923,72614.4921875
3321.874847714254,72617.0078125
3321.876236568517,72554.5625
3321.87762542278,72611.9765625
3321.87901427681,72519.015625
3321.8804031310724,72617.6640625
3321.8817919853354,72573.8828125
3321.8831808395976,72576.5
3321.884569693861,72547.765625
3321.8859585481237,72602.1875
3321.8873474023862,72570.3515625
3321.888736256649,72575.2890625
3321.8901251109123,72512.84375
3321.8915139651745,72596.7578125
3321.8929028194375,72556.6171875
3321.8942916737005,72600.7734375
3321.8956805279627,72550.078125
3321.8970693822257,72611.3671875
3321.8984582364888,72612.953125
3321.8998470907513,72605.03125
3321.901235945014,72584.40625
3321.9026247992774,72557.7421875
3321.904013653539,72575.9921875
3321.9054025078026,72551.8671875
3321.906791362065,72659.625
3321.9081802163278,72604.8046875
3321.909569070591,72544.015625
3321.9109579250867,72579.2109375
3321.9123467793493,72618.40625
3321.913735633612,72616.96875
3321.915124487875,72581.546875
3321.916513342137,72548.7265625
3321.9179021964005,72628.9453125
3321.919291050896,72558.4765625
3321.9206799051585,72596.09375
3321.922068759421,72590.6015625
3321.9234576139174,72633.3203125
3321.9248464681796,72586.5625
3321.9262353224426,72563.0703125
3321.9276241767056,72605.5234375
3321.9290130312006,72503.3203125
3321.930401885463,72572.8671875
3321.931790739958,72575.8515625
3321.9331795942203,72640.71875
3321.934568448484,72510.0703125
3321.935957302979,72534.15625
3321.937346157242,72588.6953125
3321.938735011737,72558.515625
3321.9401238660007,72549.703125
3321.941512720263,72610.484375
3321.9429015747587,72556.75
3321.9442904290217,72503.296875
3321.9456792835167,72596.3203125
3321.9470681377798,72587.421875
3321.9484569922756,72600.4453125
3321.949845846771,72478.015625
3321.9512347010336,72575.140625
3321.95262355553,72542.3046875
3321.9540124097916,72495.78125
3321.955401264288,72583.1953125
3321.9567901185505,72567.875
3321.958178973046,72550.6640625
3321.959567827542,72526.6171875
3321.960956681805,72539.1953125
3321.9623455363,72486.6640625
3321.9637343907957,72558.09375
3321.9651232450587,72541.28125
3321.9665120995537,72552.65625
3321.96790095405,72540.1171875
3321.9692898085455,72482.15625
3321.970678662808,72518.59375
3321.9720675173035,72502.6953125
3321.9734563718,72553.265625
3321.9748452262947,72465.5703125
3321.9762340807906,72565.53125
3321.977622935053,72461.7265625
3321.9790117895486,72602.640625
3321.9804006440445,72538.4765625
3321.9817894985404,72525.8046875
3321.983178353036,72441.6484375
3321.984567207531,72476.484375
3321.9859560620275,72518.5703125
3321.9873449165216,72514.71875
3321.9887337710165,72553.6015625
3321.99012262528,72435.3046875
3321.991511479775,72558.390625
3321.992900334271,72542.765625
3321.9942891887663,72509.9765625
3321.9956780432617,72472.2734375
3321.9970668977576,72576.984375
3321.9984557524863,72418.9921875
3321.9998446069817,72525.0859375
3322.001233461477,72496.734375
3322.0026223159734,72481.4765625
3322.004011170468,72508.59375
3322.0054000249643,72527.6484375
3322.0067888794597,72580.2109375
3322.008177733955,72475.859375
3322.009566588451,72489.109375
3322.0109554431797,72514.515625
3322.0123442976746,72434.515625
3322.0137331521705,72535.7109375
3322.0151220066664,72417.2265625
3322.0165108611614,72513.4765625
3322.0178997158905,72506.5078125
3322.019288570386,72529.703125
3322.0206774248813,72459.1875
3322.0220662793768,72475.765625
3322.023455134106,72544.8125
3322.024843988601,72499.578125
3322.0262328430968,72554.5078125
3322.027621697825,72409.3125
3322.0290105523204,72520.5859375
3322.0303994068163,72488.96875
3322.031788261545,72474.0
3322.0331771160404,72534.4453125
3322.0345659707687,72586.8828125
3322.035954825265,72539.96875
3322.0373436797595,72403.5234375
3322.0387325344886,72504.375
3322.040121388984,72555.8203125
3322.0415102437123,72564.9765625
3322.0428990982077,72476.3046875
3322.044287952935,72470.0
3322.0456768074305,72485.046875
3322.047065662159,72527.234375
3322.048454516655,72491.2109375
3322.0498433713833,72557.7578125
3322.0512322261116,72529.2890625
3322.0526210806074,72543.4765625
3322.054009935335,72494.2265625
3322.0553987898315,72500.953125
3322.05678764456,72488.6171875
3322.058176499288,72547.03125
3322.059565353784,72498.65625
3322.0609542085126,72542.3046875
3322.0623430632404,72550.953125
3322.0637319177363,72455.5
3322.065120772465,72515.7734375
3322.0665096271928,72519.8984375
3322.0678984819215,72522.9921875
3322.0692873364173,72516.96875
3322.0706761911456,72462.46875
3322.072065045874,72495.59375
3322.073453900603,72526.84375
3322.074842755331,72424.3046875
3322.0762316098267,72438.1875
3322.077620464555,72466.40625
3322.079009319283,72562.4140625
3322.080398174012,72468.640625
3322.0817870287406,72550.765625
3322.083175883469,72479.78125
3322.084564738197,72622.171875
3322.0859535929258,72518.375
3322.0873424476536,72512.328125
3322.08873130215,72517.65625
3322.090120156878,72450.53125
3322.0915090116064,72499.9296875
3322.092897866335,72496.0
3322.094286721064,72544.40625
3322.0956755757916,72435.9375
3322.097064430753,72442.8828125
3322.098453285482,72449.140625
3322.099842140209,72515.5234375
3322.101230994937,72543.1484375
3322.1026198496656,72513.6171875
3322.1040087043934,72523.5078125
3322.1053975591226,72481.7109375
3322.106786413851,72513.90625
3322.108175268579,72522.078125
3322.10956412354,72442.65625
3322.1109529782693,72466.40625
3322.112341832997,72502.71875
3322.113730687726,72487.0390625
3322.1151195424545,72464.015625
3322.116508397415,72509.078125
3322.117897252144,72573.640625
3322.1192861068726,72489.1640625
3322.120674961601,72493.6875
3322.122063816562,72479.90625
3322.123452671291,72520.1015625
3322.1248415260184,72525.0078125
3322.1262303809804,72525.859375
3322.1276192357086,72556.96875
3322.1290080906697,72549.484375
3322.1303969453984,72487.28125
3322.131785800127,72518.21875
3322.133174655088,72479.3671875
3322.1345635098164,72542.953125
3322.135952364778,72489.859375
3322.1373412195057,72603.5703125
3322.1387300744677,72530.015625
3322.140118929196,72540.40625
3322.141507784157,72522.8203125
3322.1428966388853,72555.9375
3322.1442854938473,72506.7421875
3322.145674348575,72491.6640625
3322.1470632035366,72476.6484375
3322.1484520582653,72520.6328125
3322.149840913226,72533.6484375
3322.1512297679546,72558.3359375
3322.152618622916,72524.09375
3322.1540074778773,72454.21875
3322.155396332605,72502.0
3322.1567851875657,72467.6015625
3322.1581740425268,72535.59375
3322.159562897255,72569.015625
3322.160951752217,72574.3671875
3322.1623406071776,72557.765625
3322.163729462139,72568.671875
3322.1651183168674,72559.0625
3322.1665071718285,72495.40625
3322.16789602679,72577.75
3322.1692848817515,72538.3671875
3322.17067373648,72592.2265625
3322.172062591441,72535.7578125
3322.173451446403,72509.0
3322.174840301363,72541.046875
3322.176229156325,72536.6171875
3322.177618011286,72566.3984375
3322.179006866247,72533.5703125
3322.180395720976,72500.4921875
3322.1817845759374,72516.875
3322.183173430898,72569.0
3322.1845622858596,72574.4453125
3322.185951140821,72503.0390625
3322.1873399957817,72506.09375
3322.1887288507437,72430.9609375
3322.190117705705,72509.625
3322.191506560666,72472.3828125
3322.192895415627,72495.1015625
3322.194284270589,72475.3046875
3322.1956731255495,72471.359375
3322.197061980511,72516.046875
3322.198450835472,72524.828125
3322.199839690666,72556.0
3322.2012285456276,72476.5546875
3322.202617400589,72507.4609375
3322.20400625555,72489.921875
3322.2053951105113,72486.109375
3322.2067839654733,72433.4375
3322.2081728204334,72491.375
3322.2095616756283,72489.6640625
3322.2109505305893,72519.2734375
3322.2123393855495,72494.671875
3322.2137282405106,72490.6171875
3322.2151170957045,72450.5546875
3322.2165059506656,72473.5625
3322.217894805627,72495.8046875
3322.2192836605886,72518.578125
3322.2206725157826,72506.8046875
3322.2220613707436,72507.3203125
3322.2234502259384,72451.0703125
3322.2248390808986,72476.4609375
3322.2262279358606,72511.2265625
3322.2276167910545,72511.265625
3322.2290056460156,72455.1640625
3322.230394500977,72491.2265625
3322.2317833561715,72497.3046875
3322.233172211132,72445.671875
3322.2345610663265,72473.6875
3322.235949921288,72474.203125
3322.2373387764815,72376.7734375
3322.238727631443,72471.4453125
3322.2401164866374,72411.1953125
3322.2415053415984,72431.0
3322.2428941967923,72420.96875
3322.2442830517543,72458.15625
3322.245671906948,72469.03125
3322.247060762142,72456.296875
3322.2484496171032,72446.1484375
3322.249838472297,72489.8671875
3322.2512273272587,72444.8828125
3322.252616182453,72420.6171875
3322.254005037647,72498.9296875
3322.255393892608,72402.8046875
3322.2567827478024,72449.171875
3322.258171602996,72487.484375
3322.2595604581907,72422.078125
3322.2609493131517,72360.4765625
3322.2623381683457,72437.3828125
3322.26372702354,72520.578125
3322.2651158787344,72441.7265625
3322.266504733695,72459.25
3322.2678935888894,72484.78125
3322.2692824440833,72452.6171875
3322.2706712992763,72445.2578125
3322.27206015447,72433.578125
3322.2734490096645,72452.9375
3322.274837864625,72475.21875
3322.27622671982,72376.265625
3322.277615575014,72425.0078125
3322.279004430208,72407.921875
3322.280393285402,72461.734375
3322.2817821405965,72431.671875
3322.28317099579,72384.4453125
3322.2845598509844,72386.203125
3322.2859487061787,72438.828125
3322.287337561372,72437.78125
3322.2887264165665,72421.0859375
3322.290115271761,72303.609375
3322.291504126955,72368.0
3322.2928929821487,72374.78125
3322.2942818373435,72454.0859375
3322.2956706925365,72416.25
3322.297059547964,72481.515625
3322.298448403158,72415.109375
3322.299837258352,72397.046875
3322.3012261135464,72426.5859375
3322.3026149687407,72416.0859375
3322.3040038239346,72393.15625
3322.3053926793614,72364.2109375
3322.3067815345557,72404.140625
3322.308170389749,72404.078125
3322.309559244944,72396.9375
3322.310948100138,72434.203125
3322.3123369555647,72362.9140625
3322.3137258107586,72417.453125
3322.3151146659534,72301.4609375
3322.3165035213797,72365.90625
3322.317892376574,72393.734375
3322.3192812317684,72421.21875
3322.3206700871947,72385.1953125
3322.322058942389,72366.90625
3322.3234477975834,72391.9375
3322.3248366530092,72313.921875
3322.326225508203,72346.078125
3322.32761436363,72423.0859375
3322.329003218824,72348.5390625
3322.3303920742505,72397.1171875
3322.3317809294454,72253.5
3322.3331697848716,72122.78125
3322.334558640066,71967.9609375
3322.335947495493,71786.0625
3322.3373363506867,71519.890625
3322.338725206114,71345.15625
3322.340114061308,71069.1171875
3322.341502916735,70717.9296875
3322.342891771929,70420.5078125
3322.3442806273565,70031.03125
3322.3456694827823,69654.078125
3322.347058337977,69277.75
3322.348447193404,68812.5703125
3322.3498360488306,68397.3046875
3322.351224904025,67914.4765625
3322.352613759452,67564.0546875
3322.354002614879,66979.453125
3322.355391470073,66559.453125
3322.3567803255,66038.2890625
3322.3581691809263,65575.4921875
3322.359558036354,65013.65625
3322.360946891548,64502.01953125
3322.3623357469746,63964.2265625
3322.3637246024014,63426.81640625
3322.365113457829,62857.19140625
3322.3665023132553,62276.45703125
3322.3678911684497,61692.13671875
3322.369280023877,61122.546875
3322.3720577347303,59818.65625
3322.3734465901575,59281.796875
3322.3748354455843,58650.52734375
3322.3776131564387,57370.83984375
3322.3790020118645,56793.5390625
3322.380390867292,56210.1640625
3322.3817797227184,55588.71875
3322.3831685781447,54958.20703125
3322.3845574335724,54274.08984375
3322.385946288998,53656.9296875
3322.387335144426,53022.2578125
3322.3887239998526,52426.60546875
3322.3901128552793,51801.10546875
3322.3915017107065,51149.2265625
3322.3928905661337,50563.23046875
3322.39566827722,49340.84765625
3322.397057132647,48764.6953125
3322.3984459880735,48134.39453125
3322.399834843501,47529.98828125
3322.401223698928,47006.44921875
3322.4026125545874,46484.61328125
3322.404001410014,45905.66015625
3322.405390265442,45338.390625
3322.406779120868,44861.0234375
3322.408167976528,44430.62890625
3322.4095568319553,43912.28125
3322.4109456873816,43539.62890625
3322.412334542809,43142.0859375
3322.413723398469,42735.20703125
3322.4151122538956,42395.41796875
3322.4165011093223,42032.953125
3322.417889964983,41806.94140625
3322.4192788204086,41567.89453125
3322.420667676069,41306.34375
3322.422056531496,41099.8125
3322.4234453871554,40982.75390625
3322.4248342425826,40902.671875
3322.42622309801,40856.36328125
3322.4276119536694,40874.5078125
3322.429000809096,40878.8203125
3322.430389664756,40960.34765625
3322.4317785201824,41067.35546875
3322.433167375843,41252.046875
3322.4345562315025,41482.32421875
3322.435945086929,41695.1015625
3322.4373339425883,41938.02734375
3322.4387227980146,42245.01171875
3322.440111653674,42598.5546875
3322.441500509334,42971.84375
3322.4428893647614,43318.7421875
3322.4442782204205,43775.3515625
3322.4456670758477,44238.49609375
3322.4470559315077,44735.87890625
3322.448444787167,45142.97265625
3322.4498336428273,45720.2109375
3322.451222498254,46233.72265625
3322.4526113539137,46752.125
3322.454000209573,47351.48828125
3322.4553890652337,47867.08203125
3322.45677792066,48514.015625
3322.45816677632,49123.0859375
3322.4595556319796,49653.3828125
3322.460944487639,50320.82421875
3322.462333343299,50882.96484375
3322.463722198959,51533.41796875
3322.465111054386,52110.66015625
3322.467888765706,53345.0859375
3322.470666477025,54656.80859375
3322.4720553326847,55238.39453125
3322.4734441883443,55894.265625
3322.4748330440043,56517.6015625
3322.4776107553234,57771.34765625
3322.4803884666435,59003.7734375
3322.4817773223026,59579.4296875
3322.483166177963,60239.203125
3322.4845550336227,60826.57421875
3322.485943889282,61457.4453125
3322.487332744942,61963.68359375
3322.488721600835,62555.85546875
3322.490110456494,63102.37890625
3322.4914993121542,63580.80859375
3322.4942770234725,64826.8828125
3322.495665879132,65272.734375
3322.497054735025,65798.65625
3322.498443590684,66315.2890625
3322.4998324463445,66782.8359375
3322.501221302004,67180.46875
3322.5026101578965,67681.59375
3322.503999013556,68181.984375
3322.5053878692165,68511.140625
3322.5067767248756,68978.9765625
3322.5081655807685,69381.28125
3322.509554436428,69762.6328125
3322.5109432923205,70084.6796875
3322.5123321479805,70398.78125
3322.5137210036405,70785.6796875
3322.515109859533,71133.9140625
3322.5164987151925,71364.84375
3322.517887571086,71514.875
3322.5192764267445,71831.2734375
3322.520665282405,72000.90625
3322.5220541382973,72160.484375
3322.523442993957,72256.1796875
3322.5248318498498,72281.53125
3322.52622070551,72384.90625
3322.5276095614017,72288.6328125
3322.5289984172946,72285.6953125
3322.5303872729546,72268.7890625
3322.5317761288466,72356.6484375
3322.5331649845066,72325.5625
3322.5345538403994,72304.2109375
3322.535942696292,72315.1328125
3322.5373315519514,72324.0078125
3322.5387204078447,72329.5703125
3322.540109263504,72285.046875
3322.5414981193967,72282.65625
3322.542886975289,72367.109375
3322.5442758311815,72312.09375
3322.5456646868415,72310.8984375
3322.5470535427344,72320.4375
3322.548442398627,72360.0234375
3322.549831254519,72261.0625
3322.5512201101787,72354.6171875
3322.5526089660702,72300.3203125
3322.5539978219626,72324.8046875
3322.555386677856,72335.484375
3322.556775533748,72360.03125
3322.5581643896408,72343.609375
3322.5595532453003,72282.8359375
3322.5609421011927,72371.2578125
3322.5623309570856,72308.2265625
3322.5637198129784,72333.140625
3322.565108668871,72348.265625
3322.5664975247632,72359.890625
3322.567886380656,72322.671875
3322.569275236548,72427.5703125
3322.5706640924413,72366.5234375
3322.5720529483337,72381.046875
3322.573441804226,72313.6328125
3322.5748306601186,72259.9296875
3322.576219516012,72295.21875
3322.577608371904,72401.1484375
3322.5789972277967,72368.8671875
3322.5803860836895,72440.375
3322.5817749395815,72294.953125
3322.583163795707,72354.0
3322.5845526516,72441.4296875
3322.5859415074924,72308.2578125
3322.587330363385,72369.2109375
3322.588719219278,72343.8046875
3322.5901080751696,72390.0234375
3322.5914969312958,72371.8359375
3322.592885787188,72330.6484375
3322.5942746430806,72388.5703125
3322.5956634989734,72368.875
3322.597052355099,72436.25
3322.5984412109915,72372.3671875
3322.599830066884,72376.296875
3322.6012189230096,72373.1328125
3322.6026077789015,72443.109375
3322.603996634795,72381.75
3322.60538549092,72356.625
3322.6067743468116,72440.25
3322.608163202704,72355.953125
3322.609552058829,72385.8671875
3322.6109409147216,72404.4375
3322.6123297708473,72462.9296875
3322.61371862674,72473.703125
3322.6151074828654,72495.734375
3322.6164963387578,72428.703125
3322.6178851948835,72401.3359375
3322.6192740507754,72395.2890625
3322.6206629069015,72459.203125
3322.622051762794,72430.5703125
3322.623440618919,72423.265625
3322.6248294748116,72460.0
3322.6262183309377,72455.3984375
3322.6276071870625,72438.0859375
3322.6289960429554,72481.3984375
3322.630384899081,72460.2578125
3322.631773754973,72498.5546875
3322.6331626110987,72503.0234375
3322.6345514672244,72464.8359375
3322.6359403233496,72510.8671875
3322.637329179242,72516.609375
3322.638718035368,72446.1328125
3322.6401068914925,72457.265625
3322.6414957473858,72420.390625
3322.642884603511,72484.25
3322.644273459636,72529.3515625
3322.645662315762,72535.5
3322.6470511718876,72497.046875
3322.64844002778,72618.5703125
3322.6498288839052,72469.8046875
3322.651217740031,72525.9609375
3322.6526065961557,72566.3984375
3322.653995452282,72524.78125
3322.655384308407,72508.1015625
3322.6567731645323,72518.1328125
3322.6581620206575,72520.625
3322.6595508767837,72496.265625
3322.6609397329084,72483.5078125
3322.662328589034,72541.125
3322.663717445159,72518.2421875
3322.6651063012832,72639.234375
3322.666495157409,72584.5078125
3322.6678840135346,72544.09375
3322.6692728696594,72651.234375
3322.6706617257855,72587.9765625
3322.6720505819108,72620.2578125
3322.673439438036,72603.421875
3322.674828294161,72602.5625
3322.6762171502874,72556.1796875
3322.677606006412,72570.7890625
3322.678994862538,72593.7421875
3322.680383718896,72609.4765625
3322.681772575021,72650.6328125
3322.683161431147,72593.7109375
3322.6845502872725,72650.7109375
3322.6859391433977,72722.6953125
3322.687327999756,72649.15625
3322.688716855882,72649.7578125
3322.6901057120062,72720.375
3322.691494568365,72688.6015625
3322.6928834244904,72712.078125
3322.6942722806157,72748.609375
3322.6956611367414,72719.3046875
3322.6970499931,72693.015625
3322.6984388492247,72752.9296875
3322.699827705583,72793.5859375
3322.701216561709,72748.0234375
3322.7026054178336,72777.0390625
3322.7039942741926,72740.296875
3322.705383130318,72734.671875
3322.706771986676,72866.2421875
3322.708160842801,72800.359375
3322.70954969916,72785.1171875
3322.710938555285,72829.2265625
3322.7123274116434,72810.484375
3322.7137162677686,72874.765625
3322.7151051241267,72808.6171875
3322.7164939802524,72824.4140625
3322.717882836611,72833.7734375
3322.719271692735,72795.890625
3322.720660549093,72789.03125
3322.7220494054513,72806.90625
3322.7234382615766,72874.3125
3322.7248271179346,72888.6171875
3322.7262159742936,72840.484375
3322.7276048304184,72859.234375
3322.728993686777,72857.59375
3322.730382543135,72920.15625
3322.73177139926,72851.4453125
3322.7331602556187,72881.1328125
3322.7345491119772,72955.2109375
3322.7359379683353,72980.6796875
3322.7373268246934,72941.65625
3322.738715680819,72897.0546875
3322.7401045371766,72967.8046875
3322.7414933935356,72996.171875
3322.7428822498937,73018.7109375
3322.7442711062517,72913.9453125
3322.7456599626103,72957.875
3322.747048818736,72963.8984375
3322.7484376750936,73070.6484375
3322.749826531452,72989.515625
3322.7512153878106,73015.2421875
3322.752604244168,72973.8984375
3322.7539931005267,72980.453125
3322.7553819568852,72995.2421875
3322.7567708132433,72970.46875
3322.7581596696014,72980.984375
3322.7595485259603,73060.5
3322.760937382318,73041.0859375
3322.7623262386765,73103.4921875
3322.7637150950345,73055.5
3322.7651039513926,72987.1484375
3322.766492807984,73058.8515625
3322.7678816643424,73115.203125
3322.7692705207005,73091.984375
3322.7706593770586,73055.109375
3322.772048233417,73047.1171875
3322.7734370897747,73134.046875
3322.7748259461337,73146.171875
3322.776214802724,73091.765625
3322.777603659081,72996.0390625
3322.7789925154398,73134.1328125
3322.780381371798,73102.90625
3322.7817702283887,73078.8984375
3322.7831590847472,73121.546875
3322.7845479411058,73134.3359375
3322.7859367976966,73081.5859375
3322.7873256540547,73112.0859375
3322.7887145104132,73150.3125
3322.7901033670037,73123.5234375
3322.7914922233626,73171.2265625
3322.7928810797207,73103.7109375
3322.7942699363116,73132.6328125
3322.7956587926697,73112.328125
3322.7970476492615,73173.9609375
3322.798436505619,73140.90625
3322.7998253622104,73106.625
3322.801214218569,73176.4453125
3322.8026030749265,73134.328125
3322.803991931518,73128.34375
3322.8053807881092,73105.578125
3322.8067696444673,73187.4921875
3322.808158501058,73048.4140625
3322.809547357417,73149.7890625
3322.810936214007,73153.6796875
3322.812325070366,73096.7734375
3322.813713926957,73138.0859375
3322.815102783548,73140.546875
3322.8164916399064,73085.5859375
3322.8178804964978,73152.8828125
3322.8192693530887,73167.515625
3322.8206582094467,73152.0546875
3322.822047066038,73140.28125
3322.8234359226285,73119.59375
3322.8248247789875,73169.171875
3322.8262136355784,73220.5390625
3322.8276024921693,73135.890625
3322.82899134876,73153.6796875
3322.830380205352,73099.9609375
3322.8317690617096,73126.625
3322.8331579183,73148.296875
3322.834546774891,73203.4296875
3322.835935631482,73170.1953125
3322.8373244880727,73147.9765625
3322.838713344664,73130.953125
3322.8401022012545,73151.796875
3322.8414910576134,73132.7421875
3322.8428799142043,73119.734375
3322.844268770795,73195.9140625
3322.845657627386,73137.6484375
3322.847046483978,73087.5234375
3322.8484353405684,73132.7421875
3322.8498241971597,73074.140625
3322.8512130537506,73113.2890625
3322.8526019103415,73085.3515625
3322.853990766933,73083.5625
3322.855379623757,73129.25
3322.856768480348,73082.28125
3322.858157336939,73071.921875
3322.8595461935306,73125.8046875
3322.8609350501206,73076.09375
3322.8623239067124,73025.9296875
3322.8637127633033,73044.953125
3322.865101619894,73047.3203125
3322.8664904767184,73022.2265625
3322.8678793333097,73024.140625
3322.8692681899,73096.4296875
3322.8706570464915,72991.703125
3322.8720459033157,72929.984375
3322.873434759906,73025.25
3322.874823616498,72985.7578125
3322.876212473089,73001.8984375
3322.8776013299125,72996.2265625
3322.8789901865034,72981.8515625
3322.880379043095,72985.453125
3322.8817678999185,72968.515625
3322.88315675651,72915.7109375
3322.8845456133336,72957.984375
3322.8859344699245,72920.796875
3322.887323326516,72963.78125
3322.888712183339,72977.5390625
3322.890101039929,72950.859375
3322.8914898967537,72926.7578125
3322.8928787533446,72909.0625
3322.8942676101683,72882.578125
3322.895656466759,72929.640625
3322.897045323584,72828.609375
3322.8984341801743,72871.609375
3322.8998230369984,72893.1875
3322.9012118935893,72852.0859375
3322.902600750413,72835.6015625
3322.9039896072372,72821.3046875
3322.9053784638286,72798.1875
3322.9067673206523,72787.0703125
3322.908156177243,72674.609375
3322.909545034068,72795.625
3322.9109338908906,72763.5859375
3322.9123227477153,72729.734375
3322.913711604306,72784.1171875
3322.91510046113,72770.8046875
3322.916489317954,72680.5
3322.9178781745454,72673.484375
3322.9192670313687,72764.3125
3322.920655888193,72721.09375
3322.922044745017,72782.6484375
3322.9234336018403,72729.984375
3322.924822458432,72736.671875
3322.926211315256,72722.109375
3322.9276001720796,72665.8671875
3322.9289890289033,72657.203125
3322.930377885728,72648.2890625
3322.931766742551,72675.9296875
3322.9331555993754,72675.25
3322.934544456199,72671.6484375
3322.935933313023,72617.6328125
3322.937322169847,72607.5625
3322.938711026671,72641.8125
3322.940099883495,72546.9140625
3322.9414887403186,72583.2421875
3322.942877597143,72583.3359375
3322.944266453966,72580.953125
3322.94565531079,72552.25
3322.9470441676135,72564.84375
3322.948433024437,72545.53125
3322.949821881261,72511.7421875
3322.9512107380847,72527.59375
3322.9525995949084,72594.3984375
3322.9539884517326,72482.1171875
3322.9553773087896,72519.8515625
3322.9567661656133,72503.546875
3322.958155022437,72579.53125
3322.959543879261,72471.734375
3322.9609327360845,72507.21875
3322.962321593142,72604.1640625
3322.9637104499657,72509.203125
3322.9650993067894,72503.3984375
3322.9664881638464,72450.9921875
3322.9678770206706,72506.1328125
3322.969265877494,72495.8359375
3322.970654734551,72466.609375
3322.972043591375,72460.2734375
3322.9734324481983,72479.8046875
3322.9748213052553,72524.6171875
3322.9762101620795,72477.1171875
3322.977599018903,72441.65625
3322.97898787596,72411.3984375
3322.9803767327844,72444.46875
3322.98176558984,72424.3046875
3322.9831544466647,72454.90625
3322.9845433037212,72369.9140625
3322.985932160545,72432.5625
3322.987321017602,72453.421875
3322.988709874426,72423.171875
3322.9900987314827,72398.6875
3322.9914875883064,72405.796875
3322.9928764453634,72413.390625
3322.9942653024195,72376.0859375
3322.995654159244,72372.953125
3322.9970430163007,72316.0390625
3322.9984318731244,72331.1640625
3322.999820730181,72416.1953125
3323.0012095872376,72337.5234375
3323.002598444293,72353.2890625
3323.0039873011174,72339.875
3323.0053761581744,72279.4140625
3323.006765015231,72407.1328125
3323.0081538720547,72306.7890625
3323.0095427291117,72432.6640625
3323.0109315861678,72359.8828125
3323.0123204432252,72313.9609375
3323.013709300282,72318.0
3323.0150981571055,72355.5859375
3323.016487014162,72290.59375
3323.0178758712195,72398.796875
3323.0192647282756,72273.6953125
3323.0206535853326,72292.5625
3323.0220424423896,72318.5390625
3323.0234312994457,72254.953125
3323.0248201565028,72367.1171875
3323.0262090135598,72266.359375
3323.0275978706163,72327.796875
3323.028986727673,72304.4453125
3323.0303755847303,72306.546875
3323.031764441786,72308.1328125
3323.0331532988434,72299.125
3323.0345421559,72318.96875
3323.0359310129566,72311.1796875
3323.0373198700136,72330.0
3323.0387087270706,72352.0234375
3323.040097584127,72253.9375
3323.0414864411837,72291.1015625
3323.0428752982407,72353.6796875
3323.044264155297,72296.5625
3323.045653012587,72293.4921875
3323.0470418696436,72213.9921875
3323.0484307267,72183.6875
3323.0498195837567,72017.40625
3323.051208440814,71935.2265625
3323.052597298103,71788.0546875
3323.05398615516,71624.8046875
3323.055375012217,71370.0546875
3323.0567638692733,71319.65625
3323.0581527265626,71034.2578125
3323.0595415836187,70885.8828125
3323.060930440675,70669.484375
3323.062319297965,70469.125
3323.0637081550217,70102.015625
3323.065097012311,69945.1953125
3323.0664858693676,69688.1875
3323.067874726425,69413.265625
3323.069263583714,69113.078125
3323.070652440771,68844.25
3323.0720412980604,68552.40625
3323.073430155117,68221.65625
3323.074819012407,67946.5234375
3323.076207869464,67643.453125
3323.077596726753,67252.5546875
3323.0789855838098,66986.265625
3323.0803744411,66647.5390625
3323.0817632981557,66308.5546875
3323.083152155446,65998.9453125
3323.0845410127354,65610.0078125
3323.085929869792,65283.88671875
3323.0873187270818,64959.5234375
3323.088707584139,64541.29296875
3323.0900964414277,64215.71484375
3323.0914852987175,63896.9609375
3323.0928741557746,63606.734375
3323.0942630130635,63136.890625
3323.095651870354,62847.34375
3323.097040727643,62526.6875
3323.0984295846997,62113.546875
3323.099818441989,61724.84375
3323.1012072992794,61393.1171875
3323.1025961565683,61000.58984375
3323.103985013858,60783.02734375
3323.1053738709147,60432.7109375
3323.106762728204,60115.97265625
3323.108151585494,59773.296875
3323.109540442784,59380.265625
3323.110929300073,59146.73828125
3323.1123181573626,58803.12890625
3323.113707014653,58469.8828125
3323.115095871941,58246.0546875
3323.11648472923,57895.953125
3323.11787358652,57660.5390625
3323.119262443809,57461.0546875
3323.120651301099,57198.55859375
3323.1220401583882,57038.3984375
3323.1234290156776,56885.71484375
3323.1248178729675,56671.96875
3323.1262067302573,56630.73046875
3323.1275955875467,56437.98828125
3323.128984444836,56335.68359375
3323.130373302126,56291.40234375
3323.131762159415,56300.07421875
3323.133151016705,56262.44140625
3323.1345398742274,56243.6875
3323.1359287315167,56334.17578125
3323.1373175888066,56374.89453125
3323.1387064460964,56428.7578125
3323.1400953033854,56636.5703125
3323.141484160908,56713.703125
3323.142873018198,56878.15234375
3323.144261875487,57045.75390625
3323.1456507327766,57268.6875
3323.1470395902993,57515.29296875
3323.1484284475887,57809.15234375
3323.149817304878,58081.55078125
3323.151206162401,58274.015625
3323.15259501969,58613.90625
3323.15398387698,58876.76953125
3323.155372734502,59208.32421875
3323.1567615917916,59463.39453125
3323.1581504493142,59769.83984375
3323.159539306604,60168.26953125
3323.1609281641263,60512.3125
3323.1623170214157,60816.4296875
3323.1637058789383,61175.19921875
3323.1650947362273,61554.5859375
3323.1664835937504,61980.40234375
3323.16787245104,62265.00390625
3323.169261308562,62495.76953125
3323.1706501658514,63037.34375
3323.1720390233727,63323.0703125
3323.173427880662,63610.6796875
3323.1748167381847,64006.30859375
3323.1762055957074,64383.39453125
3323.177594452997,64810.48046875
3323.178983310519,65127.62109375
3323.1803721680417,65454.82421875
3323.1817610253306,65804.0546875
3323.1831498828537,66141.59375
3323.184538740376,66494.59375
3323.1859275976653,66839.0625
3323.1873164551876,67211.0
3323.1887053127107,67575.3828125
3323.1900941702324,67833.8984375
3323.191483027755,68082.171875
3323.192871885045,68366.578125
3323.1942607425667,68681.40625
3323.1956496000894,68961.4609375
3323.197038457612,69305.4453125
3323.1984273151343,69562.125
3323.1998161726565,69833.7109375
3323.2012050301796,70121.0390625
3323.202593887701,70328.7265625
3323.203982744991,70484.578125
3323.2053716025134,70830.921875
3323.2067604600356,71065.9296875
3323.2081493175583,71185.71875
3323.209538175081,71425.0390625
3323.210927032603,71561.5390625
3323.2123158901254,71836.9921875
3323.213704747881,71968.2265625
3323.2150936054027,72042.0703125
3323.216482462926,72208.3984375
3323.217871320448,72254.984375
3323.21926017797,72379.0859375
3323.2206490354924,72375.8984375
3323.2220378930156,72464.78125
3323.2234267505373,72486.109375
3323.22481560806,72402.5703125
3323.2262044658155,72452.8828125
3323.227593323337,72429.046875
3323.2289821808586,72400.4296875
3323.2303710383812,72416.953125
3323.231759896136,72438.9609375
3323.233148753659,72487.671875
3323.234537611181,72378.2421875
3323.2359264687034,72382.2734375
3323.237315326458,72450.703125
3323.2387041839806,72444.2890625
3323.2400930415033,72487.3203125
3323.241481899258,72379.015625
3323.242870756781,72442.1484375
3323.244259614536,72473.3515625
3323.2456484720583,72474.9140625
3323.2470373295805,72506.4921875
3323.2484261873365,72436.78125
3323.249815044858,72374.578125
3323.2512039026137,72468.53125
3323.252592760136,72425.6015625
3323.253981617891,72414.6484375
3323.2553704754137,72450.953125
3323.256759333169,72440.5625
3323.2581481906914,72490.0078125
3323.2595370484464,72379.78125
3323.2609259062024,72374.9765625
3323.2623147637237,72504.328125
3323.2637036214796,72448.65625
3323.265092479002,72498.9765625
3323.266481336757,72415.078125
3323.2678701945124,72436.4765625
3323.269259052035,72453.4921875
3323.2706479097897,72423.9453125
3323.272036767545,72515.84375
3323.2734256253007,72417.3984375
3323.2748144828224,72497.1171875
3323.276203340578,72433.3046875
3323.2775921983334,72390.4453125
3323.2789810560885,72503.9609375
3323.2803699136107,72451.5078125
3323.2817587713666,72463.9453125
3323.283147629121,72507.5625
3323.2845364868754,72481.2578125
3323.285925344631,72543.171875
3323.2873142023855,72530.9453125
3323.288703060141,72488.59375
3323.2900919176636,72454.828125
3323.291480775418,72469.7109375
3323.2928696331737,72465.8125
3323.294258490929,72483.0078125
3323.2956473486843,72562.734375
3323.2970362064393,72515.0703125
3323.2984250641953,72496.6171875
3323.29981392195,72476.421875
3323.3012027797054,72533.6328125
3323.3025916374604,72470.8828125
3323.3039804952155,72413.09375
3323.305369353204,72470.78125
3323.3067582109593,72529.8125
3323.3081470687143,72534.203125
3323.3095359264694,72496.3984375
3323.310924784225,72511.9453125
3323.3123136419795,72540.1328125
3323.3137024997354,72461.0703125
3323.3150913577233,72487.6953125
3323.3164802154784,72496.1015625
3323.3178690732334,72501.1640625
3323.3192579309894,72473.8671875
3323.320646788977,72557.3359375
3323.3220356467323,72471.8203125
3323.323424504488,72557.7265625
3323.3248133622424,72562.9921875
3323.3262022202307,72509.75
3323.327591077986,72538.1171875
3323.3289799357412,72538.5625
3323.330368793729,72521.4765625
3323.331757651485,72522.9140625
3323.333146509472,72562.59375
3323.334535367228,72578.3125
3323.335924224983,72474.546875
3323.337313082971,72545.5859375
3323.3387019407264,72507.65625
3323.340090798714,72473.1953125
3323.341479656468,72569.8515625
3323.3428685144563,72400.9453125
3323.344257372212,72557.328125
3323.3456462301997,72594.8359375
3323.3470350881876,72533.234375
3323.3484239459435,72521.078125
3323.3498128039305,72592.3203125
3323.3512016616864,72540.8203125
3323.3525905196743,72520.2265625
3323.353979377662,72539.203125
3323.3553682354177,72585.9609375
3323.356757093406,72542.203125
3323.358145951394,72545.375
3323.359534809149,72559.3046875
3323.3609236671373,72569.875
3323.3623125251247,72627.875
3323.3637013831135,72537.8515625
3323.3650902408685,72586.6796875
3323.3664790988564,72538.2890625
3323.3678679568443,72556.9453125
3323.369256814833,72555.0078125
3323.3706456728205,72570.6484375
3323.372034530576,72584.2421875
3323.3734233885643,72524.34375
3323.3748122465518,72618.9375
3323.37620110454,72588.171875
3323.3775899625284,72611.09375
3323.3789788205163,72520.3671875
3323.380367678504,72530.015625
3323.381756536493,72548.7421875
3323.38314539448,72607.1171875
3323.3845342524687,72521.0703125
3323.3859231104566,72579.984375
3323.3873119684445,72580.375
3323.388700826433,72618.609375
3323.390089684421,72469.8203125
3323.391478542409,72502.8671875
3323.392867400397,72584.9765625
3323.394256258385,72542.75
3323.3956451163726,72615.5859375
3323.3970339743605,72560.1875
3323.3984228323484,72511.9453125
3323.399811690568,72540.890625
3323.401200548557,72569.6484375
3323.402589406545,72609.65625
3323.4039782645327,72586.6875
3323.405367122521,72630.390625
3323.406755980742,72594.984375
3323.4081448387296,72576.265625
3323.409533696718,72591.1796875
3323.410922554939,72443.8671875
3323.4123114129266,72563.4375
3323.4137002709153,72593.6328125
3323.415089129136,72602.9375
3323.416477987124,72571.0546875
3323.417866845112,72567.8203125
3323.4192557033334,72613.5234375
3323.420644561321,72635.234375
3323.422033419309,72542.953125
3323.42342227753,72545.2734375
3323.4248111355178,72545.8359375
3323.426199993739,72553.828125
3323.4275888517273,72527.28125
3323.428977709948,72596.515625
3323.430366567936,72610.734375
3323.4317554261575,72557.8984375
3323.4331442841444,72549.2890625
3323.434533142366,72569.875
3323.4359220005867,72611.78125
3323.4373108585746,72580.34375
3323.438699716796,72617.515625
3323.440088574784,72648.3671875
3323.4414774330044,72588.8671875
3323.4428662912255,72634.0703125
3323.444255149214,72545.8828125
3323.445644007434,72589.359375
3323.4470328656557,72609.4296875
3323.4484217236436,72551.8125
3323.4498105818643,72630.8828125
3323.451199440085,72640.0
3323.4525882983057,72588.109375
3323.4539771562927,72640.375
3323.455366014514,72562.21875
3323.456754872735,72670.9296875
3323.4581437309553,72667.2421875
3323.4595325891764,72613.4609375
3323.4609214473976,72603.1015625
3323.462310305618,72576.2421875
3323.463699163606,72560.3515625
3323.4650880218273,72650.765625
3323.466476880048,72592.0859375
3323.4678657382688,72592.4765625
3323.4692545964904,72700.6171875
3323.4706434547106,72584.8203125
3323.472032312932,72616.1875
3323.4734211711525,72596.2421875
3323.474810029373,72596.9375
3323.4761988875944,72689.5859375
3323.4775877458155,72606.546875
3323.4789766040362,72641.0703125
3323.480365462257,72583.15625
3323.481754320711,72644.84375
3323.483143178931,72612.109375
3323.484532037153,72585.6484375
3323.4859208953735,72622.0390625
3323.487309753594,72510.9765625
3323.4886986118154,72629.5234375
3323.4900874702694,72628.265625
3323.4914763284896,72640.3359375
3323.492865186711,72637.234375
3323.494254044932,72646.734375
3323.495642903152,72649.25
3323.497031761606,72709.0234375
3323.4984206198274,72622.7421875
3323.499809478048,72667.1640625
3323.5011983365016,72558.1640625
3323.502587194723,72618.3828125
3323.5039760529435,72618.1796875
3323.5053649113975,72638.1015625
3323.506753769618,72612.21875
3323.5081426280717,72685.4765625
3323.5095314862924,72576.328125
3323.5109203445127,72668.4375
3323.5123092029658,72605.09375
3323.513698061187,72636.6328125
3323.515086919641,72585.4765625
3323.5164757778616,72574.9140625
3323.517864636315,72577.5390625
3323.5192534945368,72712.3515625
3323.5206423529894,72575.875
3323.522031211444,72672.609375
3323.5234200696646,72629.84375
3323.524808928118,72598.203125
3323.5261977863393,72586.359375
3323.5275866447932,72685.0
3323.528975503247,72574.203125
3323.5303643614675,72631.078125
3323.5317532199215,72611.4453125
3323.5331420783746,72621.8125
3323.534530936596,72628.953125
3323.5359197950497,72606.1484375
3323.5373086535033,72610.640625
3323.538697511957,72657.6015625
3323.5400863701784,72629.34375
3323.5414752286315,72609.453125
3323.5428640870855,72591.015625
3323.5442529455395,72652.84375
3323.5456418039926,72549.234375
3323.5470306624466,72591.9765625
3323.5484195206677,72640.6796875
3323.5498083791213,72688.5859375
3323.551197237575,72694.7890625
3323.5525860960292,72581.3203125
3323.553974954482,72598.9765625
3323.5553638129363,72638.0859375
3323.55675267139,72586.109375
3323.5581415298434,72606.0703125
3323.5595303882974,72646.8359375
3323.5609192467514,72641.4140625
3323.562308105205,72621.5546875
3323.5636969636585,72601.1640625
3323.565085822112,72628.25
3323.5664746805646,72656.2578125
3323.567863539018,72657.2890625
3323.5692523977054,72553.8515625
3323.570641256158,72628.6328125
3323.5720301146125,72645.515625
3323.573418973066,72587.1328125
3323.5748078315196,72636.15625
3323.5761966899736,72688.8203125
3323.5775855486604,72625.3125
3323.578974407114,72654.84375
3323.5803632655675,72676.5234375
3323.5817521240215,72649.2734375
3323.5831409827074,72573.4140625
3323.584529841162,72619.984375
3323.5859186996154,72623.03125
3323.587307558069,72697.125
3323.5886964167553,72552.5625
3323.5900852752097,72636.1171875
3323.5914741338956,72543.4765625
3323.5928629923496,72610.8515625
3323.594251850803,72615.828125
3323.5956407094895,72588.8046875
3323.5970295679435,72596.2578125
3323.5984184266304,72643.1640625
3323.599807285084,72567.5625
3323.6011961437703,72615.234375
3323.6025850022247,72568.15625
3323.60397386091,72618.2421875
3323.6053627193646,72528.34375
3323.606751578051,72603.328125
3323.6081404365045,72618.46875
3323.6095292951914,72637.6484375
3323.6109181536453,72580.5859375
3323.6123070123313,72673.640625
3323.613695871018,72573.453125
3323.615084729472,72578.078125
3323.616473588158,72611.078125
3323.6178624468453,72587.6875
3323.619251305299,72666.9375
3323.620640163985,72618.0
3323.622029022671,72622.546875
3323.623417881357,72640.5859375
3323.6248067398105,72620.3984375
3323.6261955984974,72551.25
3323.627584457184,72646.75
3323.62897331587,72538.671875
3323.630362174557,72690.6796875
3323.631751033011,72592.9375
3323.633139891697,72629.578125
3323.634528750384,72571.0078125
3323.6359176090705,72624.4609375
3323.637306467757,72646.375
3323.638695326443,72607.2421875
3323.6400841851305,72672.0625
3323.6414730438164,72647.53125
3323.6428619025032,72591.1640625
3323.6442507611896,72647.59375
3323.645639619876,72644.921875
3323.647028478563,72636.75
3323.6484173372496,72598.21875
3323.649806195936,72651.5625
3323.6511950546223,72587.4921875
3323.6525839133096,72622.515625
3323.653972771995,72632.328125
3323.6553616306824,72644.6015625
3323.6567504893687,72653.0234375
3323.658139348055,72611.671875
3323.6595282069748,72649.578125
3323.6609170656616,72591.6796875
3323.6623059243475,72625.671875
3323.6636947830343,72633.2265625
3323.665083641721,72632.59375
3323.66647250064,72629.484375
3323.667861359327,72671.2421875
3323.6692502180135,72675.71875
3323.6706390767,72612.8125
3323.672027935619,72638.4765625
3323.6734167943064,72594.078125
3323.6748056529923,72627.1796875
3323.676194511912,72596.7578125
3323.6775833705983,72623.703125
3323.6789722295166,72667.453125
3323.680361088203,72641.28125
3323.68174994689,72629.1796875
3323.6831388058085,72689.4921875
3323.6845276644954,72613.8203125
3323.685916523415,72655.3984375
3323.6873053821014,72634.9140625
3323.6886942410206,72704.2265625
3323.690083099708,72607.6875
3323.6914719586266,72663.796875
3323.6928608173134,72669.8359375
3323.6942496762326,72626.3984375
3323.695638535152,72618.921875
3323.6970273938387,72589.8125
3323.6984162527583,72664.4765625
3323.6998051114447,72666.796875
3323.701193970364,72614.0546875
3323.7025828292835,72635.3671875
3323.7039716879694,72637.7734375
3323.7053605468896,72734.4296875
3323.7067494058088,72643.515625
3323.708138264728,72617.4375
3323.709527123415,72613.453125
3323.7109159823344,72642.8828125
3323.712304841253,72646.125
3323.713693700173,72666.7421875
3323.7150825588596,72663.5546875
3323.7164714177784,72670.4375
3323.717860276698,72642.9453125
3323.7192491356177,72661.171875
3323.720637994537,72710.4921875
3323.722026853456,72693.1171875
3323.723415712376,72712.2890625
3323.7248045712945,72683.0390625
3323.726193429982,72637.828125
3323.727582288901,72632.90625
3323.72897114782,72663.4609375
3323.73036000674,72677.7578125
3323.7317488656595,72673.140625
3323.7331377245787,72677.890625
3323.734526583497,72654.2109375
3323.735915442649,72630.015625
3323.737304301568,72626.7734375
3323.7386931604874,72631.453125
3323.7400820194075,72668.1796875
3323.741470878326,72622.0625
3323.742859737246,72631.75
3323.744248596165,72661.8515625
3323.7456374550843,72654.71875
3323.747026314237,72667.421875
3323.7484151731564,72594.1953125
3323.7498040320756,72661.78125
3323.751192890995,72694.59375
3323.7525817499145,72622.9921875
3323.753970609066,72682.6953125
3323.755359467986,72667.890625
3323.7567483269054,72648.8671875
3323.7581371860574,72626.6484375
3323.7595260449766,72668.015625
3323.7609149038967,72703.1171875
3323.7623037630483,72663.6875
3323.763692621968,72687.1015625
3323.7650814808876,72676.8359375
3323.766470340039,72672.828125
3323.767859198959,72641.6796875
3323.7692480581113,72741.328125
3323.7706369170305,72695.09375
3323.7720257761825,72663.390625
3323.7734146351027,72655.25
3323.774803494254,72660.296875
3323.776192353174,72642.484375
3323.777581212326,72641.546875
3323.778970071245,72732.2421875
3323.7803589303976,72608.7109375
3323.7817477893173,72669.6953125
3323.7831366484693,72709.5
3323.7845255076213,72634.625
3323.785914366541,72684.7109375
3323.7873032256925,72624.2890625
3323.7886920848455,72713.9609375
3323.7900809437647,72674.625
3323.791469802916,72617.015625
3323.792858662068,72674.4765625
3323.79424752122,72629.6484375
3323.795636380139,72709.59375
3323.7970252392915,72670.484375
3323.798414098444,72712.5546875
3323.7998029575956,72668.9140625
3323.8011918165153,72613.5390625
3323.8025806756677,72622.4921875
3323.8039695348193,72599.0546875
3323.8053583939723,72711.0859375
3323.8067472531243,72527.71875
3323.8081361122763,72721.2421875
3323.8095249714283,72622.0703125
3323.8109138305813,72672.5390625
3323.812302689733,72659.3359375
3323.8136915488853,72687.0859375
3323.8150804080374,72688.6171875
3323.8164692671894,72572.640625
3323.817858126342,72683.2734375
3323.8192469854944,72681.1796875
3323.8206358446464,72638.84375
3323.8220247037984,72663.0703125
3323.8234135629514,72592.1640625
3323.8248024221025,72605.09375
3323.8261912812554,72676.359375
3323.8275801404075,72649.6171875
3323.8289689995595,72684.15625
3323.830357858712,72673.8671875
3323.8317467180973,72697.671875
3323.833135577249,72658.03125
3323.8345244364014,72662.9921875
3323.835913295554,72680.4765625
3323.8373021547054,72608.5234375
3323.838691014091,72629.578125
3323.840079873243,72648.5234375
3323.8414687323952,72699.453125
3323.84285759178,72589.875
3323.844246450933,72759.578125
3323.8456353100846,72665.7109375
3323.847024169469,72687.9765625
3323.848413028621,72646.4375
3323.8498018877726,72625.546875
3323.851190747158,72576.234375
3323.8525796063104,72649.140625
3323.853968465695,72677.9375
3323.855357324848,72671.984375
3323.8567461842326,72635.9921875
3323.8581350433847,72686.5390625
3323.8595239027695,72673.453125
3323.8609127619225,72643.8515625
3323.862301621307,72672.21875
3323.8636904804594,72688.234375
3323.865079339844,72694.296875
3323.8664681989962,72677.0546875
3323.867857058381,72626.625
3323.869245917766,72670.484375
3323.870634776919,72625.3984375
3323.872023636303,72657.34375
3323.873412495456,72607.8515625
3323.8748013548407,72563.296875
3323.8761902142255,72601.203125
3323.877579073611,72710.7109375
3323.8789679327633,72556.4375
3323.880356792148,72654.7109375
3323.881745651533,72690.2890625
3323.8831345109184,72642.6875
3323.88452337007,72665.0234375
3323.8859122294557,72668.796875
3323.8873010888406,72691.6640625
3323.8886899482254,72630.7109375
3323.8900788076103,72608.3828125
3323.891467666996,72656.140625
3323.8928565263805,72644.8359375
3323.894245385533,72702.515625
3323.8956342449183,72677.09375
3323.8970231043027,72609.5
3323.898411963688,72691.953125
3323.8998008230733,72769.7890625
3323.901189682458,72652.859375
3323.902578541843,72615.640625
3323.903967401228,72606.109375
3323.905356260612,72671.7578125
3323.9067451199967,72712.0546875
3323.9081339793825,72627.796875
3323.9095228389997,72669.9609375
3323.910911698385,72627.046875
3323.91230055777,72667.6640625
3323.9136894171547,72677.6796875
3323.91507827654,72657.421875
3323.9164671359254,72702.75
3323.91785599531,72632.453125
3323.919244854928,72724.3984375
3323.9206337143137,72615.28125
3323.9220225736976,72673.796875
3323.9234114330834,72634.4296875
3323.924800292701,72618.078125
3323.926189152086,72636.765625
3323.9275780114713,72691.046875
3323.9289668710894,72625.453125
3323.930355730474,72636.3828125
3323.931744589859,72629.03125
3323.9331334494773,72651.7265625
3323.9345223088617,72644.109375
3323.937300027865,72634.1953125
3323.93868888725,72661.3359375
3323.9400777468677,72671.3671875
3323.9414666062535,72631.4140625
3323.9428554658707,72653.2109375
3323.944244325256,72662.390625
3323.9456331848737,72689.75
3323.9470220442586,72704.015625
3323.949799763262,72633.796875
3323.9511886228797,72718.90625
3323.9525774822646,72628.7421875
3323.953966341883,72630.7421875
3323.9553552015,72695.0625
3323.9567440608857,72634.484375
3323.9581329205034,72725.1015625
3323.959521780121,72649.2578125
3323.960910639506,72588.8046875
3323.9622994991228,72723.765625
3323.9636883587405,72665.3984375
3323.9650772183586,72617.1015625
3323.966466077744,72667.1328125
3323.9678549373616,72615.2265625
3323.9692437969793,72628.375
3323.970632656598,72632.921875
3323.9720215162147,72635.5703125
3323.9734103756005,72727.0234375
3323.974799235218,72643.6328125
3323.976188094836,72617.140625
3323.977576954454,72702.5859375
3323.978965814072,72675.4375
3323.9803546736894,72598.9609375
3323.9817435333075,72754.84375
3323.9831323929257,72737.78125
3323.984521252543,72722.8125
3323.9859101121615,72640.265625
3323.987298971779,72630.2265625
3323.988687831397,72708.46875
3323.9900766910146,72631.078125
3323.991465550633,72655.0859375
3323.9928544102504,72735.140625
3323.9942432698685,72678.671875
3323.9956321294862,72609.640625
3323.997020989104,72739.78125
3323.998409848722,72670.578125
3323.999798708573,72657.671875
3324.0011875681907,72748.0625
3324.0025764278084,72718.5078125
3324.003965287427,72661.640625
3324.005354147044,72631.21875
3324.0067430068952,72625.6015625
3324.008131866513,72711.5234375
3324.0095207261306,72616.6015625
3324.010909585749,72684.9765625
3324.0122984455998,72693.046875
3324.013687305217,72622.953125
3324.015076164835,72687.78125
3324.0164650246857,72720.984375
3324.0178538843024,72711.96875
3324.01924274392,72669.7578125
3324.020631603771,72759.34375
3324.0220204633883,72642.7578125
3324.02340932324,72697.765625
3324.0247981828575,72625.453125
3324.026187042708,72624.0625
3324.027575902326,72734.5546875
3324.028964762177,72684.6875
3324.0303536217943,72677.2265625
3324.0317424816453,72688.078125
3324.0331313412635,72633.65625
3324.0345202011135,72651.21875
3324.0359090607317,72587.78125
3324.0372979205827,72615.421875
3324.0386867802004,72658.46875
3324.040075640051,72644.0078125
3324.0414644999023,72667.6953125
3324.0428533595195,72662.671875
3324.0442422193705,72729.4453125
3324.045631079221,72669.7265625
3324.0470199390716,72680.3203125
3324.0484087986897,72635.59375
3324.0497976585407,72632.640625
3324.051186518391,72618.984375
3324.052575378009,72683.0
3324.05396423786,72705.2734375
3324.05535309771,72696.546875
3324.0567419575614,72701.796875
3324.058130817412,72688.328125
3324.0595196772624,72644.8359375
3324.060908537113,72686.9453125
3324.0622973967315,72719.609375
3324.0636862565816,72733.28125
3324.0650751164326,72617.1640625
3324.0664639762836,72635.9375
3324.0678528361336,72734.3671875
3324.0692416959846,72613.6875
3324.0706305558356,72676.4609375
3324.072019415686,72631.015625
3324.073408275536,72644.0234375
3324.0747971353862,72677.6015625
3324.0761859952368,72643.28125
3324.0775748550873,72625.5859375
3324.0789637149387,72663.4296875
3324.080352574789,72674.5546875
3324.0817414348726,72653.5390625
3324.0831302947236,72706.2109375
3324.0845191545736,72639.6328125
3324.0859080144246,72688.9453125
3324.0872968742756,72615.53125
3324.088685734126,72657.0
3324.0900745942095,72661.625
3324.091463454061,72673.8671875
3324.0928523139105,72651.140625
3324.094241173762,72699.5703125
3324.0956300338453,72608.359375
3324.097018893696,72622.0625
3324.098407753547,72688.4765625
3324.0997966136306,72566.25
3324.101185473481,72632.1796875
3324.1025743333316,72604.1640625
3324.1039631934154,72635.0078125
3324.1053520532655,72641.921875
3324.106740913117,72780.2890625
3324.1081297732003,72524.671875
3324.109518633051,72625.1875
3324.110907493134,72687.6171875
3324.1122963529856,72619.1953125
3324.1136852130685,72606.421875
3324.1150740729195,72556.6015625
3324.1164629330033,72670.1953125
3324.1178517928533,72646.578125
3324.119240652937,72725.4453125
3324.120629513021,72655.390625
3324.1220183728715,72571.359375
3324.123407232955,72720.265625
3324.1247960928063,72657.859375
3324.1261849528887,72647.5078125
3324.127573812973,72665.6796875
3324.1289626728235,72694.0234375
3324.130351532906,72632.9609375
3324.1317403929893,72703.921875
3324.13312925284,72653.109375
3324.134518112923,72607.8359375
3324.135906973007,72649.3125
3324.137295833091,72664.6796875
3324.138684693174,72725.234375
3324.1400735530246,72690.2265625
3324.141462413109,72672.9921875
3324.1428512731914,72658.671875
3324.1442401332756,72613.9140625
3324.145628993359,72740.4375
3324.1470178534423,72678.3984375
3324.1484067132933,72659.6640625
3324.149795573377,72586.5703125
3324.15118443346,72605.125
3324.152573293544,72643.0859375
3324.1539621536276,72689.1328125
3324.1553510137105,72610.4296875
3324.156739873795,72678.46875
3324.158128733878,72621.2578125
3324.1595175939615,72661.109375
3324.160906454045,72664.7265625
3324.162295314129,72587.9453125
3324.163684174212,72606.7421875
3324.1650730345286,72640.1640625
3324.166461894612,72675.3125
3324.1678507546953,72645.171875
3324.169239614779,72681.625
3324.170628474863,72557.3046875
3324.1720173349463,72670.4375
3324.1734061952625,72569.078125
3324.1747950553467,72566.828125
3324.176183915429,72694.7109375
3324.1775727755135,72617.0
3324.178961635597,72646.0859375
3324.180350495913,72683.8359375
3324.181739355997,72575.9296875
3324.1831282160806,72585.28125
3324.1845170763963,72665.140625
3324.1859059364792,72577.6640625
3324.1872947965626,72619.8203125
3324.1886836568788,72663.546875
3324.190072516962,72586.2265625
3324.1914613772788,72550.375
3324.1928502373617,72649.71875
3324.194239097446,72630.6015625
3324.195627957762,72694.0390625
3324.1970168178455,72655.953125
3324.198405678162,72610.84375
3324.199794538246,72644.7421875
3324.2011833985616,72638.3984375
3324.2025722586454,72673.71875
3324.203961118962,72744.1484375
3324.205349979278,72623.5078125
3324.2067388393616,72644.3828125
3324.2081276996782,72627.3828125
3324.2095165597616,72667.453125
3324.210905420078,72698.0625
3324.212294280395,72662.6328125
3324.2136831404778,72579.5703125
3324.2150720007944,72683.9609375
3324.2164608611106,72684.75
3324.217849721194,72715.1953125
3324.2192385815106,72598.0390625
3324.220627441827,72671.2109375
3324.2220163021434,72634.2109375
3324.2234051622268,72631.953125
3324.2247940225434,72678.921875
3324.226182882859,72717.7734375
3324.227571743176,72607.015625
3324.2289606034924,72560.25
3324.2303494638086,72645.53125
3324.2317383238924,72655.984375
3324.233127184209,72675.9921875
3324.2345160445248,72633.5234375
3324.2359049048414,72655.421875
3324.237293765158,72706.0
3324.2386826254738,72674.78125
3324.24007148579,72649.359375
3324.241460346106,72622.15625
3324.2428492064223,72667.6953125
3324.2442380667376,72634.1328125
3324.245626927054,72724.15625
3324.247015787371,72664.8984375
3324.2484046476866,72618.5625
3324.249793508003,72657.3515625
3324.2511823685527,72630.5234375
3324.2525712288684,72680.6875
3324.2539600891855,72715.6328125
3324.2553489495017,72712.859375
3324.256737809818,72603.4765625
3324.258126670134,72623.9140625
3324.259515530451,72698.6484375
3324.2609043909997,72655.6796875
3324.2622932513164,72619.8046875
3324.2636821116325,72642.921875
3324.2650709719487,72649.921875
3324.266459832498,72679.7109375
3324.267848692815,72709.84375
3324.269237553131,72693.5390625
3324.27062641368,72700.875
3324.272015273997,72643.5546875
3324.2734041343124,72679.1484375
3324.2747929948623,72650.3671875
3324.2761818551785,72667.453125
3324.2775707157275,72643.1796875
3324.278959576044,72631.171875
3324.2803484365936,72629.2421875
3324.2817372969093,72592.6171875
3324.283126157226,72658.1015625
3324.2845150177754,72638.5078125
3324.285903878091,72687.34375
3324.287292738641,72619.1484375
3324.28868159919,72667.546875
3324.2900704595063,72704.8203125
3324.2914593200553,72624.0546875
3324.2928481803724,72686.34375
3324.294237040921,72664.40625
3324.2956259012376,72636.0
3324.2970147617866,72635.21875
3324.2984036223347,72634.65625
3324.299792482651,72661.53125
3324.3011813432004,72646.109375
3324.302570203749,72621.3671875
3324.303959064299,72561.25
3324.305347924615,72608.3359375
3324.306736785164,72615.796875
3324.308125645713,72569.0625
3324.309514506263,72644.40625
3324.3109033665787,72679.5625
3324.312292227128,72675.3671875
3324.313681087677,72574.640625
3324.315069948226,72631.5078125
3324.3164588087757,72633.734375
3324.317847669325,72623.6875
3324.319236529874,72584.3515625
3324.320625390423,72640.3984375
3324.3220142507403,72574.6796875
3324.3234031112884,72623.671875
3324.3247919718383,72618.0546875
3324.3261808323873,72681.9140625
3324.3275696929363,72606.859375
3324.328958553486,72717.1953125
3324.3303474140353,72635.4296875
3324.331736274584,72598.875
3324.333125135366,72585.90625
3324.3345139959156,72571.515625
3324.335902856464,72640.671875
3324.3372917170136,72651.453125
3324.338680577563,72657.65625
3324.340069438112,72567.78125
3324.341458298661,72610.609375
3324.342847159211,72561.78125
3324.3442360199924,72620.734375
3324.345624880542,72582.2578125
3324.347013741091,72614.109375
3324.34840260164,72609.5546875
3324.349791462422,72596.8359375
3324.3511803229717,72651.5703125
3324.3525691835207,72552.7421875
3324.3539580440697,72567.359375
3324.3553469048516,72630.84375
3324.3567357653997,72586.5
3324.3581246259487,72676.1015625
3324.3595134867314,72575.25
3324.36090234728,72596.4296875
3324.3622912080623,72619.421875
3324.3636800686113,72651.109375
3324.3650689291603,72643.09375
3324.3664577899426,72623.5078125
3324.367846650492,72611.7890625
3324.369235511274,72573.4765625
3324.370624371823,72592.5234375
3324.3720132326052,72623.890625
3324.373402093154,72561.4765625
3324.3747909539366,72597.90625
3324.3761798144856,72579.5859375
3324.3775686752674,72550.6875
3324.3789575360493,72609.734375
3324.380346396599,72617.890625
3324.3817352573806,72498.8515625
3324.383124118163,72577.21875
3324.3845129787123,72575.09375
3324.3859018394937,72549.0859375
3324.387290700276,72563.390625
3324.3886795608255,72534.4140625
3324.3900684216073,72579.5078125
3324.391457282389,72581.1484375
3324.392846142939,72583.2578125
3324.39423500372,72562.265625
3324.395623864503,72630.2109375
3324.3970127252846,72628.25
3324.3984015860665,72586.359375
3324.399790446616,72613.96875
3324.4011793073983,72570.7109375
3324.40256816818,72641.28125
3324.403957028962,72559.15625
3324.4053458897442,72478.0625
3324.4067347505256,72634.421875
3324.4081236113084,72579.078125
3324.4095124720902,72452.75
3324.410901332872,72683.234375
3324.4122901936535,72518.703125
3324.413679054435,72538.1953125
3324.4150679152167,72598.8359375
3324.416456775999,72518.53125
3324.4178456367813,72576.21875
3324.419234497563,72522.3671875
3324.420623358345,72674.671875
3324.4220122191273,72641.34375
3324.4234010799087,72596.15625
3324.4247899406914,72590.265625
3324.4261788014733,72590.296875
3324.427567662255,72622.3515625
3324.42895652327,72595.6953125
3324.4303453840525,72567.4296875
3324.431734244834,72590.8515625
3324.4331231056162,72518.2109375
3324.4345119663985,72546.703125
3324.4359008274128,72561.25
3324.437289688195,72658.6796875
3324.4386785489774,72586.234375
3324.440067409992,72561.9765625
3324.441456270774,72505.984375
3324.4428451315566,72581.0234375
3324.4442339925704,72604.1015625
3324.445622853353,72529.9609375
3324.447011714135,72604.9375
3324.4484005751497,72590.6875
3324.449789435932,72568.53125
3324.451178296947,72573.640625
3324.452567157729,72642.2890625
3324.453956018511,72533.59375
3324.455344879526,72584.90625
3324.4567337403073,72568.875
3324.458122601323,72653.0703125
3324.4595114621047,72595.3046875
3324.4609003231194,72617.671875
3324.4622891839012,72606.015625
3324.463678044917,72547.78125
3324.465066905931,72614.6640625
3324.4664557667134,72559.1484375
3324.4678446277276,72623.3359375
3324.4692334885085,72572.3359375
3324.4706223495236,72590.328125
3324.4720112105388,72608.578125
3324.47340007132,72642.1328125
3324.4747889323357,72572.2578125
3324.4761777933504,72615.3828125
3324.477566654365,72587.2265625
3324.478955515147,72593.3359375
3324.4803443761625,72454.4921875
3324.4817332371767,72530.8359375
3324.483122098192,72512.546875
3324.4845109589737,72563.859375
3324.4858998199884,72621.703125
3324.4872886810035,72617.921875
3324.4886775420186,72605.328125
3324.4900664030333,72552.7265625
3324.491455264048,72564.5625
3324.4928441250636,72613.375
3324.4942329860773,72576.1796875
3324.49562184686,72553.9921875
3324.497010707875,72589.1171875
3324.4983995688895,72591.953125
3324.4997884299046,72637.5703125
3324.5011772909197,72507.4375
3324.502566151934,72568.1484375
3324.503955012949,72563.421875
3324.505343873964,72655.9140625
3324.5067327349784,72613.359375
3324.508121596227,72625.328125
3324.5095104572415,72619.90625
3324.510899318256,72579.671875
3324.512288179271,72553.5234375
3324.5136770402864,72580.1953125
3324.5150659013007,72610.3359375
3324.516454762316,72639.296875
3324.5178436233305,72530.8515625
3324.519232484578,72591.1328125
3324.520621345593,72598.609375
3324.5220102066082,72559.3984375
3324.523399067623,72662.4453125
3324.524787928869,72499.1171875
3324.5261767898833,72574.9609375
3324.527565650899,72589.46875
3324.528954512146,72546.3515625
3324.530343373161,72602.34375
3324.531732234176,72547.0703125
3324.533121095423,72631.6953125
3324.5345099564383,72552.453125
3324.5358988174535,72659.5625
3324.537287678701,72594.1171875
3324.5386765397157,72547.4453125
3324.540065400964,72557.640625
3324.541454261978,72577.265625
3324.5428431229934,72599.3671875
3324.544231984241,72541.1328125
3324.5456208452556,72565.328125
3324.5470097065036,72519.984375
3324.5483985675187,72654.609375
3324.549787428766,72466.40625
3324.5511762900137,72633.9296875
3324.552565151029,72552.375
3324.553954012276,72537.125
3324.5553428732915,72580.3359375
3324.556731734539,72582.0546875
3324.5581205957865,72588.2265625
3324.559509456801,72551.5703125
3324.5608983180496,72519.1640625
3324.5622871792966,72588.0078125
3324.5636760403117,72525.328125
3324.5650649015597,72516.0
3324.5664537628068,72504.96875
3324.567842623822,72553.3671875
3324.56923148507,72590.71875
3324.5706203463174,72556.34375
3324.572009207565,72614.203125
3324.5733980688133,72564.6328125
3324.574786929827,72492.4765625
3324.5761757910755,72567.2734375
3324.577564652323,72549.25
3324.5789535135705,72566.6015625
3324.580342374818,72604.1015625
3324.5817312360646,72496.5859375
3324.583120097312,72640.953125
3324.58450895856,72588.53125
3324.585897819808,72556.53125
3324.5872866808227,72529.140625
3324.58867554207,72536.6640625
3324.5900644033186,72515.0859375
3324.591453264565,72606.25
3324.5928421258136,72500.7421875
3324.594230987294,72583.6015625
3324.5956198485414,72514.484375
3324.5970087097894,72526.5859375
3324.5983975710374,72667.84375
3324.5997864322844,72581.8203125
3324.6011752935324,72549.484375
3324.6025641547803,72599.28125
3324.6039530160274,72522.3359375
3324.605341877276,72518.7109375
3324.606730738756,72521.3671875
3324.6081196000036,72571.53125
3324.609508461251,72465.640625
3324.6108973224996,72531.0390625
3324.6122861837466,72610.1953125
3324.6136750452274,72427.1640625
3324.615063906475,72497.4609375
3324.6164527677224,72544.53125
3324.617841629203,72521.15625
3324.619230490451,72519.09375
3324.6206193516987,72464.4609375
3324.622008212946,72563.140625
3324.6233970744274,72554.71875
3324.624785935674,72591.53125
3324.6261747971553,72498.703125
3324.627563658403,72487.765625
3324.6289525196503,72443.09375
3324.630341381131,72508.7734375
3324.631730242379,72546.71875
3324.633119103859,72514.3125
3324.634507965107,72497.71875
3324.6358968265877,72489.265625
3324.6372856878343,72458.5546875
3324.638674549314,72517.6640625
3324.6400634105626,72524.8828125
3324.641452272042,72510.890625
3324.6428411332904,72520.40625
3324.6442299947707,72537.9140625
3324.645618856251,72497.5078125
3324.647007717499,72522.9765625
3324.64839657898,72439.1171875
3324.6497854404597,72514.21875
3324.6511743017077,72511.6484375
3324.6525631631885,72507.671875
3324.6539520246683,72479.2421875
3324.6553408859163,72451.0078125
3324.656729747397,72529.96875
3324.6581186088774,72411.8359375
3324.6595074703578,72496.8359375
3324.660896331606,72527.75
3324.662285193086,72439.953125
3324.663674054567,72474.5078125
3324.665062916047,72449.3671875
3324.6664517775275,72430.4765625
3324.6678406387755,72464.828125
3324.6692295002563,72421.8046875
3324.6706183617366,72502.890625
3324.672007223217,72443.5703125
3324.6733960846977,72484.9140625
3324.6747849461776,72400.546875
3324.676173807659,72475.515625
3324.677562669139,72453.6953125
3324.6789515306195,72308.078125
3324.6803403921003,72171.8203125
3324.681729253581,72099.5234375
3324.683118115061,71833.1875
3324.684506976542,71606.6328125
3324.6858958380226,71306.625
3324.6872846995025,70956.78125
3324.6886735609833,70747.15625
3324.690062422464,70365.7890625
3324.6914512839444,69990.40625
3324.6928401454247,69668.3359375
3324.694229006905,69216.9375
3324.6956178686173,68763.5390625
3324.6970067300977,68355.5625
3324.698395591579,67895.078125
3324.699784453059,67487.4140625
3324.7011733145396,66937.3125
3324.7025621760204,66471.9140625
3324.703951037733,66074.265625
3324.705339899214,65601.421875
3324.7067287606947,64981.49609375
3324.708117622408,64438.03125
3324.709506483888,63941.23046875
3324.7108953453694,63330.67578125
3324.712284206849,62718.0859375
3324.713673068563,62216.4140625
3324.7150619300432,61650.9609375
3324.717839653237,60488.53515625
3324.720617376431,59265.15625
3324.7220062379115,58597.0078125
3324.723395099625,58049.96484375
3324.726172822819,56793.41796875
3324.7275616842994,56159.7734375
3324.7289505460126,55507.6484375
3324.730339407493,54850.1953125
3324.731728269207,54201.75
3324.733117130687,53657.12890625
3324.7345059924005,53020.9140625
3324.7358948538813,52396.7109375
3324.737283715594,51714.015625
3324.738672577075,51137.18359375
3324.7400614387884,50521.0546875
3324.742839161982,49254.4140625
3324.744228023696,48667.578125
3324.7456168854083,48103.8515625
3324.7470057468895,47576.1640625
3324.7483946086027,46972.953125
3324.749783470315,46474.03125
3324.751172332028,45859.953125
3324.752561193509,45375.3046875
3324.7539500552216,44849.890625
3324.755338916935,44386.6015625
3324.756727778649,43988.56640625
3324.758116640129,43521.40234375
3324.7595055018423,43106.27734375
3324.7608943635564,42783.90625
3324.7622832252687,42367.53125
3324.7636720869828,42021.6484375
3324.765060948696,41774.41796875
3324.766449810409,41513.2265625
3324.7678386721223,41342.140625
3324.7692275338354,41187.625
3324.7706163953167,41018.99609375
3324.772005257029,41004.94140625
3324.773394118743,40947.42578125
3324.774782980456,40912.4375
3324.7761718421693,40949.5546875
3324.777560703883,41053.32421875
3324.7789495655966,41167.55078125
3324.7803384273093,41374.625
3324.7817272892557,41545.87890625
3324.7831161509694,41742.21875
3324.784505012682,42049.33984375
3324.785893874396,42351.15234375
3324.7872827361093,42707.59765625
3324.7886715978225,43119.0859375
3324.7900604595357,43550.36328125
3324.7914493212497,43937.19140625
3324.7928381831953,44415.625
3324.794227044909,44848.578125
3324.795615906622,45353.8984375
3324.7970047683352,45831.859375
3324.798393630049,46414.11328125
3324.7997824919953,46859.84375
3324.8011713537085,47465.4921875
3324.8025602154216,48027.2109375
3324.8039490771353,48631.55859375
3324.805337939081,49247.54296875
3324.806726800794,49809.7578125
3324.808115662507,50447.96875
3324.8095045244527,51034.40234375
3324.8108933861663,51663.97265625
3324.8136711098255,52958.99609375
3324.815059971539,53536.359375
3324.8164488334855,54132.88671875
3324.8178376951987,54801.1328125
3324.8192265571447,55421.30859375
3324.8206154188583,56092.48046875
3324.822004280571,56724.86328125
3324.824782004231,57921.69140625
3324.8275597281236,59219.609375
3324.828948589837,59783.46875
3324.8303374517827,60347.07421875
3324.8317263134963,61032.59765625
3324.833115175443,61535.6484375
3324.8345040371555,62087.21484375
3324.835892899102,62747.09765625
3324.8372817610484,63235.0234375
3324.8386706227616,63816.9921875
3324.8400594847076,64349.1953125
3324.8414483466545,64885.43359375
3324.8428372083667,65428.58203125
3324.8442260703137,65952.8984375
3324.8456149322597,66435.421875
3324.847003793973,66894.3828125
3324.8483926559193,67440.9765625
3324.8497815178657,67839.0234375
3324.8511703798117,68250.953125
3324.8525592417577,68784.3984375
3324.8539481034713,69136.5390625
3324.855336965417,69580.5625
3324.856725827364,69836.625
3324.85811468931,70242.625
3324.859503551256,70547.9609375
3324.860892413202,70876.28125
3324.862281274915,71186.71875
3324.86367013686,71478.578125
3324.8650589988065,71686.875
3324.866447860753,71916.0
3324.867836722699,72082.875
3324.869225584645,72227.28125
3324.8706144465914,72386.5234375
3324.872003308537,72349.75
3324.873392170484,72416.1171875
3324.87478103243,72453.65625
3324.876169894376,72335.7421875
3324.877558756322,72380.5703125
3324.8789476182687,72394.7421875
3324.8803364802143,72453.78125
3324.8817253421607,72398.4609375
3324.883114204107,72380.6015625
3324.8845030660527,72425.703125
3324.885891927999,72423.34375
3324.8872807901785,72384.9140625
3324.8886696521245,72410.171875
3324.8900585140705,72484.71875
3324.8914473760174,72349.03125
3324.8928362379625,72475.7734375
3324.8942250999094,72448.8984375
3324.895613962088,72479.2890625
3324.897002824034,72437.1796875
3324.8983916859806,72419.3359375
3324.899780547927,72381.78125
3324.901169410106,72415.8984375
3324.902558272052,72432.5078125
3324.9039471339984,72397.78125
3324.9053359961767,72363.5703125
3324.9067248581237,72350.125
3324.9081137200697,72411.4453125
3324.9095025822485,72477.75
3324.9108914441945,72397.625
3324.9122803061414,72410.0
3324.9136691683198,72480.2109375
3324.915058030266,72484.578125
3324.9164468922127,72470.15625
3324.917835754391,72384.125
3324.919224616337,72427.609375
3324.9206134785154,72434.6875
3324.922002340461,72409.8046875
3324.9233912026407,72427.0390625
3324.9247800645867,72378.625
3324.9261689267655,72455.5078125
3324.9275577887115,72473.640625
3324.9289466508912,72467.359375
3324.930335512837,72439.65625
3324.931724375016,72485.859375
3324.933113237195,72381.90625
3324.934502099141,72483.4296875
3324.93589096132,72510.9609375
3324.9372798232666,72446.7265625
3324.9386686854455,72434.9140625
3324.9400575476243,72509.8203125
3324.941446409571,72346.0234375
3324.942835271749,72504.2421875
3324.944224133929,72517.0625
3324.945612995875,72483.140625
3324.9470018580537,72379.1796875
3324.948390720233,72395.296875
3324.9497795821794,72461.3828125
3324.951168444358,72478.3984375
3324.952557306537,72473.046875
3324.9539461687164,72465.3671875
3324.9553350308947,72506.8515625
3324.9567238928416,72380.5859375
3324.9581127550205,72480.90625
3324.9595016171993,72489.1875
3324.960890479378,72477.40625
3324.962279341558,72457.0546875
3324.9636682037362,72520.671875
3324.9650570656827,72552.4375
3324.9664459278615,72528.5703125
3324.9678347900403,72516.359375
3324.9692236522196,72517.4375
3324.970612514399,72443.609375
3324.9720013765777,72471.015625
3324.9733902387566,72491.984375
3324.9747791009354,72483.5390625
3324.9761679631133,72526.1640625
3324.977556825292,72510.9296875
3324.978945687472,72477.4765625
3324.9803345496503,72478.0546875
3324.9817234118286,72490.265625
3324.983112274008,72563.6484375
3324.984501136187,72433.484375
3324.985889998366,72559.015625
3324.987278860545,72543.6328125
3324.9886677227246,72566.7265625
3324.9900565849025,72532.015625
3324.991445447315,72564.1328125
3324.992834309494,72570.234375
3324.9942231716727,72631.7890625
3324.995612033852,72609.1171875
3324.9970008960313,72468.453125
3324.99838975821,72591.125
3324.999778620622,72609.0
3325.001167482801,72559.75
3325.0025563449794,72531.8046875
3325.003945207159,72625.3515625
3325.005334069338,72613.9296875
3325.0067229317497,72692.8671875
3325.0081117939285,72584.234375
3325.0095006561082,72619.546875
3325.0108895185194,72608.1875
3325.0122783806987,72645.7890625
3325.013667242878,72673.4296875
3325.015056105289,72737.265625
3325.0164449674685,72675.625
3325.0178338296478,72667.390625
3325.0192226920594,72596.4765625
3325.0206115542383,72699.1875
3325.022000416418,72682.703125
3325.0233892788287,72671.5078125
3325.0247781410085,72713.328125
3325.02616700342,72726.6328125
3325.027555865599,72670.109375
3325.028944728011,72824.0859375
3325.0303335901904,72760.3125
3325.031722452601,72733.703125
3325.0331113147795,72727.0859375
3325.0345001771916,72767.7421875
3325.0358890393704,72702.0
3325.037277901782,72719.2421875
3325.038666763962,72804.9609375
3325.0400556263726,72777.1328125
3325.0414444885523,72888.2890625
3325.042833350964,72760.109375
3325.044222213143,72823.015625
3325.045611075555,72808.2109375
3325.046999937967,72797.0
3325.0483888001454,72768.8046875
3325.0497776625575,72721.7734375
3325.0511665249696,72882.3046875
3325.052555387148,72857.8359375
3325.0539442495606,72869.7421875
3325.0553331119722,72839.1328125
3325.056721974151,72904.6015625
3325.0581108365627,72912.5546875
3325.0594996989753,72897.671875
3325.0608885613865,72862.75
3325.062277423566,72853.9609375
3325.0636662859774,72927.1953125
3325.065055148389,72919.6484375
3325.066444010801,72987.078125
3325.0678328729805,72923.8984375
3325.069221735392,72922.8203125
3325.070610597804,72887.6171875
3325.0719994602164,72921.3984375
3325.073388322627,72963.28125
3325.0747771850397,72956.28125
3325.0761660474514,72989.1171875
3325.07755490963,73017.0703125
3325.0789437720423,73000.28125
3325.0803326344544,73017.015625
3325.0817214968656,73051.84375
3325.0831103592777,73007.546875
3325.08449922169,73066.15625
3325.085888084101,73041.46875
3325.0872769465136,72971.59375
3325.088665808925,73019.390625
3325.090054671335,73054.5703125
3325.0914435337477,73018.5078125
3325.0928323961593,73113.7578125
3325.094221258571,73118.375
3325.095610120983,73032.0078125
3325.096998983395,73126.4609375
3325.0983878458064,73119.25
3325.0997767082185,73100.7421875
3325.1011655706307,73140.6484375
3325.102554433042,73098.203125
3325.1039432954544,73144.96875
3325.105332158099,73157.484375
3325.1067210205106,73107.515625
3325.1081098829222,73116.4609375
3325.109498745335,73138.8046875
3325.110887607746,73097.390625
3325.112276470158,73179.671875
3325.11366533257,73164.6875
3325.1150541952143,73129.8515625
3325.1164430576264,73117.1796875
3325.1178319200385,73172.3984375
3325.11922078245,73179.203125
3325.1206096450946,73194.734375
3325.1219985075068,73172.203125
3325.123387369918,73120.359375
3325.1247762323305,73130.6953125
3325.126165094975,73191.328125
3325.1275539573867,73150.5546875
3325.128942819799,73189.71875
3325.1303316824437,73197.015625
3325.131720544855,73277.5859375
3325.133109407267,73219.3515625
3325.134498269912,73220.109375
3325.135887132323,73213.5078125
3325.1372759947353,73249.4765625
3325.1386648573803,73190.390625
3325.140053719792,73214.453125
3325.1414425824364,73221.640625
3325.142831444849,73274.6171875
3325.1442203072597,73243.7890625
3325.1456091699038,73167.8515625
3325.146998032316,73193.5
3325.14838689496,73206.15625
3325.149775757372,73262.4609375
3325.151164620017,73263.3359375
3325.152553482428,73242.65625
3325.153942345073,73209.9765625
3325.1553312074852,73274.1640625
3325.1567200701297,73288.875
3325.1581089325414,73163.9921875
3325.159497795187,73171.265625
3325.1608866575975,73192.9921875
3325.162275520243,73185.78125
3325.1636643828874,73240.375
3325.165053245299,73287.1015625
3325.166442107944,73241.1328125
3325.167830970356,73203.7734375
3325.1692198330006,73149.0078125
3325.170608695644,73197.3671875
3325.171997558057,73098.375
3325.1733864207013,73186.0546875
3325.1747752833458,73217.2265625
3325.176164145758,73207.8828125
3325.177553008403,73203.5859375
3325.178941871047,73275.53125
3325.180330733459,73279.96875
3325.181719596104,73225.9609375
3325.183108458748,73212.7734375
3325.1844973213933,73184.3203125
3325.185886183805,73182.6328125
3325.1872750464495,73270.046875
3325.188663909094,73219.515625
3325.1900527717394,73158.484375
3325.1914416341506,73213.3671875
3325.1928304967955,73207.6328125
3325.19421935944,73217.8671875
3325.1956082220845,73154.4375
3325.1969970847294,73162.640625
3325.1983859473744,73137.921875
3325.199774809786,73099.34375
3325.20116367243,73212.25
3325.202552535074,73187.0078125
3325.2039413977186,73088.1328125
3325.205330260363,73184.71875
3325.2067191230085,73102.5234375
3325.2081079856525,73068.5625
3325.2094968482975,73068.09375
3325.210885710942,73174.4609375
3325.2122745735865,73014.859375
3325.2136634362314,73067.515625
3325.2150522986435,73124.34375
3325.216441161288,73058.0546875
3325.2178300239325,73016.6015625
3325.219218886578,73042.1484375
3325.2206077492215,73012.4453125
3325.221996611867,72981.21875
3325.2233854745114,73019.125
3325.2247743373887,73031.8515625
3325.2261632000336,72944.09375
3325.2275520626786,73064.3125
3325.2289409253226,73003.6875
3325.2303297879675,72978.6953125
3325.2317186506125,72973.8515625
3325.2331075132565,73043.546875
3325.234496375902,73009.7734375
3325.2358852385464,72866.265625
3325.237274101191,72885.46875
3325.2386629638354,72856.9921875
3325.2400518267136,72900.34375
3325.2414406893577,72884.1796875
3325.2428295520026,72874.375
3325.244218414647,72946.609375
3325.2456072772916,72845.2109375
3325.2469961399365,72910.109375
3325.2483850028143,72941.8515625
3325.249773865459,72889.1796875
3325.2511627281033,72874.5546875
3325.2525515907487,72973.109375
3325.2539404533923,72896.046875
3325.2553293162705,72812.1640625
3325.256718178915,72818.5859375
3325.2581070415586,72809.7890625
3325.259495904436,72881.8984375
3325.2608847670804,72776.0078125
3325.262273629725,72796.625
3325.26366249237,72867.9453125
3325.2650513552476,72736.828125
3325.266440217892,72725.7734375
3325.2678290805366,72717.359375
3325.2692179434143,72758.4375
3325.2706068060584,72761.5625
3325.2719956687038,72799.515625
3325.273384531581,72734.2890625
3325.2747733942256,72762.0078125
3325.2761622571034,72754.09375
3325.2775511197483,72766.1328125
3325.2789399823923,72730.6953125
3325.28032884527,72682.2734375
3325.281717707915,72703.0703125
3325.283106570792,72671.625
3325.284495433437,72587.1484375
3325.285884296082,72684.4921875
3325.287273158959,72621.7421875
3325.2886620216036,72665.9140625
3325.290050884482,72630.703125
3325.291439747126,72626.21875
3325.2928286100037,72644.4296875
3325.294217472648,72576.40625
3325.2956063355255,72652.5625
3325.2969951981704,72597.8046875
3325.298384061048,72625.015625
3325.2997729236927,72644.0859375
3325.30116178657,72601.8359375
3325.3025506494478,72573.734375
3325.303939512092,72538.796875
3325.30532837497,72656.578125
3325.3067172376145,72550.640625
3325.308106100492,72550.0859375
3325.3094949631363,72551.3203125
3325.3108838260146,72465.34375
3325.3122726888914,72575.4609375
3325.3136615515355,72650.0703125
3325.315050414413,72545.3671875
3325.31643927729,72502.78125
3325.3178281399346,72535.5078125
3325.3192170028124,72538.4296875
3325.3206058654564,72531.59375
3325.3219947283346,72457.5625
3325.323383591212,72504.328125
3325.3247724540893,72556.390625
3325.3261613167338,72445.453125
3325.327550179612,72491.0859375
3325.328939042489,72474.46875
3325.330327905134,72437.890625
3325.3317167680116,72464.703125
3325.3331056308884,72485.5078125
3325.334494493766,72564.6953125
3325.335883356411,72486.9765625
3325.3372722192885,72466.0625
3325.338661082166,72400.75
3325.340049945044,72493.859375
3325.3414388076876,72491.2421875
3325.342827670566,72488.1015625
3325.344216533443,72460.7421875
3325.3456053963205,72431.2265625
3325.346994259198,72487.265625
3325.3483831218423,72418.453125
3325.3497719847205,72414.390625
3325.351160847597,72298.109375
3325.352549710475,72469.8203125
3325.3539385733525,72459.8203125
3325.35532743623,72415.1171875
3325.3567162991076,72435.828125
3325.3581051617525,72437.8125
3325.3594940246294,72456.2734375
3325.360882887507,72400.84375
3325.362271750385,72425.296875
3325.363660613262,72386.3046875
3325.36504947614,72428.9609375
3325.3664383390173,72369.890625
3325.3678272018947,72460.0546875
3325.369216064772,72418.4765625
3325.3706049276493,72343.9375
3325.3719937905257,72420.3515625
3325.3733826534035,72398.328125
3325.3747715160484,72383.75
3325.3761603789253,72393.5625
3325.377549241803,72412.140625
3325.378938104681,72356.5
3325.3803269675577,72372.6640625
3325.3817158304355,72393.671875
3325.3831046933133,72326.46875
3325.3844935561906,72349.59375
3325.385882419068,72371.3359375
3325.387271282179,72325.4921875
3325.388660145056,72415.8125
3325.3900490079336,72376.5078125
3325.391437870811,72331.1328125
3325.3928267336883,72289.1484375
3325.394215596566,72310.671875
3325.395604459444,72200.5078125
3325.396993322321,72139.7421875
3325.3983821851984,71950.890625
3325.399771048076,71831.453125
3325.401159910953,71590.734375
3325.4025487738313,71464.328125
3325.4039376367086,71268.8046875
3325.405326499819,71121.296875
3325.4067153626966,70905.5625
3325.4081042255743,70716.96875
3325.409493088451,70475.9765625
3325.410881951329,70178.625
3325.4122708142067,69932.7578125
3325.4136596770836,69695.6328125
3325.415048540194,69408.8828125
3325.416437403072,69123.75
3325.4178262659493,68882.953125
3325.4192151288266,68608.7890625
3325.420603991705,68215.578125
3325.4219928548146,67996.8828125
3325.4233817176923,67650.4140625
3325.4247705805697,67405.9609375
3325.426159443446,67056.0625
3325.4275483063234,66676.875
3325.428937169434,66343.0
3325.430326032311,65983.3515625
3325.4317148951886,65593.609375
3325.4331037580664,65312.7734375
3325.4344926211766,64940.61328125
3325.435881484054,64621.30859375
3325.437270346932,64246.6484375
3325.4386592098085,63897.48046875
3325.4400480729196,63587.1328125
3325.441436935797,63237.91015625
3325.442825798674,62844.69140625
3325.444214661785,62569.9375
3325.4456035246626,62156.3828125
3325.44699238754,61763.48046875
3325.44838125065,61413.37890625
3325.449770113528,61131.00390625
3325.4511589764047,60788.65234375
3325.452547839516,60398.94140625
3325.453936702393,60060.859375
3325.4553255652704,59767.35546875
3325.4567144283806,59438.4453125
3325.458103291259,59133.82421875
3325.4594921541357,58897.6796875
3325.4608810172463,58526.55859375
3325.462269880124,58311.390625
3325.463658743001,57983.4140625
3325.4650476061115,57710.265625
3325.4664364689893,57484.5078125
3325.4678253320994,57274.609375
3325.4692141949768,57069.4921875
3325.470603057855,56953.51953125
3325.4719919209642,56749.10546875
3325.4733807838425,56599.3359375
3325.4747696469526,56489.76171875
3325.47615850983,56362.76171875
3325.4775473729405,56370.28515625
3325.4789362358183,56340.171875
3325.4803250986956,56293.19921875
3325.481713961806,56328.15625
3325.483102824683,56433.16015625
3325.4844916877923,56406.0859375
3325.4858805506697,56504.4296875
3325.4872694137807,56673.18359375
3325.488658276657,56839.95703125
3325.490047139768,56988.8359375
3325.4914360026455,57131.25
3325.4928248657557,57369.37109375
3325.4942137286334,57596.91015625
3325.495602591744,57845.9140625
3325.496991454621,58118.828125
3325.4983803177315,58379.359375
3325.4997691806093,58634.28125
3325.501158043719,58976.33984375
3325.502546906597,59249.65234375
3325.5039357697074,59585.796875
3325.5053246325847,59962.13671875
3325.506713495695,60314.578125
3325.508102358573,60512.53515625
3325.5094912216828,60924.0390625
3325.5108800847925,61340.44140625
3325.5122689476702,61669.859375
3325.513657810781,62042.046875
3325.515046673658,62277.30078125
3325.5164355367683,62660.40234375
3325.5178243996465,63110.38671875
3325.5192132627562,63370.07421875
3325.520602125867,63787.52734375
3325.521990988744,64190.30859375
3325.5233798518543,64525.171875
3325.524768714732,64846.453125
3325.5261575778427,65291.37890625
3325.527546440953,65559.8984375
3325.52893530383,65848.9296875
3325.5303241669408,66178.8828125
3325.5317130298176,66547.3828125
3325.5331018929287,66871.5546875
3325.534490756039,67143.3515625
3325.535879618916,67578.265625
3325.537268482027,67833.34375
3325.5386573451374,68174.9609375
3325.540046208014,68404.1015625
3325.5414350711235,68793.4375
3325.5428239340013,69046.828125
3325.5442127971114,69402.4296875
3325.5456016602216,69697.5625
3325.5469905230993,69847.09375
3325.548379386209,70144.546875
3325.54976824932,70395.15625
3325.5511571124302,70636.84375
3325.5525459753076,70962.6875
3325.5539348384177,71181.3359375
3325.555323701529,71293.7578125
3325.5567125644056,71510.296875
3325.5581014275162,71762.3984375
3325.559490290627,71793.3828125
3325.5608791535037,72064.328125
3325.5622680166143,72202.953125
3325.563656879725,72253.90625
3325.5650457426023,72382.140625
3325.5664346057124,72363.4140625
3325.5678234688235,72501.171875
3325.5692123319327,72436.609375
3325.570601194811,72467.453125
3325.571990057921,72394.2421875
3325.5733789210312,72464.34375
3325.574767784142,72576.90625
3325.5761566470196,72463.0234375
3325.5775455101298,72496.3359375
3325.57893437324,72487.6640625
3325.5803232363505,72528.96875
3325.5817120992274,72509.4609375
3325.5831009623384,72505.421875
3325.5844898254486,72494.8203125
3325.5858786885588,72526.703125
3325.587267551436,72440.65625
3325.588656414547,72474.7109375
3325.590045277657,72507.8828125
3325.5914341407674,72522.5625
3325.592823003645,72518.921875
3325.594211866755,72513.2890625
3325.595600729865,72480.4609375
3325.5969895929748,72515.125
3325.5983784560844,72417.0390625
3325.5997673189627,72548.890625
3325.601156182073,72542.328125
3325.602545045183,72525.6875
3325.603933908293,72510.2265625
3325.605322771404,72536.1328125
3325.606711634281,72455.7109375
3325.6081004973917,72449.796875
3325.6094893605023,72476.5546875
3325.610878223612,72521.5
3325.6122670867226,72477.40625
3325.6136559496003,72502.6640625
3325.6150448127105,72577.7265625
3325.6164336758206,72549.9765625
3325.6178225389317,72536.046875
3325.619211402041,72563.421875
3325.620600265152,72463.46875
3325.6219891280293,72606.6171875
3325.6233779911395,72588.546875
3325.62476685425,72518.4296875
3325.6261557173607,72635.328125
3325.6275445804704,72499.125
3325.628933443581,72494.609375
3325.6303223064588,72508.609375
3325.6317111695685,72623.96875
3325.6331000326795,72616.1015625
3325.6344888957897,72541.8125
3325.6358777589,72580.6015625
3325.63726662201,72505.359375
3325.638655484888,72540.3125
3325.640044347998,72538.0625
3325.6414332111085,72587.2734375
3325.6428220742187,72615.78125
3325.644210937329,72575.1015625
3325.6455998004394,72588.2421875
3325.64698866355,72544.7578125
3325.6483775264273,72559.421875
3325.6497663895375,72554.3046875
3325.6511552526486,72580.5625
3325.6525441157573,72537.6875
3325.653932978867,72601.6640625
3325.655321841978,72528.5859375
3325.656710705088,72611.3359375
3325.6580995681984,72652.3984375
3325.6594884310757,72615.3984375
3325.660877294186,72612.3125
3325.6622661572965,72616.203125
3325.663655020407,72504.890625
3325.6650438835172,72561.984375
3325.6664327466265,72524.75
3325.6678216097375,72572.703125
3325.6692104728477,72622.96875
3325.670599335958,72614.5390625
3325.6719881988356,72649.625
3325.673377061946,72677.21875
3325.6747659250564,72544.890625
3325.6761547881665,72577.3671875
3325.677543651277,72652.28125
3325.678932514387,72619.4921875
3325.680321377498,72563.8125
3325.681710240608,72629.6796875
3325.683099103718,72698.2890625
3325.6844879665955,72619.4453125
3325.6858768297066,72599.6640625
3325.6872656928163,72592.796875
3325.688654555927,72631.5390625
3325.6900434190375,72625.546875
3325.691432282147,72677.5390625
3325.6928211452578,72564.5390625
3325.6942100083684,72622.0703125
3325.6955988714785,72620.7734375
3325.6969877345887,72571.15625
3325.698376597467,72615.765625
3325.699765460576,72598.734375
3325.701154323687,72615.046875
3325.7025431867974,72646.21875
3325.7039320499075,72654.6640625
3325.705320913018,72666.015625
3325.7067097761287,72590.984375
3325.708098639238,72607.34375
3325.7094875023477,72623.2890625
3325.7108763654583,72656.1953125
3325.7122652285684,72596.203125
3325.7136540914457,72662.15625
3325.715042954557,72612.4375
3325.716431817666,72598.2265625
3325.717820680777,72621.140625
3325.7192095438872,72640.046875
3325.7205984069974,72726.078125
3325.721987270108,72631.7578125
3325.7233761332186,72667.640625
3325.7247649963288,72580.421875
3325.726153859439,72590.6484375
3325.7275427223167,72601.5703125
3325.7289315854264,72587.9296875
3325.7303204485374,72642.2421875
3325.7317093116476,72571.8046875
3325.7330981747577,72598.9609375
3325.734487037868,72749.3125
3325.735875900979,72607.7890625
3325.7372647640886,72665.265625
3325.7386536271993,72641.2109375
3325.74004249031,72609.03125
3325.7414313531867,72550.625
3325.7428202162973,72666.765625
3325.744209079408,72608.25
3325.745597942518,72569.25
3325.7469868056282,72597.234375
3325.7483756687393,72653.234375
3325.7497645318485,72623.734375
3325.7511533949596,72695.2265625
3325.7525422580698,72622.25
3325.75393112118,72694.9609375
3325.7553199840577,72644.25
3325.7567088471683,72642.1015625
3325.7580977102784,72599.9140625
3325.7594865733886,72680.8828125
3325.760875436499,72638.0625
3325.762264299609,72624.15625
3325.76365316272,72597.65625
3325.7650420258296,72640.28125
3325.7664308889384,72613.9296875
3325.7678197518167,72607.6484375
3325.769208614927,72623.8671875
3325.770597478037,72631.203125
3325.7719863411476,72580.1171875
3325.773375204258,72673.2578125
3325.774764067368,72601.515625
3325.7761529304785,72711.0
3325.777541793589,72695.09375
3325.778930656466,72623.0234375
3325.780319519577,72657.9140625
3325.781708382687,72698.9140625
3325.7830972457973,72641.5859375
3325.7844861089075,72695.1328125
3325.7858749720185,72667.6796875
3325.787263835128,72712.984375
3325.788652698006,72620.078125
3325.790041561116,72695.4453125
3325.7914304242263,72683.125
3325.792819287337,72594.7421875
3325.7942081504475,72599.84375
3325.7955970135577,72688.2734375
3325.796985876668,72731.5859375
3325.798374739546,72635.3984375
3325.7997636026553,72672.109375
3325.8011524657663,72667.40625
3325.8025413288765,72707.140625
3325.8039301919866,72677.90625
3325.8053190550972,72683.9453125
3325.806707917975,72665.6796875
3325.8080967810847,72686.0390625
3325.8094856441944,72649.8984375
3325.8108745073055,72685.9375
3325.8122633704156,72624.4609375
3325.8136522335258,72628.328125
3325.815041096403,72690.3984375
3325.816429959514,72677.2578125
3325.817818822624,72684.890625
3325.8192076857345,72699.8046875
3325.820596548845,72613.34375
3325.8219854119543,72714.8984375
3325.823374274831,72672.8515625
3325.8247631379418,72751.5390625
3325.8261520010515,72617.5625
3325.8275408641625,72721.4375
3325.8289297272727,72635.75
3325.83031859015,72708.390625
3325.83170745326,72648.796875
3325.833096316371,72645.8828125
3325.834485179481,72634.1640625
3325.8358740425915,72732.0859375
3325.8372629054693,72609.6953125
3325.838651768579,72717.3984375
3325.8400406316896,72719.0625
3325.8414294948,72687.234375
3325.8428183576775,72698.109375
3326.0594809814643,72646.3359375
3326.0608698443416,72535.171875
3326.062258707219,72631.171875
3326.063647570097,72555.34375
3326.065036432741,72524.6015625
3326.066425295619,72613.40625
3326.0678141584963,72592.6953125
3326.0692030213736,72548.4765625
3326.0705918842514,72566.34375
3326.071980747129,72570.03125
3326.0733696100065,72575.3359375
3326.07475847265,72592.03125
3326.0761473355283,72566.578125
3326.0775361984056,72628.1796875
3326.078925061283,72574.46875
3326.0803139241607,72510.578125
3326.0817027870385,72526.328125
3326.083091649683,72595.46875
3326.0844805125603,72558.296875
3326.085869375438,72527.921875
3326.087258238315,72548.71875
3326.0886471009603,72553.5859375
3326.0900359638376,72642.53125
3326.091424826715,72541.9375
3326.0928136895923,72646.484375
3326.0942025522377,72550.890625
3326.0955914151145,72575.3125
3326.0969802779923,72581.46875
3326.0983691406373,72560.21875
3326.099758003514,72564.7109375
3326.101146866392,72560.5390625
3326.1025357292697,72608.859375
3326.1039245919133,72573.765625
3326.1053134547906,72582.8828125
3326.106702317668,72635.3046875
3326.1080911803124,72521.9765625
3326.1094800431897,72567.6015625
3326.110868905835,72585.640625
3326.112257768712,72666.0546875
3326.1136466315897,72580.8046875
3326.1150354942347,72654.8046875
3326.1164243571116,72635.9765625
3326.1178132197565,72602.8046875
3326.1192020826343,72606.90625
3326.1205909455116,72646.3671875
3326.121979808156,72603.484375
3326.1233686710343,72527.0390625
3326.124757533678,72604.3203125
3326.126146396556,72591.7265625
3326.1275352592006,72596.8203125
3326.128924122078,72569.0390625
3326.130312984723,72600.265625
3326.1317018476007,72668.453125
3326.1330907102447,72581.3671875
3326.1344795731225,72630.7421875
3326.1358684357674,72641.4296875
3326.1372572986443,72532.4375
3326.1386461612897,72489.140625
3326.140035023934,72597.078125
3326.1414238868115,72581.359375
3326.142812749456,72626.15625
3326.144201612334,72563.6171875
3326.1455904749782,72571.28125
3326.146979337623,72543.71875
3326.1483682005005,72578.84375
3326.149757063145,72675.9921875
3326.1511459260228,72666.2734375
3326.1525347886677,72665.546875
3326.153923651312,72667.0859375
3326.1553125141895,72522.6171875
3326.156701376835,72530.3046875
3326.1580902394785,72609.2890625
3326.159479102356,72568.8046875
3326.1608679650003,72573.828125
3326.1622568276443,72623.9296875
3326.1636456902893,72601.0859375
3326.1650345531666,72620.0390625
3326.166423415811,72574.46875
3326.167812278456,72658.65625
3326.169201141101,72586.4140625
3326.1705900039783,72573.921875
3326.171978866623,72609.03125
3326.173367729268,72631.4609375
3326.174756591912,72638.71875
3326.176145454557,72665.953125
3326.1775343174345,72722.390625
3326.178923180079,72677.28125
3326.180312042724,72585.5234375
3326.181700905369,72594.1640625
3326.183089768013,72618.4140625
3326.184478630658,72692.7734375
3326.1858674935356,72631.484375
3326.1872563561797,72676.609375
3326.188645218825,72620.3359375
3326.1900340814695,72615.09375
3326.191422944114,72562.1171875
3326.1928118067585,72533.8046875
3326.194200669404,72581.9140625
3326.195589532048,72580.765625
3326.196978394693,72597.4921875
3326.1983672573374,72583.984375
3326.199756119982,72583.53125
3326.2011449826264,72616.515625
3326.202533845271,72612.6171875
3326.2039227079163,72612.171875
3326.20531157056,72652.328125
3326.2067004332052,72545.4375
3326.2080892958497,72615.8984375
3326.209478158494,72584.890625
3326.210867021139,72606.8046875
3326.212255883784,72618.96875
3326.2136447464286,72619.2421875
3326.215033609073,72598.3828125
3326.2164224717176,72590.3125
3326.217811334361,72579.5625
3326.219200196773,72617.3828125
3326.220589059418,72617.03125
3326.221977922062,72619.484375
3326.223366784707,72665.40625
3326.2247556473517,72566.4296875
3326.226144509996,72587.1875
3326.2275333724083,72592.9140625
3326.2289222350532,72626.671875
3326.2303110976977,72622.71875
3326.231699960342,72576.1015625
3326.233088822987,72543.4765625
3326.2344776853984,72699.953125
3326.2358665480438,72643.2734375
3326.2372554106882,72668.609375
3326.2386442733327,72529.921875
3326.2400331357444,72652.6953125
3326.24142199839,72587.1171875
3326.242810861034,72593.6875
3326.244199723446,72599.3203125
3326.245588586091,72604.1640625
3326.246977448735,72541.8203125
3326.248366311147,72610.09375
3326.249755173792,72609.8984375
3326.2511440364365,72563.703125
3326.252532898848,72598.7421875
3326.2539217614935,72593.4765625
3326.255310624137,72605.8984375
3326.2566994865497,72584.8828125
3326.258088349194,72540.5234375
3326.259477211606,72619.1171875
3326.2608660742508,72576.890625
3326.262254936663,72618.546875
3326.2636437993074,72553.453125
3326.265032661719,72639.6171875
3326.266421524364,72543.59375
3326.267810387008,72671.4609375
3326.2691992494206,72634.15625
3326.2705881118322,72630.296875
3326.271976974476,72589.828125
3326.2733658368875,72569.7265625
3326.274754699532,72617.1484375
3326.2761435619436,72528.1640625
3326.2775324245886,72546.046875
3326.2789212870007,72597.9609375
3326.2803101496447,72563.3984375
3326.281699012057,72626.46875
3326.283087874469,72530.6953125
3326.284476737113,72629.8046875
3326.2858655995256,72579.75
3326.287254461937,72656.3125
3326.2886433245817,72604.6484375
3326.2900321869934,72622.171875
3326.291421049406,72544.4375
3326.29280991205,72636.9921875
3326.294198774462,72558.09375
3326.2955876368737,72637.8984375
3326.296976499518,72537.203125
3326.2983653619303,72586.71875
3326.2997542243425,72574.1328125
3326.301143086754,72621.7109375
3326.3025319493986,72591.2109375
3326.303920811811,72600.9609375
3326.305309674222,72577.5390625
3326.3066985366345,72572.390625
3326.308087399046,72582.4375
3326.309476261458,72609.546875
3326.3108651241027,72620.390625
3326.312253986515,72592.96875
3326.313642848926,72579.3046875
3326.315031711338,72590.6328125
3326.3164205737503,72611.109375
3326.3178094361615,72550.5703125
3326.319198298573,72610.3203125
3326.320587160985,72542.953125
3326.3219760233974,72529.6953125
3326.3233648860414,72589.8046875
3326.3247537484535,72590.671875
3326.3261426108656,72595.75
3326.327531473277,72602.171875
3326.3289203356885,72531.8046875
3326.3303091980997,72507.359375
3326.331698060511,72606.390625
3326.3330869229235,72590.359375
3326.3344757851023,72537.796875
3326.335864647514,72611.2265625
3326.3372535099256,72496.1640625
3326.338642372338,72555.0703125
3326.3400312347494,72590.765625
3326.3414200971615,72494.1015625
3326.3428089595736,72521.0625
3326.344197821985,72534.1875
3326.345586684397,72534.3984375
3326.346975546809,72593.1328125
3326.348364408988,72557.65625
3326.3497532713995,72555.328125
3326.351142133812,72547.125
3326.352530996223,72571.765625
3326.3539198586354,72609.1640625
3326.3553087208143,72568.9921875
3326.356697583226,72523.0390625
3326.358086445638,72511.765625
3326.35947530805,72643.984375
3326.360864170229,72551.0703125
3326.3622530326406,72544.65625
3326.3636418950528,72479.1484375
3326.365030757464,72535.296875
3326.3664196196437,72496.8984375
3326.3678084820554,72485.171875
3326.369197344467,72580.6875
3326.370586206646,72524.9453125
3326.3719750690584,72647.4765625
3326.3733639314696,72662.78125
3326.374752793649,72564.8359375
3326.376141656061,72614.375
3326.3775305182394,72549.3984375
3326.3789193806515,72581.4296875
3326.3803082430636,72602.71875
3326.3816971052424,72578.8203125
3326.383085967654,72583.6953125
3326.384474829834,72550.9609375
3326.385863692244,72558.125
3326.3872525544225,72519.53125
3326.388641416835,72585.125
3326.3900302790134,72604.1640625
3326.3914191414256,72561.5859375
3326.3928080036044,72606.703125
3326.394196866016,72595.7890625
3326.3955857281953,72591.09375
3326.3969745903746,72561.0859375
3326.3983634527863,72592.1875
3326.399752314965,72604.84375
3326.4011411773777,72524.9375
3326.4025300395556,72568.90625
3326.4039189017353,72664.2734375
3326.405307764147,72482.109375
3326.406696626326,72509.4609375
3326.408085488505,72610.875
3326.409474350917,72595.125
3326.4108632130956,72564.96875
3326.412252075275,72548.1875
3326.413640937687,72504.8046875
3326.4150297998654,72534.4609375
3326.416418662045,72522.25
3326.417807524224,72578.5703125
3326.4191963866356,72581.8828125
3326.4205852488144,72506.8203125
3326.421974110994,72525.5546875
3326.4233629731725,72542.2578125
3326.424751835352,72531.1328125
3326.4261406977635,72610.2421875
3326.4275295599423,72621.8984375
3326.4289184221216,72602.6796875
3326.430307284301,72641.2578125
3326.4316961464797,72628.1015625
3326.433085008658,72683.3125
3326.4344738708373,72493.921875
3326.435862733016,72600.5390625
3326.437251595195,72606.609375
3326.4386404573743,72632.609375
3326.4400293197864,72550.3125
3326.4414181819643,72605.203125
3326.4428070441427,72551.890625
3326.444195906322,72524.6015625
3326.445584768501,72595.6953125
3326.4469736306796,72634.71875
3326.4483624928594,72660.8671875
3326.4497513548044,72622.109375
3326.451140216984,72636.5859375
3326.452529079163,72585.5078125
3326.453917941342,72586.796875
3326.455306803521,72614.9453125
3326.4566956657004,72621.65625
3326.4580845278792,72557.2421875
3326.459473390058,72528.2421875
3326.4608622522373,72552.7265625
3326.4622511144157,72554.375
3326.4636399763626,72600.171875
3326.4650288385415,72575.875
3326.4664177007203,72574.0078125
3326.467806562899,72643.9921875
3326.469195425079,72536.0625
3326.4705842870244,72603.28125
3326.4719731492037,72537.765625
3326.473362011383,72613.4765625
3326.4747508735613,72582.1953125
3326.476139735508,72620.8984375
3326.477528597687,72630.765625
3326.478917459866,72638.0234375
3326.480306321812,72631.6796875
3326.4816951839916,72572.171875
3326.4830840461696,72588.59375
3326.4844729081165,72583.8515625
3326.4858617702953,72574.3125
3326.487250632474,72558.921875
3326.4886394944206,72580.421875
3326.4900283566,72638.7890625
3326.491417218546,72553.8671875
3326.4928060807247,72537.3125
3326.494194942904,72670.71875
3326.4955838048495,72653.5859375
3326.4969726670292,72642.9921875
3326.498361528975,72562.9453125
3326.4997503911522,72615.78125
3326.501139253099,72611.8984375
3326.502528115278,72681.4296875
3326.503916977224,72587.75
3326.5053058394033,72568.984375
3326.5066947013497,72567.8046875
3326.5080835632953,72658.3671875
3326.5094724254745,72639.28125
3326.510861287421,72603.3125
3326.5122501495994,72638.6640625
3326.5136390115463,72630.734375
3326.5150278734923,72623.0234375
3326.516416735671,72599.0390625
3326.517805597617,72606.4453125
3326.519194459564,72662.296875
3326.5205833217424,72578.6953125
3326.521972183689,72615.3515625
3326.523361045635,72557.7265625
3326.5247499078137,72658.5703125
3326.52613876976,72530.5546875
3326.5275276317066,72547.484375
3326.5289164936526,72516.7109375
3326.5303053558314,72608.0546875
3326.5316942177783,72590.53125
3326.5330830797234,72551.390625
3326.5344719416703,72555.15625
3326.5358608036163,72627.1328125
3326.537249665795,72543.2578125
3326.5386385277416,72623.5703125
3326.540027389688,72646.7109375
3326.5414162516336,72547.765625
3326.54280511358,72632.609375
3326.5441939755265,72553.0703125
3326.545582837472,72561.8203125
3326.546971699418,72576.0078125
3326.5483605613645,72532.2734375
3326.5497494235437,72605.515625
3326.5511382854893,72579.78125
3326.5525271474357,72592.90625
3326.5539160093817,72611.3515625
3326.555304871327,72603.0234375
3326.556693733273,72554.5859375
3326.5580825952193,72565.3828125
3326.559471457165,72607.015625
3326.5608603191117,72640.03125
3326.562249180825,72617.390625
3326.563638042771,72541.96875
3326.565026904717,72587.8671875
3326.566415766664,72580.1953125
3326.5678046286093,72608.7578125
3326.569193490556,72541.375
3326.5705823525022,72594.8203125
3326.571971214448,72570.2578125
3326.5733600763942,72611.4296875
3326.574748938108,72590.9296875
3326.576137800054,72524.4609375
3326.577526662,72569.1015625
3326.5789155239468,72511.078125
3326.580304385892,72610.5078125
3326.581693247606,72593.7421875
3326.583082109552,72543.125
3326.584470971498,72576.6796875
3326.5858598334444,72531.5390625
3326.587248695158,72541.7890625
3326.588637557104,72541.453125
3326.59002641905,72496.765625
3326.5914152807636,72567.375
3326.592804142709,72526.5078125
3326.594193004656,72607.9609375
3326.5955818663692,72578.8046875
3326.5969707283152,72539.859375
3326.598359590261,72604.015625
3326.5997484519753,72577.046875
3326.601137313921,72558.78125
3326.6025261756345,72577.8203125
3326.603915037581,72584.9765625
3326.6053038995265,72593.3515625
3326.60669276124,72567.2265625
3326.6080816231865,72530.9921875
3326.6094704848997,72530.0859375
3326.6108593468452,72579.015625
3326.612248208558,72570.6953125
3326.613637070504,72587.765625
3326.615025932217,72572.890625
3326.616414794164,72538.1875
3326.6178036558767,72503.9765625
3326.6191925175904,72536.7578125
3326.620581379537,72606.1953125
3326.6219702412495,72601.40625
3326.623359103196,72534.5546875
3326.6247479649096,72589.0703125
3326.6261368266228,72571.7578125
3326.6275256885688,72565.8828125
3326.628914550283,72616.859375
3326.630303411995,72559.671875
3326.631692273942,72593.765625
3326.633081135655,72572.140625
3326.6344699973683,72547.6484375
3326.635858859315,72598.1484375
3326.6372477210284,72623.34375
3326.638636582741,72601.734375
3326.6400254444547,72557.3046875
3326.641414306401,72662.4921875
3326.642803168114,72611.625
3326.644192029828,72594.7421875
3326.645580891541,72613.203125
3326.6469697532543,72526.4453125
3326.6483586152003,72571.953125
3326.6497474769144,72603.7734375
3326.651136338627,72563.7109375
3326.65252520034,72544.875
3326.6539140620534,72583.578125
3326.655302923767,72534.09375
3326.6566917854802,72533.453125
3326.6580806471934,72568.4296875
3326.6594695091403,72602.4453125
3326.660858370853,72528.40625
3326.6622472325666,72545.09375
3326.66363609428,72557.8515625
3326.665024955993,72547.1640625
3326.6664138177066,72546.890625
3326.6678026794193,72502.078125
3326.6691915411316,72587.0859375
3326.670580402845,72579.8203125
3326.671969264559,72598.203125
3326.673358126272,72552.8828125
3326.674746987985,72590.7265625
3326.6761358494664,72558.8046875
3326.6775247111786,72565.0078125
3326.6789135728927,72508.9375
3326.680302434606,72625.3984375
3326.681691296319,72572.8828125
3326.6830801580327,72575.671875
3326.6844690197463,72554.2109375
3326.6858578814595,72594.671875
3326.68724674294,72604.9765625
3326.6886356046534,72493.2734375
3326.690024466366,72546.75
3326.69141332808,72564.0390625
3326.6928021897934,72499.796875
3326.6941910512737,72526.90625
3326.695579912987,72494.4375
3326.696968774701,72550.0859375
3326.6983576364137,72580.109375
3326.6997464978945,72510.3984375
3326.701135359608,72584.0703125
3326.702524221321,72557.7734375
3326.7039130828016,72586.890625
3326.705301944515,72566.8203125
3326.7066908062284,72571.03125
3326.7080796677087,72643.4296875
3326.709468529423,72537.265625
3326.710857391135,72556.8671875
3326.7122462526163,72555.59375
3326.7136351143295,72566.140625
3326.71502397581,72606.984375
3326.7164128375234,72576.875
3326.717801699237,72531.3515625
3326.7191905607174,72551.78125
3326.7205794224305,72631.4296875
3326.7219682839113,72515.359375
3326.7233571456236,72556.21875
3326.7247460071035,72593.21875
3326.7261348688176,72557.7734375
3326.727523730297,72589.4765625
3326.728912592011,72525.0546875
3326.7303014534914,72640.21875
3326.7316903152046,72481.609375
3326.7330791766854,72631.078125
3326.734468038166,72563.984375
3326.7358568998793,72533.3515625
3326.7372457613596,72475.1015625
3326.7386346230733,72535.0546875
3326.740023484553,72545.546875
3326.7414123460344,72535.4921875
3326.7428012077476,72569.7109375
3326.744190069228,72516.671875
3326.7455789307082,72486.0625
3326.7469677924223,72506.0859375
3326.748356653902,72593.6328125
3326.749745515383,72560.3203125
3326.7511343770966,72567.5390625
3326.7525232385765,72607.3046875
3326.7539121000573,72557.2109375
3326.755300961538,72560.2109375
3326.7566898232512,72528.78125
3326.758078684731,72539.5859375
3326.759467546212,72546.609375
3326.7608564076922,72568.09375
3326.7622452691726,72563.6171875
3326.763634130886,72502.7265625
3326.765022992367,72640.7890625
3326.7664118538473,72515.921875
3326.7678007153277,72618.65625
3326.769189576809,72556.546875
3326.7705784382883,72512.0390625
3326.7719672997696,72524.03125
3326.77335616125,72476.9453125
3326.774745022963,72631.7421875
3326.776133884444,72581.375
3326.7775227459247,72600.84375
3326.7789116074046,72551.5546875
3326.7803004688844,72614.9921875
3326.7816893303648,72557.59375
3326.783078191845,72608.1328125
3326.7844670533254,72543.921875
3326.7858559148062,72553.375
3326.787244776286,72594.890625
3326.7886336377674,72577.890625
3326.7900224992477,72623.5078125
3326.791411360728,72586.625
3326.792800222209,72467.9375
3326.794189083457,72517.875
3326.7955779449367,72529.5703125
3326.7969668064175,72567.984375
3326.7983556678982,72569.671875
3326.799744529378,72583.609375
3326.801133390859,72606.328125
3326.8025222523397,72582.5625
3326.80391111382,72554.53125
3326.8052999750676,72547.7890625
3326.806688836549,72537.7890625
3326.8080776980287,72516.5234375
3326.8094665595095,72517.6953125
3326.81085542099,72567.6484375
3326.8122442822373,72567.3671875
3326.813633143718,72585.3984375
3326.815022005199,72483.8359375
3326.8164108666792,72512.9375
3326.8177997279267,72607.359375
3326.8191885894075,72532.4453125
3326.8205774508874,72547.234375
3326.8219663123687,72612.6328125
3326.823355173616,72596.21875
3326.8247440350965,72544.8984375
3326.826132896577,72583.609375
3326.8275217578253,72563.2890625
3326.828910619305,72490.4609375
3326.830299480553,72566.296875
3326.831688342034,72528.359375
3326.8330772035138,72571.5703125
3326.8344660647617,72549.9375
3326.8358549262416,72536.546875
3326.837243787488,72590.4375
3326.8386326489695,72551.1015625
3326.84002151045,72533.84375
3326.8414103716973,72577.2734375
3326.8427992331776,72472.625
3326.844188094426,72574.4140625
3326.845576955906,72630.46875
3326.846965817154,72579.9296875
3326.8483546786347,72606.3515625
3326.8497435398817,72453.6953125
3326.8511324013625,72475.0390625
3326.8525212626105,72546.640625
3326.853910123858,72567.6796875
3326.855298985338,72570.9921875
3326.856687846586,72565.1875
3326.858076708066,72515.34375
3326.8594655693137,72625.40625
3326.8608544307945,72550.40625
3326.8622432920424,72526.265625
3326.86363215329,72583.71875
3326.8650210147703,72587.828125
3326.8664098760187,72569.1171875
3326.8677987372653,72613.4609375
3326.8691875987465,72499.6171875
3326.870576459994,72535.171875
3326.8719653212415,72546.859375
3326.8733541827223,72507.875
3326.8747430439703,72521.078125
3326.8761319052173,72534.4609375
3326.8775207664653,72573.765625
3326.878909627946,72569.7421875
3326.880298489193,72544.2890625
3326.8816873504416,72586.65625
3326.883076211689,72524.8515625
3326.8844650729366,72513.6171875
3326.885853934417,72558.734375
3326.8872427956653,72466.65625
3326.8886316569124,72587.140625
3326.8900205181603,72535.4765625
3326.891409379408,72556.9296875
3326.8927982408873,72525.5234375
3326.8941871021348,72498.3828125
3326.8955759633827,72553.015625
3326.89696482463,72518.953125
3326.8983536858777,72511.265625
3326.8997425471257,72532.0234375
3326.901131408373,72540.3984375
3326.9025202696207,72629.078125
3326.903909130869,72525.703125
3326.905297992116,72479.3125
3326.906686853364,72523.9296875
3326.9080757146116,72576.140625
3326.909464575859,72537.140625
3326.910853437107,72535.9375
3326.912242298355,72536.078125
3326.9136311596026,72545.1796875
3326.91502002085,72488.21875
3326.916408882098,72516.4296875
3326.917797743345,72522.7109375
3326.9191866045935,72578.0859375
3326.920575465841,72553.6796875
3326.9219643270885,72514.3359375
3326.9233531883365,72613.59375
3326.9247420495844,72541.34375
3326.9261309108315,72554.609375
3326.9275197720794,72541.1953125
3326.9289086333274,72580.046875
3326.9302974943416,72572.96875
3326.9316863555896,72532.046875
3326.9330752168376,72524.125
3326.934464078085,72518.2265625
3326.9358529393326,72487.5546875
3326.937241800581,72652.5546875
3326.938630661595,72452.5
3326.940019522843,72515.8125
3326.9414083840907,72442.1796875
3326.942797245338,72513.890625
3326.944186106586,72572.46875
3326.9455749676013,72570.90625
3326.9469638288488,72505.0703125
3326.9483526900963,72537.3125
3326.949741551344,72525.953125
3326.9511304123575,72521.2890625
3326.9525192736046,72423.4453125
3326.9539081348526,72521.15625
3326.9552969958672,72487.6171875
3326.9566858571147,72482.1484375
3326.9580747183627,72446.4453125
3326.959463579378,72476.40625
3326.9608524406253,72499.890625
3326.962241301873,72533.5390625
3326.9636301628884,72463.9609375
3326.965019024135,72477.28125
3326.9664078853834,72481.6640625
3326.967796746398,72559.265625
3326.9691856076456,72564.1953125
3326.9705744686607,72482.4921875
3326.9719633299087,72517.1328125
3326.973352190923,72431.453125
3326.974741052171,72496.7578125
3326.976129913419,72463.78125
3326.977518774433,72530.796875
3326.9789076356815,72495.71875
3326.980296496696,72431.4375
3326.9816853579437,72493.8671875
3326.9830742189583,72423.2890625
3326.9844630802068,72490.8046875
3326.985851941221,72536.5390625
3326.987240802469,72488.796875
3326.9886296634836,72414.171875
3326.990018524731,72455.0546875
3326.9914073857462,72514.75
3326.9927962467614,72528.46875
3326.994185108009,72459.296875
3326.9955739690236,72477.15625
3326.996962830272,72489.8359375
3326.9983516912857,72470.75
3326.9997405523013,72446.8828125
3327.001129413549,72427.5859375
3327.0025182745635,72483.4140625
3327.0039071358115,72461.859375
3327.0052959968257,72439.8359375
3327.0066848578394,72424.9921875
3327.0080737188546,72505.46875
3327.0094625801025,72452.3046875
3327.010851441117,72497.703125
3327.012240302132,72462.90625
3327.01362916338,72483.1953125
3327.015018024394,72408.734375
3327.0164068854097,72446.9765625
3327.017795746657,72453.8359375
3327.019184607672,72454.546875
3327.020573468687,72452.375
3327.021962329702,72391.96875
3327.023351190949,72426.5703125
3327.0247400519643,72430.859375
3327.0261289129794,72307.8359375
3327.0275177739936,72176.1015625
3327.0289066350088,71934.578125
3327.0302954962567,71785.265625
3327.0316843572714,71611.28125
3327.033073218286,71208.640625
3327.0344620793016,70970.828125
3327.035850940316,70706.140625
3327.037239801331,70315.8984375
3327.0386286623457,70002.6328125
3327.040017523593,69640.109375
3327.0414063846083,69149.9921875
3327.0427952456234,68841.5
3327.044184106638,68303.859375
3327.045572967653,67869.890625
3327.046961828668,67447.375
3327.048350689682,66932.15625
3327.049739550697,66454.640625
3327.051128411712,65973.640625
3327.052517272727,65495.51953125
3327.0539061337417,64839.30078125
3327.0552949947564,64339.00390625
3327.0566838557716,63804.265625
3327.058072716786,63312.01953125
3327.0594615778014,62665.4765625
3327.060850438816,62075.90625
3327.06223929983,61518.234375
3327.0636281608445,60982.828125
3327.065017021859,60355.0390625
3327.066405882874,59792.265625
3327.069183604904,58508.58203125
3327.0705724659183,57921.73828125
3327.0719613269334,57348.74609375
3327.0733501879486,56704.4921875
3327.074739048963,56077.26171875
3327.077516770993,54791.109375
3327.0789056320077,54204.96484375
3327.081683353805,52936.328125
3327.0830722148194,52274.25390625
3327.0844610758345,51686.96484375
3327.085849936849,51036.921875
3327.087238797864,50373.54296875
3327.088627658646,49815.7421875
3327.0900165196613,49213.94140625
3327.091405380676,48640.68359375
3327.0927942416906,48019.6640625
3327.094183102706,47439.56640625
3327.095571963487,46908.12109375
3327.0969608245027,46411.2265625
3327.0983496855174,45849.8828125
3327.099738546532,45284.99609375
3327.101127407547,44814.3203125
3327.1025162683295,44356.8984375
3327.1039051293437,43888.87890625
3327.105293990359,43480.234375
3327.106682851141,43116.3046875
3327.1080717121554,42679.91015625
3327.109460573171,42339.78515625
3327.1108494341856,42049.94140625
3327.1122382949675,41794.47265625
3327.113627155982,41510.25
3327.1150160169977,41299.51953125
3327.116404877779,41110.42578125
3327.1177937387934,40955.734375
3327.119182599808,40904.296875
3327.1205714605894,40842.859375
3327.1219603216045,40842.13671875
3327.1233491826197,40917.5703125
3327.124738043401,41094.7578125
3327.1261269044167,41173.828125
3327.1275157651985,41346.265625
3327.128904626213,41528.6015625
3327.130293487228,41757.62890625
3327.1316823480106,42084.7890625
3327.133071209025,42308.30859375
3327.134460069807,42714.96875
3327.135848930822,43107.25
3327.1372377916036,43512.28125
3327.1386266526188,43947.7734375
3327.140015513401,44375.16796875
3327.1414043744157,44855.19140625
3327.1427932354295,45353.91015625
3327.1441820962123,45865.3828125
3327.145570957227,46393.73046875
3327.146959818009,46961.19921875
3327.148348679024,47509.49609375
3327.149737539806,48023.8671875
3327.1525152616027,49280.76171875
3327.1552929833992,50488.59765625
3327.156681844182,51088.8515625
3327.1580707051967,51693.43359375
3327.160848426993,52900.94140625
3327.162237287776,53609.1875
3327.1650150095725,54878.3046875
3327.1664038703548,55488.2890625
3327.167792731369,56151.90625
3327.1691815921513,56749.3671875
3327.1705704529336,57339.4140625
3327.1719593139483,57970.51171875
3327.17334817473,58606.0234375
3327.174737035512,59227.50390625
3327.1761258965257,59870.203125
3327.1775147573076,60345.03515625
3327.1802924791045,61599.13671875
3327.181681339887,62169.67578125
3327.1830702006687,62807.734375
3327.1844590616834,63354.66015625
3327.1858479224657,63834.2578125
3327.187236783248,64367.8203125
3327.1886256442626,64927.29296875
3327.1900145050445,65470.9765625
3327.1914033658272,65988.0625
3327.192792226608,66436.140625
3327.1941810876237,66868.453125
3327.1955699484056,67492.90625
3327.1969588091874,67832.046875
3327.1983476699697,68335.4765625
3327.199736530985,68746.71875
3327.2011253917663,69187.8203125
3327.2025142525486,69569.4921875
3327.203903113331,69905.4765625
3327.205291974345,70272.984375
3327.206680835128,70564.59375
3327.2080696959097,70933.8515625
3327.2094585566915,71182.0
3327.2108474174734,71479.453125
3327.212236278256,71684.265625
3327.2136251392703,71893.7265625
3327.2150140000526,72041.6640625
3327.2164028608345,72243.0
3327.2177917216163,72384.171875
3327.2191805823986,72322.5546875
3327.220569443181,72286.375
3327.2219583039628,72381.1796875
3327.2233471649774,72317.34375
3327.22473602576,72490.4453125
3327.226124886541,72415.875
3327.227513747324,72417.2578125
3327.2289026081057,72375.671875
3327.2302914688876,72374.0234375
3327.2316803296685,72455.46875
3327.23306919045,72402.390625
3327.234458051232,72409.7578125
3327.235846912014,72402.75
3327.237235772796,72373.1796875
3327.2386246338115,72350.7265625
3327.2400134945924,72445.3984375
3327.241402355375,72313.328125
3327.242791216157,72341.2109375
3327.244180076939,72409.71875
3327.245568937721,72475.8671875
3327.2469577985034,72392.2890625
3327.2483466592853,72329.859375
3327.249735520067,72383.046875
3327.2511243808494,72328.9453125
3327.252513241631,72436.9140625
3327.2539021024136,72432.2265625
3327.2552909631954,72380.3984375
3327.2566798239773,72364.09375
3327.258068684759,72391.46875
3327.259457545542,72352.421875
3327.2608464060904,72444.3984375
3327.2622352668727,72379.15625
3327.263624127655,72455.8984375
3327.2650129884364,72351.2734375
3327.2664018492187,72540.078125
3327.267790710001,72476.0390625
3327.269179570783,72381.75
3327.2705684315647,72444.484375
3327.2719572923475,72432.7421875
3327.2733461531284,72430.5859375
3327.274735013911,72329.0625
3327.276123874693,72382.625
3327.277512735242,72384.3515625
3327.2789015960243,72468.7734375
3327.2802904568066,72421.9609375
3327.2816793175884,72465.421875
3327.2830681783703,72439.828125
3327.2844570391526,72436.625
3327.285845899934,72407.5625
3327.287234760483,72435.1796875
3327.288623621265,72427.6640625
3327.2900124820458,72446.46875
3327.2914013428285,72462.0234375
3327.2927902036104,72528.046875
3327.294179064392,72569.6640625
3327.2955679249417,72441.0703125
3327.296956785724,72440.65625
3327.298345646506,72446.109375
3327.2997345072877,72488.3359375
3327.30112336807,72397.015625
3327.3025122286185,72479.6015625
3327.3039010894013,72511.2265625
3327.305289950183,72478.2265625
3327.306678810965,72425.0625
3327.308067671514,72439.53125
3327.3094565322967,72490.5
3327.310845393078,72462.7578125
3327.3122342538604,72536.484375
3327.31362311441,72469.71875
3327.3150119751913,72367.375
3327.3164008359736,72462.796875
3327.317789696756,72451.296875
3327.319178557305,72485.609375
3327.3205674180863,72496.1171875
3327.3219562788686,72507.8359375
3327.3233451394176,72530.03125
3327.3247340001994,72504.7421875
3327.3261228609817,72596.53125
3327.327511721531,72536.625
3327.328900582313,72546.65625
3327.330289443095,72513.8515625
3327.331678303877,72544.0
3327.3330671644258,72603.96875
3327.3344560252085,72565.5859375
3327.3358448859904,72555.7109375
3327.3372337465394,72527.265625
3327.3386226073217,72535.3125
3327.340011467871,72569.6640625
3327.3414003286525,72643.5703125
3327.342789189435,72551.1796875
3327.344178049984,72571.8984375
3327.345566910765,72617.9921875
3327.3469557715466,72554.9921875
3327.348344632096,72610.0546875
3327.3497334928775,72612.8125
3327.3511223534274,72671.4140625
3327.3525112142092,72611.5
3327.353900074991,72773.8125
3327.3552889355406,72608.421875
3327.356677796323,72711.5703125
3327.3580666568714,72575.15625
3327.3594555176537,72682.96875
3327.360844378436,72655.953125
3327.3622332389846,72699.2421875
3327.363622099767,72606.53125
3327.3650109603163,72669.265625
3327.366399821098,72673.28125
3327.367788681647,72725.8828125
3327.36917754243,72695.7421875
3327.370566402978,72764.2578125
3327.371955263761,72712.3125
3327.37334412431,72683.703125
3327.3747329850917,72729.7265625
3327.376121845874,72736.796875
3327.3775107064234,72775.5390625
3327.3788995672053,72734.8203125
3327.3802884277543,72782.0703125
3327.3816772885366,72784.8671875
3327.383066149085,72656.7734375
3327.384455009868,72744.0
3327.385843870417,72799.1328125
3327.3872327311988,72725.5546875
3327.388621591748,72745.125
3327.3900104522977,72819.78125
3327.391399313079,72754.4921875
3327.3927881736286,72784.609375
3327.394177034411,72722.046875
3327.3955658949594,72813.984375
3327.3969547557417,72799.984375
3327.398343616291,72838.1015625
3327.399732477072,72856.015625
3327.401121337621,72808.3046875
3327.402510198403,72854.5625
3327.403899058952,72789.953125
3327.4052879195006,72829.578125
3327.406676780283,72825.8046875
3327.4080656408323,72808.2421875
3327.4094545016137,72870.8671875
3327.4108433621636,72852.1953125
3327.4122322229455,72892.2265625
3327.4136210834945,72848.0390625
3327.4150099440435,72908.515625
3327.4163988048263,72884.171875
3327.417787665375,72906.3515625
3327.419176526157,72959.1484375
3327.420565386706,72940.953125
3327.421954247255,72993.734375
3327.4233431080374,73013.71875
3327.424731968587,72948.9296875
3327.426120829136,72851.8125
3327.4275096899178,72948.3203125
3327.4288985504677,72990.3125
3327.4302874112486,73009.8203125
3327.4316762717986,73054.5234375
3327.4330651323476,73003.2890625
3327.4344539931294,73020.1953125
3327.435842853679,73011.1640625
3327.4372317142283,72950.859375
3327.4386205750097,73074.4296875
3327.440009435559,73078.6484375
3327.4413982961087,73123.6640625
3327.44278715689,73101.046875
3327.44417601744,73096.2421875
3327.445564877989,73037.625
3327.446953738771,73068.9921875
3327.44834259932,73158.5078125
3327.44973145987,73126.1171875
3327.4511203204183,73205.59375
3327.4525091812006,73133.7734375
3327.4538980417497,73142.7890625
3327.4552869022987,73095.921875
3327.4566757630805,73139.0390625
3327.458064623629,73162.25
3327.4594534841776,73172.4609375
3327.46084234496,73213.25
3327.4622312055094,73142.46875
3327.4636200660584,73199.6953125
3327.4650089266074,73283.203125
3327.46639778739,73247.109375
3327.4677866479387,73225.3515625
3327.469175508488,73201.8671875
3327.470564369037,73213.421875
3327.471953229819,73236.4609375
3327.4733420903685,73224.4140625
3327.474730950918,73190.6640625
3327.476119811467,73206.578125
3327.477508672249,73255.8359375
3327.4788975327983,73221.1640625
3327.480286393347,73224.484375
3327.481675253897,73242.0
3327.4830641146787,73298.0625
3327.4844529752277,73268.1796875
3327.485841835777,73260.8515625
3327.4872306963266,73215.8359375
3327.488619557108,73188.6875
3327.4900084176566,73326.9609375
3327.4913972782065,73243.8515625
3327.4927861387555,73272.09375
3327.4941749993045,73330.8515625
3327.4955638600863,73320.2734375
3327.4969527206363,73323.5859375
3327.498341581185,73268.1953125
3327.4997304417343,73293.578125
3327.5011193022833,73306.1484375
3327.502508163065,73229.1796875
3327.5038970236146,73221.6640625
3327.505285884164,73253.625
3327.506674744713,73268.21875
3327.508063605262,73254.328125
3327.509452465812,73298.65625
3327.510841326593,73218.5234375
3327.512230187143,73366.4375
3327.5136190476915,73370.984375
3327.5150079082396,73250.0625
3327.516396768789,73321.3046875
3327.517785629338,73257.609375
3327.51917449012,73300.2265625
3327.5205633506694,73263.5703125
3327.521952211219,73257.84375
3327.523341071768,73300.65625
3327.524729932317,73246.1171875
3327.526118792867,73335.3359375
3327.527507653415,73201.609375
3327.5288965141976,73267.40625
3327.5302853747467,73258.765625
3327.5316742352957,73207.9375
3327.533063095845,73266.3671875
3327.5344519563946,73260.4453125
3327.535840816943,73201.796875
3327.5372296774926,73280.390625
3327.538618538042,73299.28125
3327.5400073988235,73278.8984375
3327.5413962593734,73298.28125
3327.5427851199224,73290.28125
3327.5441739804714,73238.9609375
3327.5455628410205,73182.5390625
3327.5469517015704,73187.28125
3327.548340562119,73175.421875
3327.5497294226684,73128.8125
3327.5511182832174,73216.765625
3327.5525071439993,73215.1328125
3327.5538960045487,73149.9609375
3327.555284865098,73215.3125
3327.556673725647,73172.6328125
3327.5580625861962,73169.21875
3327.559451446746,73154.9296875
3327.5608403072943,73168.09375
3327.562229167844,73104.34375
3327.563618028393,73123.328125
3327.565006888942,73084.171875
3327.5663957494917,73140.3671875
3327.567784610041,73093.9765625
3327.5691734705892,73186.3984375
3327.5705623313706,73205.3828125
3327.57195119192,73219.7265625
3327.573340052469,73138.1875
3327.574728913017,73078.75
3327.576117773567,72971.15625
3327.577506634116,73070.234375
3327.578895494665,73060.625
3327.5802843552146,73072.3046875
3327.581673215764,73055.59375
3327.583062076313,73055.6015625
3327.584450936862,73069.96875
3327.5858397974116,73026.4296875
3327.58722865796,73037.5234375
3327.58861751851,73007.4921875
3327.590006379059,73007.109375
3327.591395239608,73052.78125
3327.592784100157,72994.7734375
3327.594172960707,73043.2421875
3327.5955618212556,72964.6171875
3327.596950681805,72979.1171875
3327.5983395423546,72939.75
3327.599728402903,72954.546875
3327.6011172634526,72938.734375
3327.602506124002,72981.5078125
3327.603894984784,72912.2421875
3327.605283845333,72907.59375
3327.606672705883,72905.140625
3327.608061566431,72862.125
3327.609450426981,72890.8359375
3327.61083928753,72917.7890625
3327.612228148079,72936.9375
3327.6136170086284,72969.3203125
3327.615005869178,72952.1953125
3327.616394729727,72864.765625
3327.617783590276,72863.46875
3327.6191724508253,72866.828125
3327.620561311374,72851.03125
3327.621950171924,72858.3359375
3327.623339032473,72862.0546875
3327.624727893022,72913.734375
3327.6261167535704,72808.953125
3327.627505614119,72819.0625
3327.628894474668,72829.65625
3327.6302833352174,72780.890625
3327.631672195767,72793.1328125
3327.6330610563155,72819.9453125
3327.634449916865,72702.0390625
3327.6358387774144,72766.515625
3327.637227637963,72803.3203125
3327.638616498513,72771.9765625
3327.640005358829,72785.6875
3327.641394219378,72701.4609375
3327.642783079927,72696.2578125
3327.644171940477,72701.828125
3327.6455608010256,72766.8984375
3327.646949661575,72691.1484375
3327.648338522124,72692.2578125
3327.649727382673,72789.40625
3327.6511162432225,72657.453125
3327.652505103772,72705.2578125
3327.653893964321,72686.75
3327.6552828248696,72619.1484375
3327.656671685419,72718.71875
3327.658060545968,72625.46875
3327.659449406517,72613.96875
3327.6608382670665,72690.1796875
3327.662227127616,72601.5234375
3327.663615988165,72583.9296875
3327.665004848714,72644.421875
3327.6663937092635,72595.03125
3327.667782569812,72606.75
3327.669171430362,72578.7109375
3327.670560290911,72596.4453125
3327.67194915146,72610.359375
3327.6733380120095,72603.8125
3327.674726872559,72668.609375
3327.6761157331075,72677.6328125
3327.677504593657,72525.296875
3327.6788934542064,72574.3984375
3327.680282314522,72475.4140625
3327.681671175071,72534.203125
3327.6830600356197,72517.375
3327.6844488961683,72561.75
3327.6858377567182,72559.4609375
3327.6872266172672,72580.34375
3327.6886154778163,72533.609375
3327.6900043383653,72490.3125
3327.691393198915,72549.5859375
3327.6927820594638,72500.890625
3327.694170920013,72563.109375
3327.6955597805627,72498.28125
3327.6969486411112,72550.890625
3327.6983375016607,72531.4453125
3327.69972636221,72550.8515625
3327.701115222759,72506.1796875
3327.702504083308,72535.71875
3327.703892943858,72437.2734375
3327.7052818041734,72585.7265625
3327.7066706647233,72465.859375
3327.7080595252723,72441.1640625
3327.7094483858214,72576.4921875
3327.710837246371,72529.1640625
3327.7122261069203,72520.625
3327.7136149674693,72417.5859375
3327.7150038280183,72523.859375
3327.716392688568,72406.1953125
3327.7177815491164,72514.9375
3327.7191704096663,72467.484375
3327.7205592702153,72550.4375
3327.7219481307643,72546.8359375
3327.7233369913133,72422.171875
3327.7247258518632,72482.28125
3327.726114712179,72496.0546875
3327.7275035727284,72455.2109375
3327.728892433278,72367.046875
3327.7302812938265,72500.6953125
3327.7316701543755,72523.75
3327.7330590149245,72445.2265625
3327.7344478754744,72503.765625
3327.735836736023,72436.6015625
3327.7372255965724,72472.9296875
3327.738614457121,72516.484375
3327.740003317669,72487.5859375
3327.7413921782186,72373.421875
3327.742781038768,72277.90625
3327.7441698993166,72234.71875
3327.7455587596332,72042.640625
3327.7469476201827,71958.2890625
3327.7483364807317,71729.1953125
3327.7497253412807,71550.4921875
3327.7511142018307,71310.59375
3327.752503062379,71141.1015625
3327.7538919229287,70967.4453125
3327.7552807834777,70731.9375
3327.7566696440267,70607.984375
3327.758058504576,70202.921875
3327.7594473651257,70068.6015625
3327.7608362256747,69770.71875
3327.7622250862237,69487.828125
3327.7636139465403,69226.5546875
3327.765002807089,68879.0859375
3327.766391667639,68610.0625
3327.767780528188,68367.6171875
3327.769169388737,68051.0078125
3327.7705582492863,67732.171875
3327.7719471098358,67441.8671875
3327.7733359703843,67094.1484375
3327.774724830934,66796.2734375
3327.7761136914833,66331.9921875
3327.777502552032,66097.9609375
3327.7788914125813,65675.6875
3327.7802802731308,65374.55859375
3327.7816691336798,64992.1875
3327.783057993996,64652.61328125
3327.784446854546,64335.98046875
3327.7858357150944,64025.6875
3327.787224575644,63638.1484375
3327.788613436193,63252.140625
3327.790002296742,62983.54296875
3327.7913911572914,62518.4609375
3327.792780017841,62299.5625
3327.79416887839,61811.26953125
3327.795557738938,61550.2421875
3327.796946599487,61159.73828125
3327.798335460036,60763.06640625
3327.799724320585,60452.07421875
3327.801113181135,60190.60546875
3327.80250204145,59726.87109375
3327.803890902,59474.83203125
3327.805279762549,59218.40625
3327.806668623098,58864.640625
3327.8080574836476,58625.96875
3327.809446344197,58229.18359375
3327.810835204746,58048.0859375
3327.8122240652942,57748.72265625
3327.813612925844,57591.328125
3327.815001786393,57367.734375
3327.816390646942,57151.515625
3327.8177795074917,57007.35546875
3327.819168368041,56847.07421875
3327.8205572285897,56689.8828125
3327.821946089139,56627.25
3327.823334949456,56452.05859375
3327.8247238100043,56411.609375
3327.8261126705543,56421.2734375
3327.8275015311033,56411.6953125
3327.8288903916523,56486.51171875
3327.8302792522013,56495.1640625
3327.8316681127512,56588.1015625
3327.8330569733,56666.16015625
3327.8344458338493,56808.6953125
3327.8358346943983,56968.296875
3327.8372235549473,57121.4765625
3327.8386124154968,57333.21875
3327.840001276046,57616.73046875
3327.8413901365952,57775.47265625
3327.8427789971443,57996.7890625
3327.844167857694,58302.37109375
3327.8455567182423,58513.203125
3327.846945578792,58869.78125
3327.8483344391084,59154.59375
3327.8497232996574,59478.3359375
3327.8511121602064,59798.89453125
3327.8525010207545,60050.3671875
3327.8538898813035,60421.6015625
3327.855278741853,60698.765625
3327.8566676024025,61106.0234375
3327.8580564629515,61494.30859375
3327.8594453235005,61823.33203125
3327.8608341840504,62123.84375
3327.8622230445985,62501.1953125
3327.8636119051484,62885.78515625
3327.8650007656975,63241.9140625
3327.8663896262465,63666.44140625
3327.867778486796,63915.984375
3327.8691673473454,64257.6953125
3327.870556207894,64688.16796875
3327.8719450684434,64923.84375
3327.873333928993,65346.796875
3327.8747227895415,65744.8359375
3327.876111650091,66007.609375
3327.8775005106404,66323.4296875
3327.8788893711894,66707.9765625
3327.8802782317384,67045.3671875
3327.8816670922884,67400.65625
3327.883055952837,67714.3125
3327.8844448133864,67997.2890625
3327.8858336739354,68392.6953125
3327.8872225344844,68677.546875
3327.8886113950334,68992.2421875
3327.8900002555824,69219.234375
3327.8913891161324,69492.1015625
3327.8927779764476,69796.7734375
3327.8941668369976,70120.6328125
3327.8955556975466,70259.4609375
3327.8969445580956,70595.1875
3327.898333418645,70809.078125
3327.8997222791945,71021.3828125
3327.9011111397435,71292.6171875
3327.9025000002925,71515.0390625
3327.903888860842,71655.0390625
3327.9052777213906,71794.96875
3327.9066665819405,71963.9375
3327.908055442489,72151.296875
3327.9094443030367,72287.3828125
3327.9108331635866,72397.59375
3327.9122220241356,72483.8671875
3327.9136108846847,72566.5
3327.914999745234,72553.7421875
3327.9163886057836,72633.265625
3327.917777466332,72530.7109375
3327.9191663268816,72588.0234375
3327.920555187431,72614.234375
3327.9219440479797,72560.4765625
3327.9233329087624,72615.0859375
3327.9247217693114,72578.7421875
3327.9261106298604,72652.140625
3327.9274994904094,72628.828125
3327.9288883509594,72560.0546875
3327.930277211508,72551.9765625
3327.9316660720574,72673.1484375
3327.9330549326064,72570.078125
3327.9344437931554,72591.5703125
3327.935832653705,72563.4296875
3327.9372215142544,72614.53125
3327.9386103748034,72539.046875
3327.9399992353524,72580.4921875
3327.9413880959023,72591.484375
3327.9427769564504,72616.828125
3327.9441658170003,72623.8828125
3327.9455546775494,72613.609375
3327.9469435380984,72600.78125
3327.948332398648,72626.984375
3327.9497212591973,72580.8515625
3327.951110119746,72600.4765625
3327.9524989802953,72664.828125
3327.953887840845,72588.4765625
3327.9552767013934,72594.671875
3327.9566655619433,72592.2265625
3327.9580544224923,72589.2734375
3327.959443283274,72702.765625
3327.9608321438227,72547.5
3327.962221004372,72609.5078125
3327.963609864921,72577.109375
3327.9649987254693,72617.328125
3327.9663875860183,72560.9296875
3327.9677764465678,72632.6953125
3327.9691653071163,72595.828125
3327.9705541676663,72586.9609375
3327.9719430282153,72605.8359375
3327.9733318887643,72538.703125
3327.9747207493133,72568.3046875
3327.976109609863,72539.6640625
3327.977498470412,72633.2578125
3327.978887331194,72613.140625
3327.9802761917435,72625.9375
3327.981665052292,72642.65625
3327.9830539128416,72587.1796875
3327.984442773391,72703.625
3327.98583163394,72618.765625
3327.987220494489,72595.6640625
3327.988609355039,72595.3359375
3327.989998215587,72667.2578125
3327.991387076137,72535.578125
3327.992775936919,72648.59375
3327.994164797468,72696.6640625
3327.9955536580173,72655.8203125
3327.996942518567,72700.0703125
3327.998331379116,72658.328125
3327.999720239665,72633.0
3328.0011091002143,72614.421875
3328.002497960763,72629.171875
3328.0038868215456,72679.0
3328.0052756820946,72558.0859375
3328.0066645426436,72624.109375
3328.0080534031927,72684.9296875
3328.0094422637426,72633.6171875
3328.010831124291,72677.46875
3328.0122199848406,72640.828125
3328.01360884539,72682.53125
3328.0149977061715,72643.8125
3328.016386566721,72629.421875
3328.0177754272704,72647.3984375
3328.0191642878194,72735.0703125
3328.020553148368,72677.4765625
3328.0219420089165,72715.8203125
3328.0233308696984,72697.4921875
3328.0247197302474,72591.2265625
3328.0261085907973,72650.09375
3328.027497451346,72729.609375
3328.0288863118953,72656.4765625
3328.030275172445,72692.0078125
3328.031664033226,72652.6015625
3328.0330528937757,72656.5390625
3328.034441754325,72699.578125
3328.035830614874,72674.71875
3328.0372194754227,72621.7421875
3328.038608335972,72659.7890625
3328.039997196754,72740.90625
3328.041386057303,72769.8984375
3328.0427749178525,72692.9375
3328.044163778402,72639.71875
3328.045552638951,72657.0078125
3328.046941499733,72695.8046875
3328.0483303602828,72699.0390625
3328.049719220831,72678.8828125
3328.051108081381,72731.0
3328.05249694193,72621.6796875
3328.0538858027116,72688.90625
3328.055274663261,72683.46875
3328.0566635238106,72731.7734375
3328.058052384359,72671.1640625
3328.0594412451414,72638.1875
3328.060830105691,72705.5859375
3328.0622189662395,72685.8203125
3328.063607826789,72711.71875
3328.0649966873384,72664.875
3328.0663855481203,72752.1796875
3328.0677744086693,72686.9140625
3328.069163269219,72663.1171875
3328.0705521297677,72703.921875
3328.07194099055,72710.4296875
3328.073329851099,72688.96875
3328.074718711648,72719.953125
3328.0761075721975,72703.421875
3328.077496432979,72753.0859375
3328.078885293527,72704.765625
3328.0802741540765,72705.7890625
3328.081663014859,72702.5390625
3328.083051875408,72704.375
3328.084440735957,72703.453125
3328.0858295965068,72689.3671875
3328.087218457288,72713.8984375
3328.0886073178376,72727.3515625
3328.0899961783866,72711.0625
3328.0913850389356,72802.75
3328.092773899718,72639.640625
3328.0941627602674,72707.53125
3328.0955516208164,72735.34375
3328.0969404815983,72683.8359375
3328.0983293421477,72714.21875
3328.0997182026963,72810.59375
3328.101107063479,72746.453125
3328.102495924028,72616.5859375
3328.103884784577,72732.515625
3328.105273645359,72716.75
3328.106662505909,72713.0078125
3328.1080513664574,72710.3984375
3328.109440227239,72729.4375
3328.1108290877887,72693.03125
3328.1122179483377,72708.53125
3328.1136068091196,72685.5234375
3328.1149956696686,72675.625
3328.1163845302185,72629.4609375
3328.117773391,72769.453125
3328.1191622515494,72779.6015625
3328.1205511120984,72756.2890625
3328.12193997288,72666.5625
3328.1233288334297,72783.9765625
3328.124717693979,72775.7734375
3328.126106554761,72706.96875
3328.12749541531,72663.34375
3328.12888427586,72648.1875
3328.130273136641,72737.703125
3328.131661997191,72680.9921875
3328.133050857972,72766.5703125
3328.1344397185203,72715.9375
3328.1358285790698,72766.25
3328.1372174398516,72683.390625
3328.1386063004006,72767.65625
3328.139995161183,72735.1953125
3328.1413840217324,72742.1171875
3328.1427728822814,72678.890625
3328.1441617430633,72801.5703125
3328.145550603613,72689.8828125
3328.146939464394,72723.4453125
3328.148328324944,72746.0
3328.149717185493,72684.1328125
3328.151106046275,72772.3046875
3328.1524949068244,72700.890625
3328.1538837676067,72702.78125
3328.155272628155,72777.828125
3328.1566614889375,72704.9921875
3328.158050349487,72809.75
3328.1594392100355,72740.3046875
3328.1608280708183,72668.3515625
3328.1622169313673,72649.171875
3328.163605792149,72714.53125
3328.164994652698,72696.2734375
3328.166383513481,72674.0703125
3328.1677723740295,72745.8125
3328.169161234812,72704.5078125
3328.170550095361,72744.484375
3328.1719389561426,72672.3671875
3328.173327816692,72780.921875
3328.1747166774744,72703.890625
3328.1761055380234,72659.1015625
3328.1774943988044,72761.9921875
3328.1788832593543,72744.9375
3328.180272120136,72682.890625
3328.181660980685,72745.078125
3328.1830498414674,72676.890625
3328.184438702017,72725.5546875
3328.1858275627987,72757.2421875
3328.1872164233478,72736.5078125
3328.18860528413,72758.8828125
3328.189994144678,72731.1953125
3328.1913830054596,72619.2890625
3328.1927718660095,72763.25
3328.1941607267904,72654.4921875
3328.1955495873403,72725.9140625
3328.196938448122,72647.8359375
3328.198327308671,72698.8125
3328.1997161694535,72767.90625
3328.201105030236,72692.015625
3328.202493890785,72728.6953125
3328.2038827515667,72707.2890625
3328.205271612116,72707.5078125
3328.2066604728975,72724.5390625
3328.2080493334474,72721.8515625
3328.2094381942293,72731.6796875
3328.210827055011,72750.4609375
3328.21221591556,72663.921875
3328.213604776343,72667.484375
3328.2149936368914,72750.7421875
3328.2163824976737,72705.984375
3328.217771358456,72745.21875
3328.2191602190046,72722.3984375
3328.220549079787,72699.8515625
3328.2219379403364,72662.3828125
3328.223326801118,72761.734375
3328.2247156619,72727.234375
3328.22610452245,72738.3984375
3328.227493383231,72786.3984375
3328.228882243781,72731.6015625
3328.2302711045627,72708.7265625
3328.2316599653445,72725.1640625
3328.233048825894,72763.765625
3328.2344376866763,72651.5703125
3328.2358265474577,72738.2890625
3328.237215408007,72733.9296875
3328.2386042687895,72807.9453125
3328.239993129571,72788.1171875
3328.2413819901208,72840.28125
3328.2427708509026,72880.890625
3328.2441597116845,72718.4296875
3328.245548572233,72782.2578125
3328.2469374330144,72778.7421875
3328.2483262937963,72702.5390625
3328.2497151543453,72800.0234375
3328.251104015127,72783.046875
3328.2524928759094,72713.1015625
3328.253881736458,72697.703125
3328.2552705972407,72651.0234375
3328.2566594580226,72774.265625
3328.2580483188044,72723.3046875
3328.259437179354,72762.0703125
3328.260826040136,72781.4453125
3328.2622149009176,72741.7421875
3328.2636037617,72784.8515625
3328.2649926222493,72736.515625
3328.2663814830307,72708.9453125
3328.267770343813,72721.71875
3328.2691592045953,72775.6640625
3328.2705480651443,72791.0546875
3328.271936925926,72708.0703125
3328.273325786709,72675.0390625
3328.27471464749,72739.75
3328.27610350804,72663.8359375
3328.2774923688216,72691.3125
3328.2788812296035,72675.140625
3328.280270090386,72704.7109375
3328.2816589509353,72693.7578125
3328.283047811717,72686.8671875
3328.284436672499,72808.5625
3328.2858255332812,72754.8125
3328.2872143940626,72671.65625
3328.2886032546126,72825.7265625
3328.2899921153944,72717.421875
3328.2913809761762,72736.6484375
3328.292769836958,72720.296875
3328.294158697741,72724.046875
3328.2955475585222,72811.5703125
3328.2969364190717,72736.2265625
3328.298325279854,72807.8515625
3328.2997141406354,72668.4375
3328.3011030014177,72755.078125
3328.302491862199,72637.359375
3328.30388072298,72754.390625
3328.30526958353,72837.234375
3328.306658444312,72701.6640625
3328.3080473050936,72775.6015625
3328.3094361658755,72798.2890625
3328.310825026658,72781.609375
3328.3122138874396,72771.484375
3328.313602748222,72731.6953125
3328.314991609004,72831.7734375
3328.3163804697856,72722.4921875
3328.3177693303346,72716.9453125
3328.3191581911165,72754.0625
3328.320547051899,72839.1015625
3328.3219359126806,72738.5859375
3328.323324773463,72789.4765625
3328.3247136342447,72718.2421875
3328.3261024950266,72726.75
3328.327491355809,72705.2109375
3328.328880216591,72767.9375
3328.330269077373,72756.96875
3328.331657938155,72849.15625
3328.3330467989376,72740.5390625
3328.3344356597186,72737.9140625
3328.3358245205013,72752.203125
3328.337213381283,72774.5859375
3328.338602242065,72758.3671875
3328.3399911028473,72761.140625
3328.3413799636296,72742.796875
3328.342768824178,72720.1640625
3328.3441576849605,72730.2109375
3328.3455465457428,72754.5
3328.346935406524,72822.1875
3328.348324267307,72781.078125
3328.3497131280888,72657.6953125
3328.3511019891034,72735.171875
3328.3524908498853,72693.921875
3328.353879710668,72786.5234375
3328.3552685714494,72770.2734375
3328.3566574322317,72811.921875
3328.3580462930136,72703.0078125
3328.3594351537945,72771.1875
3328.3608240145763,72788.5703125
3328.3622128753586,72770.890625
3328.36360173614,72796.640625
3328.3649905969223,72754.6953125
3328.3663794577046,72724.078125
3328.3677683184865,72810.3359375
3328.3691571792683,72787.203125
3328.370546040051,72721.84375
3328.3719349008325,72698.1875
3328.3733237616148,72719.984375
3328.3747126223966,72796.265625
3328.3761014834113,72758.34375
3328.3774903441936,72792.921875
3328.378879204976,72761.640625
3328.3802680657577,72743.6484375
3328.3816569265396,72722.2578125
3328.383045787322,72778.75
3328.3844346481033,72737.296875
3328.385823508885,72792.7578125
3328.3872123699,72784.84375
3328.3886012306825,72686.171875
3328.3899900914644,72781.625
3328.391378952246,72809.7734375
3328.3927678130285,72651.390625
3328.39415667381,72838.71875
3328.3955455345927,72748.828125
3328.3969343956073,72791.0703125
3328.398323256389,72777.0546875
3328.399712117171,72739.7421875
3328.401100977954,72782.0
3328.402489838735,72767.4375
3328.4038786997503,72778.265625
3328.4052675605326,72792.1953125
3328.406656421314,72682.5859375
3328.4080452820963,72762.828125
3328.4094341428786,72744.8203125
3328.4108230038933,72796.6484375
3328.412211864675,72788.9140625
3328.413600725458,72849.4921875
3328.4149895862383,72788.9296875
3328.4163784472526,72735.109375
3328.4177673080353,72742.8125
3328.4191561688167,72791.4296875
3328.420545029599,72783.2109375
3328.4219338906137,72794.984375
3328.4233227513955,72756.7109375
3328.424711612178,72805.03125
3328.426100473193,72755.390625
3328.427489333975,72783.2578125
3328.4288781947566,72759.0390625
3328.4302670555394,72741.7109375
3328.431655916553,72737.09375
3328.433044777336,72819.296875
3328.4344336381178,72687.3671875
3328.4358224991324,72757.5859375
3328.4372113599147,72711.1015625
3328.438600220697,72761.8671875
3328.4399890817112,72690.765625
3328.4413779424935,72659.734375
3328.442766803276,72766.046875
3328.44415566429,72712.7421875
3328.445544525073,72726.4765625
3328.4469333858547,72764.546875
3328.4483222468693,72667.8125
3328.449711107651,72788.2734375
3328.451099968434,72718.90625
3328.452488829448,72806.3359375
3328.4538776902295,72682.421875
3328.4552665512447,72817.5859375
3328.456655412027,72762.1328125
3328.458044272809,72742.078125
3328.4594331338235,72754.296875
3328.4608219946062,72791.5390625
3328.46221085562,72731.2578125
3328.4635997164028,72848.21875
3328.4649885774174,72774.1875
3328.4663774381993,72718.1171875
3328.4677662989816,72804.4921875
3328.4691551599967,72773.7734375
3328.4705440207786,72747.4453125
3328.4719328817923,72812.9765625
3328.473321742574,72765.1953125
3328.474710603589,72825.203125
3328.4760994643707,72715.546875
3328.4774883253863,72750.890625
3328.478877186167,72714.1484375
3328.480266047183,72741.296875
3328.4816549079646,72845.1953125
3328.4830437689793,72805.0625
3328.4844326297616,72733.765625
3328.4858214907767,72753.015625
3328.4872103515586,72752.328125
3328.4885992125733,72716.609375
3328.4899880733556,72770.15625
3328.49137693437,72718.2421875
3328.4927657951525,72761.5546875
3328.494154656167,72707.578125
3328.495543516949,72786.59375
3328.4969323779637,72754.515625
3328.4983212387465,72778.96875
3328.4997100997607,72802.28125
3328.501098960776,72760.046875
3328.502487821558,72764.0390625
3328.5038766825724,72749.65625
3328.5052655433547,72734.6875
3328.50665440437,72763.515625
3328.5080432653845,72718.59375
3328.5094321261663,72769.40625
3328.510820987182,72711.8671875
3328.512209847963,72704.3359375
3328.5135987089784,72781.8359375
3328.514987569993,72861.2890625
3328.516376430775,72720.7734375
3328.5177652917896,72744.1875
3328.5191541528043,72779.0703125
3328.520543013587,72758.015625
3328.521931874601,72825.6015625
3328.5233207356164,72761.4609375
3328.524709596398,72779.265625
3328.526098457413,72863.125
3328.5274873184276,72803.0703125
3328.5288761792085,72766.140625
3328.530265040223,72749.03125
3328.5316539012383,72865.875
3328.5330427620206,72729.4609375
3328.5344316230353,72702.984375
3328.53582048405,72748.5859375
3328.5372093448323,72691.515625
3328.5385982058465,72803.09375
3328.539987066862,72790.2734375
3328.5413759278767,72862.6875
3328.5427647886586,72731.515625
3328.5441536496737,72877.7265625
3328.545542510689,72816.296875
3328.546931371703,72795.7421875
3328.5483202324854,72831.2890625
3328.5497090935005,72812.4921875
3328.5510979545147,72777.859375
3328.55248681553,72873.9609375
3328.553875676545,72805.1953125
3328.555264537327,72794.71875
3328.5566533983415,72915.4921875
3328.558042259357,72823.109375
3328.5594311203713,72827.8046875
3328.5608199813864,72797.953125
3328.5622088421683,72772.25
3328.563597703183,72758.078125
3328.564986564198,72809.6875
3328.566375425213,72790.8046875
3328.567764286228,72753.0703125
3328.5691531472426,72792.5859375
3328.570542008025,72779.390625
3328.571930869039,72747.765625
3328.5733197300547,72772.453125
3328.5747085910693,72814.625
3328.576097452084,72822.7421875
3328.577486313099,72744.7265625
3328.5788751741143,72796.15625
3328.5802640351285,72794.953125
3328.5816528961427,72760.1875
3328.5830417569255,72862.3828125
3328.5844306179397,72822.3828125
3328.585819478953,72766.7109375
3328.5872083399686,72804.8828125
3328.5885972009833,72915.4765625
3328.589986061998,72803.625
3328.591374923013,72815.6171875
3328.592763784028,72827.453125
3328.5941526450424,72802.5078125
3328.5955415060575,72842.2890625
3328.5969303670727,72771.703125
3328.598319228087,72801.484375
3328.5997080891025,72788.34375
3328.601096950117,72791.734375
3328.602485811132,72857.09375
3328.6038746721465,72888.8046875
3328.605263533162,72861.5390625
3328.6066523941763,72816.8828125
3328.6080412551914,72829.7890625
3328.609430116206,72826.375
3328.610818977221,72770.625
3328.612207838236,72836.5703125
3328.613596699251,72873.1953125
3328.6149855602657,72792.421875
3328.6163744212804,72855.4375
3328.617763282296,72745.84375
3328.6191521433097,72836.828125
3328.6205410043253,72847.9296875
3328.621929865573,72811.2421875
3328.6233187265875,72809.265625
3328.6247075876026,72811.6640625
3328.626096448618,72869.78125
3328.627485309632,72832.9765625
3328.628874170647,72841.515625
3328.6302630316623,72745.8671875
3328.6316518926765,72823.3203125
3328.633040753692,72827.890625
3328.6344296149396,72774.6015625
3328.6358184759542,72751.734375
3328.637207336969,72831.4140625
3328.6385961979845,72863.34375
3328.6399850589987,72766.5
3328.641373920013,72868.390625
3328.6427627812604,72777.2578125
3328.6441516422747,72764.0390625
3328.645540503289,72799.375
3328.6469293643045,72765.6484375
3328.648318225319,72801.96875
3328.6497070865667,72744.4375
3328.6510959475813,72867.1875
3328.652484808597,72827.2421875
3328.653873669611,72844.890625
3328.6552625306263,72791.09375
3328.656651391874,72898.703125
3328.6580402528884,72833.3515625
3328.6594291139036,72825.8984375
3328.6608179749187,72793.421875
3328.662206836166,72870.953125
3328.663595697181,72816.671875
3328.6649845581965,72773.859375
3328.666373419443,72723.3828125
3328.6677622804586,72858.390625
3328.6691511414733,72807.3046875
3328.670540002721,72803.21875
3328.671928863736,72839.9765625
3328.673317724751,72814.1015625
3328.6747065857658,72758.0859375
3328.6760954470133,72698.7734375
3328.6774843080284,72737.140625
3328.6788731690426,72829.90625
3328.680262030291,72786.203125
3328.6816508913057,72856.4765625
3328.683039752553,72741.890625
3328.684428613568,72817.1015625
3328.6858174745835,72767.09375
3328.6872063358305,72775.296875
3328.6885951968457,72784.7421875
3328.689984057861,72727.3984375
3328.691372919108,72864.9921875
3328.692761780123,72699.171875
3328.694150641371,72680.921875
3328.6955395023856,72866.28125
3328.6969283636327,72818.96875
3328.698317224647,72704.6953125
3328.6997060856615,72645.296875
3328.701094946909,72834.3515625
3328.7024838079246,72871.2421875
3328.7038726691717,72805.671875
3328.705261530187,72698.8046875
3328.7066503914343,72667.6484375
3328.708039252449,72731.515625
3328.7094281136965,72805.359375
3328.710816974711,72748.984375
3328.7122058359596,72823.5859375
3328.713594696974,72707.3828125
3328.714983558222,72770.5625
3328.7163724192364,72699.75
3328.717761280484,72755.4921875
3328.719150141499,72759.2109375
3328.720539002747,72694.3046875
3328.7219278637617,72843.859375
3328.723316725009,72741.421875
3328.724705586257,72751.4921875
3328.7260944472714,72737.484375
3328.72748330852,72792.484375
3328.7288721695345,72860.640625
3328.730261030782,72745.09375
3328.731649891797,72661.8125
3328.733038753045,72775.0234375
3328.734427614292,72720.265625
3328.7358164753073,72770.671875
3328.7372053365552,72788.8203125
3328.7385941978023,72739.3671875
3328.7399830588174,72763.75
3328.7413719200654,72764.890625
3328.74276078108,72832.765625
3328.7441496423276,72770.015625
3328.745538503576,72798.171875
3328.74692736459,72760.578125
3328.748316225838,72740.625
3328.7497050870857,72757.359375
3328.7510939481003,72726.6796875
3328.7524828093483,72748.625
3328.7538716705953,72743.9375
3328.755260531842,72799.4453125
3328.756649392857,72712.671875
3328.758038254105,72805.0703125
3328.7594271153525,72732.3984375
3328.760815976367,72755.0546875
3328.7622048376156,72743.65625
3328.763593698862,72692.03125
3328.7649825601106,72787.703125
3328.766371421358,72853.7265625
3328.767760282373,72747.0
3328.769149143621,72777.9140625
3328.7705380048687,72716.5859375
3328.7719268661162,72643.1328125
3328.77331572713,72716.9921875
3328.7747045883784,72849.1875
3328.776093449626,72756.546875
3328.7774823108734,72736.2421875
3328.7788711721214,72749.4609375
3328.7802600333694,72737.0859375
3328.7816488943836,72760.3046875
3328.7830377556315,72750.4765625
3328.7844266168795,72789.078125
3328.7858154781266,72751.34375
3328.787204339375,72752.4609375
3328.7885932006225,72669.90625
3328.78998206187,72821.4296875
3328.7913709228847,72783.1796875
3328.792759784133,72831.0078125
3328.79414864538,72746.9609375
3328.795537506628,72759.9375
3328.7969263678756,72892.8984375
3328.798315229123,72762.9765625
3328.799704090371,72698.3203125
3328.801092951619,72758.3828125
3328.8024818128665,72762.8984375
3328.803870674114,72794.7578125
3328.8052595353624,72756.71875
3328.806648396609,72806.1796875
3328.8080372578574,72739.1171875
3328.8094261191045,72747.9609375
3328.810814980351,72844.0625
3328.812203841599,72845.2421875
3328.8135927028466,72717.7890625
3328.814981564094,72826.3046875
3328.816370425342,72741.7578125
3328.81775928659,72814.8046875
3328.8191481478375,72803.7421875
3328.820537009085,72781.9765625
3328.8219258703334,72713.6328125
3328.82331473158,72798.140625
3328.8247035928284,72860.21875
3328.826092454076,72722.5703125
3328.8274813153234,72814.8125
3328.8288701765714,72789.7265625
3328.8302590378194,72826.9140625
3328.8316478990664,72815.7578125
3328.8330367603135,72763.3828125
3328.834425621562,72770.15625
3328.835814483042,72779.375
3328.8372033442897,72843.90625
3328.838592205537,72702.234375
3328.8399810667856,72792.7890625
3328.8413699280327,72836.0078125
3328.8427587892807,72869.03125
3328.8441476505286,72747.609375
3328.8455365120085,72723.8125
3328.8469253732565,72755.6796875
3328.8483142345044,72785.1875
3328.849703095752,72803.953125
3328.8510919569994,72821.296875
3328.852480818248,72834.078125
3328.8538696797273,72813.0703125
3328.8552585409757,72866.71875
3328.856647402223,72776.7578125
3328.8580362634707,72812.8125
3328.8594251249515,72801.0546875
3328.8608139861994,72866.5390625
3328.862202847447,72829.1953125
3328.8635917086945,72797.109375
3328.8649805701752,72759.8671875
3328.866369431422,72843.7109375
3328.867758292669,72718.8359375
3328.8691471539173,72754.765625
3328.8705360153967,72823.6875
3328.871924876645,72671.3828125
3328.8733137378927,72810.4609375
3328.874702599373,72769.2890625
3328.876091460621,72728.4375
3328.877480321869,72749.90625
3328.878869183349,72748.140625
3328.8802580445968,72833.53125
3328.8816469058447,72787.34375
3328.8830357673246,72707.5
3328.884424628573,72817.9921875
3328.8858134898205,72724.7265625
3328.887202351301,72791.625
3328.8885912125484,72769.3984375
3328.8899800740296,72790.953125
3328.8913689352767,72707.328125
3328.8927577965246,72785.09375
3328.894146658005,72858.8046875
3328.8955355192525,72786.5078125
3328.896924380733,72744.671875
3328.8983132419803,72765.25
3328.8997021034615,72796.140625
3328.9010909647086,72821.21875
3328.9024798259566,72850.6640625
3328.903868687437,72763.328125
3328.9052575486844,72840.0546875
3328.906646410165,72803.78125
3328.908035271413,72684.078125
3328.9094241328935,72775.875
3328.910812994141,72761.65625
3328.912201855622,72738.3046875
3328.913590716869,72710.9453125
3328.91497957835,72765.6328125
3328.9163684398304,72783.6953125
3328.917757301078,72842.09375
3328.9191461625587,72765.2109375
3328.9205350238067,72733.9609375
3328.9219238852866,72772.3671875
3328.9233127465336,72654.53125
3328.924701608014,72698.59375
3328.9260904692615,72787.0234375
3328.927479330742,72754.0
3328.9288681922226,72787.015625
3328.9302570534696,72755.6953125
3328.931645914951,72853.5
3328.933034776431,72813.8125
3328.9344236376787,72720.359375
3328.935812499159,72768.1171875
3328.9372013604075,72866.453125
3328.9385902218874,72756.1796875
3328.939979083368,72713.9765625
3328.941367944616,72714.9765625
3328.942756806096,72762.75
3328.944145667577,72732.3203125
3328.9455345288247,72759.09375
3328.946923390305,72771.3046875
3328.9483122517854,72824.0390625
3328.9497011132667,72713.921875
3328.9510899745133,72783.96875
3328.9524788359945,72753.4296875
3328.953867697475,72756.0234375
3328.955256558955,72808.65625
3328.9566454202027,72700.9609375
3328.958034281683,72678.859375
3328.9594231431643,72790.5
3328.9608120046437,72801.5234375
3328.962200865892,72744.109375
3328.9635897273724,72719.15625
3328.964978588853,72767.1171875
3328.9663674503336,72739.0703125
3328.9677563118144,72782.21875
3328.9691451730614,72754.1171875
3328.970534034542,72763.34375
3328.971922896023,72729.328125
3328.973311757503,72682.9140625
3328.974700618984,72791.046875
3328.9760894804645,72765.8125
3328.977478341945,72749.1953125
3328.978867203192,72798.21875
3328.9802560646717,72792.6015625
3328.981644926152,72645.359375
3328.983033787633,72761.5078125
3328.9844226491136,72827.21875
3328.9858115105935,72674.6015625
3328.9872003720743,72785.234375
3328.988589233555,72729.2890625
3328.989978095035,72719.8515625
3328.9913669565162,72736.1875
3328.9927558179966,72678.1953125
3328.994144679477,72740.546875
3328.9955335407244,72740.84375
3328.9969224022057,72785.21875
3328.9983112636855,72691.5
3328.9997001251663,72765.875
3329.0010889866467,72657.609375
3329.002477848127,72728.6171875
3329.003866709608,72755.0859375
3329.0052555710886,72804.8125
3329.006644432569,72737.765625
3329.008033294282,72756.1875
3329.009422155763,72705.0625
3329.0108110172428,72748.4140625
3329.012199878724,72734.671875
3329.0135887402043,72664.6796875
3329.0149776016847,72618.6171875
3329.016366463165,72718.578125
3329.0177553246453,72724.3984375
3329.019144186126,72644.125
3329.020533047606,72702.4765625
3329.0219219090873,72791.1328125
3329.0233107705676,72720.15625
3329.0246996322808,72745.7734375
3329.026088493761,72669.515625
3329.0274773552424,72630.6875
3329.0288662167222,72671.9453125
3329.030255078203,72762.53125
3329.031643939684,72633.3046875
3329.0330328013965,72673.25
3329.0344216628773,72697.9375
3329.035810524357,72696.53125
3329.0371993858366,72650.15625
3329.038588247318,72697.265625
3329.039977109031,72756.0
3329.0413659705114,72559.421875
3329.0427548319917,72632.2578125
3329.044143693473,72687.2109375
3329.045532554953,72642.4296875
3329.0469214166665,72710.46875
3329.048310278147,72735.046875
3329.049699139627,72659.140625
3329.0510880013408,72684.4453125
3329.0524768628215,72641.6171875
3329.053865724302,72680.8203125
3329.055254585782,72714.3125
3329.0566434474963,72631.046875
3329.0580323089757,72701.1796875
3329.059421170457,72775.0234375
3329.06081003217,72626.609375
3329.0621988936505,72674.3828125
3329.0635877551313,72707.65625
3329.064976616845,72659.046875
3329.0663654783248,72668.3046875
3329.0677543400384,72654.328125
3329.069143201519,72707.5390625
3329.070532062999,72604.21875
3329.0719209247122,72723.1640625
3329.073309786193,72692.265625
3329.074698647674,72704.0859375
3329.0760875093865,72656.1953125
3329.0774763708673,72638.203125
3329.078865232581,72671.53125
3329.080254094061,72730.1171875
3329.0816429557744,72660.09375
3329.0830318172552,72673.8125
3329.0844206789684,72664.7890625
3329.0858095404487,72694.7890625
3329.087198402163,72706.4609375
3329.0885872636427,72719.015625
3329.0899761253563,72687.6796875
3329.091364986836,72688.921875
3329.0927538485485,72755.34375
3329.0941427100292,72673.9453125
3329.095531571743,72635.3515625
3329.0969204332227,72635.3359375
3329.0983092949364,72671.9296875
3329.099698156417,72788.734375
3329.1010870181303,72622.5546875
3329.1024758796107,72704.96875
3329.1038647413247,72631.3515625
3329.105253603037,72682.0078125
3329.1066424645182,72695.9296875
3329.1080313262314,72703.453125
3329.1094201877117,72666.828125
3329.1108090494254,72677.1328125
3329.112197911139,72712.8046875
3329.1135867726193,72578.96875
3329.1149756343325,72810.3515625
3329.116364496046,72673.765625
3329.117753357526,72683.484375
3329.11914221924,72712.65625
3329.1205310809532,72765.2421875
3329.1219199424336,72651.0859375
3329.1233088041467,72629.59375
3329.124697665861,72743.8671875
3329.1260865273407,72681.9375
3329.1274753890543,72613.578125
3329.128864250768,72656.1640625
3329.1302531124807,72725.578125
3329.131641973961,72713.4921875
3329.133030835674,72726.203125
3329.1344196973882,72697.4921875
3329.135808559101,72642.34375
3329.1371974205817,72669.8046875
3329.138586282295,72688.15625
3329.139975144008,72706.7109375
3329.1413640057217,72773.640625
3329.1427528674353,72688.703125
3329.1441417289157,72621.9140625
3329.145530590629,72654.921875
3329.146919452343,72584.375
3329.1483083140547,72731.734375
3329.1496971757674,72651.5859375
3329.1510860374815,72712.3046875
3329.152474899194,72699.828125
3329.153863760675,72647.1796875
3329.155252622388,72643.9765625
3329.1566414841013,72702.3046875
3329.158030345815,72647.8046875
3329.1594192075286,72689.5234375
3329.1608080692417,72719.0
3329.162196930955,72669.921875
3329.163585792669,72741.8203125
3329.1649746543812,72725.1171875
3329.1663635160953,72669.15625
3329.1677523778085,72656.1484375
3329.1691412395217,72610.3671875
3329.1705301012353,72691.9765625
3329.171918962949,72634.078125
3329.1733078246616,72723.21875
3329.1746966863752,72693.3671875
3329.176085548089,72714.8125
3329.1774744098016,72703.8125
3329.1788632715156,72711.0234375
3329.180252133229,72697.2890625
3329.181640994942,72677.625
3329.183029856655,72647.71875
3329.184418718369,72691.65625
3329.185807580082,72713.75
3329.1871964417946,72698.6484375
3329.1885853035083,72725.7421875
3329.189974165222,72668.421875
3329.191363026935,72708.6484375
3329.192751888648,72666.6015625
3329.1941407503623,72660.640625
3329.1955296120746,72708.9375
3329.1969184740215,72719.59375
3329.1983073357346,72716.09375
3329.199696197448,72610.453125
3329.2010850591614,72703.4375
3329.202473920875,72664.796875
3329.203862782588,72664.40625
3329.2052516445333,72693.6953125
3329.2066405062465,72664.5078125
3329.2080293679596,72686.5546875
3329.209418229673,72632.3984375
3329.210807091387,72630.515625
3329.212195953332,72672.171875
3329.213584815046,72636.6875
3329.214973676759,72709.140625
3329.2163625384724,72674.5625
3329.217751400419,72684.4375
3329.2191402621324,72681.3046875
3329.2205291238456,72763.1171875
3329.221917985559,72690.078125
3329.2233068475052,72682.3515625
3329.224695709218,72713.1796875
3329.226084570932,72661.7578125
3329.227473432878,72706.8046875
3329.228862294591,72705.0234375
3329.2302511563043,72666.5703125
3329.2316400182513,72651.0234375
3329.233028879964,72743.46875
3329.2344177416776,72658.53125
3329.2358066036236,72680.328125
3329.2371954653368,72708.6875
3329.2385843270504,72649.140625
3329.239973188997,72680.484375
3329.24136205071,72695.15625
3329.242750912656,72641.8828125
3329.24413977437,72640.1484375
3329.245528636315,72619.359375
3329.2469174980283,72638.8515625
3329.248306359742,72665.0390625
3329.2496952216884,72702.2890625
3329.2510840834016,72674.53125
3329.2524729453476,72673.7421875
3329.253861807061,72690.9921875
3329.2552506690067,72614.3359375
3329.256639530721,72699.75
3329.258028392667,72674.1953125
3329.25941725438,72590.5390625
3329.260806116326,72684.5390625
3329.262194978038,72650.265625
3329.263583839984,72665.90625
3329.264972701698,72655.921875
3329.2663615636443,72687.6796875
3329.2677504253575,72650.8828125
3329.2691392873035,72610.140625
3329.27052814925,72705.40625
3329.2719170109626,72597.2109375
3329.2733058729095,72669.96875
3329.2746947346227,72629.890625
3329.2760835965687,72606.09375
3329.2774724585147,72629.515625
3329.2788613202288,72668.046875
3329.2802501821743,72608.4921875
3329.2816390441208,72643.015625
3329.2830279058344,72697.765625
3329.28441676778,72670.3125
3329.2858056297264,72592.7890625
3329.28719449144,72595.2578125
3329.288583353386,72584.03125
3329.289972215332,72611.9921875
3329.291361077046,72580.546875
3329.292749938991,72711.03125
3329.294138800938,72598.5703125
3329.295527662884,72657.0703125
3329.2969165245972,72624.5859375
3329.2983053865437,72645.265625
3329.29969424849,72626.1953125
3329.301083110436,72684.640625
3329.3024719721484,72628.0390625
3329.3038608340953,72568.6484375
3329.3052496960413,72616.1953125
3329.3066385579873,72534.4296875
3329.3080274199338,72669.4453125
3329.3094162816474,72499.9296875
3329.310805143593,72593.0859375
3329.3121940055394,72565.34375
3329.313582867486,72682.703125
3329.3149717294314,72638.1015625
3329.3163605913783,72651.0390625
3329.317749453091,72593.1796875
3329.3191383150356,72619.125
3329.3205271769825,72560.3828125
3329.3219160389285,72609.734375
3329.3233049008745,72648.65625
3329.324693762821,72590.6484375
3329.3260826247674,72589.03125
3329.327471486713,72553.6015625
3329.3288603486594,72603.9140625
3329.330249210606,72574.0234375
3329.3316380725514,72610.5703125
3329.3330269344983,72518.5546875
3329.3344157964443,72551.4765625
3329.3358046583903,72599.9921875
3329.3371935203363,72581.84375
3329.338582382283,72566.84375
3329.3399712442288,72570.171875
3329.341360106175,72440.1953125
3329.342748968121,72572.0234375
3329.344137830067,72506.6484375
3329.3455266920137,72552.578125
3329.34691555396,72568.1171875
3329.348304415906,72504.8671875
3329.349693277852,72611.703125
3329.351082139799,72552.3671875
3329.352471001744,72522.828125
3329.353859863691,72543.1484375
3329.355248725637,72548.8828125
3329.356637587583,72588.5625
3329.358026449529,72583.2109375
3329.359415311708,72443.0625
3329.3608041736543,72599.75
3329.3621930356,72533.3828125
3329.3635818975467,72472.859375
3329.3649707594927,72567.5625
3329.3663596214387,72565.1640625
3329.3677484836176,72616.90625
3329.3691373455645,72559.921875
3329.37052620751,72430.1796875
3329.3719150694565,72626.1171875
3329.3733039314025,72385.4453125
3329.3746927935804,72254.40625
3329.3760816555264,72067.1015625
3329.377470517473,71911.1171875
3329.3788593794184,71642.84375
3329.380248241598,71304.375
3329.381637103544,70950.015625
3329.38302596549,70760.5
3329.384414827436,70339.6796875
3329.385803689616,69996.78125
3329.3871925515614,69666.7265625
3329.388581413508,69125.328125
3329.389970275687,68786.15625
3329.3913591376327,68413.4296875
3329.392747999579,67957.2734375
3329.3941368617584,67421.7578125
3329.3955257237044,66933.8125
3329.396914585883,66541.1171875
3329.39830344783,65976.2890625
3329.399692309775,65491.4765625
3329.401081171955,64967.8671875
3329.402470033901,64420.421875
3329.40385889608,63900.9375
3329.4066366199727,62737.66796875
3329.4080254821515,62129.3984375
3329.4094143440975,61576.26953125
3329.410803206277,60981.03515625
3329.4121920682223,60343.05078125
3329.413580930401,59756.87109375
3329.4149697923476,59171.63671875
3329.416358654527,58539.15234375
3329.4177475164724,58020.6875
3329.420525240598,56706.0234375
3329.423302964723,55424.69140625
3329.4260806888483,54129.03515625
3329.427469551027,53540.48828125
3329.428858412974,52933.2265625
3329.430247275152,52293.078125
3329.4316361373303,51564.80859375
3329.4330249992768,50969.77734375
3329.434413861455,50427.13671875
3329.4358027236344,49811.796875
3329.437191585581,49199.859375
3329.4399693097057,47988.95703125
3329.441358171885,47489.9375
3329.442747034064,46865.24609375
3329.44413589601,46380.1171875
3329.4455247581895,45857.25
3329.446913620368,45325.30078125
3329.4483024823144,44808.25390625
3329.449691344493,44453.58984375
3329.451080206672,43926.76953125
3329.4524690688513,43392.1796875
3329.4538579307978,43117.43359375
3329.4552467929766,42730.109375
3329.4566356551554,42426.0546875
3329.4580245173347,42053.7890625
3329.4594133792802,41826.62109375
3329.46080224146,41628.125
3329.462191103639,41393.77734375
3329.4635799658176,41238.421875
3329.464968827996,41094.77734375
3329.4663576899425,40990.33203125
3329.4677465521218,41012.515625
3329.4691354143,41056.3671875
3329.47052427648,41082.21875
3329.4719131386587,41208.57421875
3329.4733020008375,41369.04296875
3329.4746908630163,41456.3984375
3329.4760797249633,41729.76953125
3329.4774685871416,42003.05078125
3329.478857449321,42193.1796875
3329.4802463114997,42551.43359375
3329.4816351736786,42914.171875
3329.483024035858,43296.83203125
3329.484412898037,43673.95703125
3329.485801760216,44143.9375
3329.4871906223943,44572.921875
3329.4885794845727,45040.21484375
3329.4899683467515,45578.18359375
3329.4913572089304,46108.96875
3329.49274607111,46619.3671875
3329.4941349332885,47161.16015625
3329.4955237954678,47772.484375
3329.4969126576466,48351.75
3329.4983015198254,48874.90625
3329.4996903820047,49450.95703125
3329.501079244184,50027.015625
3329.502468106363,50649.26953125
3329.5052458307214,51962.3984375
3329.5066346928993,52550.34375
3329.509412417258,53821.33203125
3329.5108012794367,54459.2421875
3329.512190141849,55058.93359375
3329.513579004028,55666.23046875
3329.5163567283857,56974.125
3329.517745590565,57545.08984375
3329.5191344527434,58213.7109375
3329.5205233149222,58764.36328125
3329.521912177334,59402.35546875
3329.524689901692,60576.83203125
3329.5260787638713,61165.5234375
3329.5274676260506,61737.92578125
3329.5288564884618,62330.671875
3329.530245350641,62987.921875
3329.5316342128203,63536.53125
3329.533023074999,64047.22265625
3329.534411937411,64575.39453125
3329.5358007995906,65152.66015625
3329.5371896617685,65671.0625
3329.538578523948,66171.6640625
3329.53996738636,66655.53125
3329.5413562485387,67168.2734375
3329.5427451107175,67584.3828125
3329.5441339731287,67974.5546875
3329.545522835307,68499.7109375
3329.5469116974864,68838.6796875
3329.5483005598985,69353.0234375
3329.5496894220773,69659.0859375
3329.551078284489,70063.4765625
3329.5524671466687,70394.8203125
3329.5538560088467,70719.2421875
3329.555244871259,70974.8984375
3329.556633733438,71280.953125
3329.5580225958497,71615.078125
3329.559411458029,71784.1171875
3329.5608003202083,71965.9140625
3329.56218918262,72234.7890625
3329.5635780447988,72335.8046875
3329.564966907211,72423.484375
3329.5663557693892,72430.984375
3329.567744631802,72432.4765625
3329.5691334939806,72453.0234375
3329.5705223563923,72467.8359375
3329.5719112185707,72535.9453125
3329.573300080983,72403.71875
3329.574688943162,72411.609375
3329.5760778055733,72479.3515625
3329.577466667753,72434.046875
3329.5788555301647,72483.9296875
3329.5802443923435,72434.1171875
3329.581633254755,72480.8203125
3329.5830221171677,72464.0234375
3329.584410979346,72415.3984375
3329.585799841758,72357.4765625
3329.587188703937,72428.1484375
3329.5885775663487,72327.5234375
3329.589966428761,72517.359375
3329.59135529094,72421.640625
3329.5927441533518,72450.6640625
3329.5941330157634,72470.3984375
3329.595521877943,72518.2578125
3329.596910740354,72387.4765625
3329.5982996027665,72403.5703125
3329.599688464945,72525.90625
3329.6010773273556,72480.6875
3329.6024661897677,72431.765625
3329.6038550521794,72391.484375
3329.605243914358,72415.03125
3329.6066327767703,72401.171875
3329.6080216391824,72514.8203125
3329.609410501594,72501.1953125
3329.610799363773,72479.0546875
3329.612188226185,72516.90625
3329.6135770885962,72426.8046875
3329.614965951009,72469.8984375
3329.6163548134205,72496.859375
3329.6177436755993,72496.7109375
3329.6191325380114,72450.7265625
3329.6205214004235,72506.71875
3329.6219102628347,72422.9765625
3329.623299125247,72451.6796875
3329.624687987659,72492.390625
3329.6260768498373,72541.0390625
3329.627465712249,72580.7109375
3329.6288545746606,72467.953125
3329.630243437073,72517.8515625
3329.6316322994844,72469.953125
3329.6330211618965,72456.5234375
3329.6344100243086,72520.0625
3329.63579888672,72521.9296875
3329.637187749132,72439.40625
3329.638576611544,72463.09375
3329.6399654739557,72566.2265625
3329.6413543363674,72471.3359375
3329.64274319878,72480.7890625
3329.6441320611907,72543.96875
3329.6455209236033,72450.5390625
3329.646909786015,72563.8671875
3329.6482986484266,72504.03125
3329.6496875108387,72506.7890625
3329.651076373251,72541.2421875
3329.652465235662,72486.6484375
3329.653854098074,72517.140625
3329.655242960486,72552.625
3329.6566318228965,72513.796875
3329.658020685308,72597.3671875
3329.6594095477208,72512.21875
3329.6607984101315,72527.4921875
3329.662187272777,72510.9296875
3329.6635761351886,72632.6953125
3329.6649649976002,72617.4375
3329.6663538600124,72548.9375
3329.6677427224245,72685.4296875
3329.6691315848357,72493.6796875
3329.670520447248,72605.0
3329.6719093098927,72605.09375
3329.673298172304,72605.2421875
3329.6746870347165,72652.46875
3329.676075897128,72599.3515625
3329.67746475954,72625.765625
3329.678853622184,72681.671875
3329.680242484596,72594.5625
3329.681631347008,72644.5859375
3329.6830202094193,72640.90625
3329.684409072064,72580.5
3329.6857979344763,72659.03125
3329.687186796888,72644.828125
3329.6885756595325,72599.1953125
3329.689964521945,72724.6640625
3329.691353384356,72651.65625
3329.692742247001,72639.71875
3329.694131109413,72708.0859375
3329.6955199718245,72681.6015625
3329.6969088344695,72642.9453125
3329.6982976968816,72736.78125
3329.6996865592932,72688.1015625
3329.7010754219377,72717.84375
3329.70246428435,72732.2109375
3329.703853146994,72741.2421875
3329.7052420094064,72695.625
3329.706630871818,72649.515625
3329.7080197344626,72697.03125
3329.7094085968743,72706.515625
3329.7107974595197,72719.6640625
3329.7121863219304,72741.3046875
3329.7135751845744,72720.71875
3329.7149640469866,72734.7734375
3329.716352909631,72777.234375
3329.7177417720427,72710.4140625
3329.7191306346876,72746.6875
3329.720519497099,72764.484375
3329.7219083597442,72765.8359375
3329.723297222156,72789.6015625
3329.7246860848004,72769.125
3329.726074947212,72837.7109375
3329.7274638098575,72817.8671875
3329.7288526722687,72765.3828125
3329.7302415349127,72847.8203125
3329.731630397558,72802.203125
3329.7330192599698,72800.34375
3329.7344081226142,72825.8828125
3329.735796985026,72860.8671875
3329.7371858476713,72863.859375
3329.7385747103153,72877.0703125
3329.7399635727274,72885.3828125
3329.741352435372,72792.4921875
3329.7427412980164,72914.5234375
3329.7441301604285,72849.0234375
3329.7455190230735,72875.8125
3329.746907885718,72937.0703125
3329.7482967483625,72887.125
3329.749685610775,72939.6640625
3329.7510744734186,72822.8359375
3329.752463336064,72938.6640625
3329.7538521984757,72973.5
3329.75524106112,73003.9609375
3329.756629923765,73017.3359375
3329.75801878641,73005.40625
3329.759407649054,72886.5234375
3329.760796511466,72931.2109375
3329.762185374111,72964.921875
3329.763574236755,72976.2890625
3329.7649630994006,72942.203125
3329.766351962045,72918.609375
3329.7677408244567,72978.46875
3329.7691296871008,73035.0625
3329.770518549745,72976.65625
3329.7719074123893,72921.2890625
3329.773296275034,73117.8671875
3329.774685137679,73111.2890625
3329.776074000323,73055.03125
3329.777462862968,73156.4765625
3329.778851725613,73064.5234375
3329.780240588257,73062.0
3329.781629450669,73128.921875
3329.7830183133133,73003.453125
3329.7844071759587,73056.3515625
3329.7857960386027,73094.4921875
3329.7871849012477,73070.84375
3329.7885737638926,73110.8671875
3329.7899626265366,73104.359375
3329.7913514891816,73101.75
3329.7927403518265,73197.078125
3329.794129214471,73201.6484375
3329.7955180771155,73138.3125
3329.796906939761,73155.2578125
3329.7982958026373,73153.359375
3329.7996846652827,73113.234375
3329.801073527927,73242.828125
3329.8024623905717,73133.5390625
3329.8038512532166,73225.8125
3329.8052401158616,73190.7734375
3329.806628978506,73119.6953125
3329.8080178411506,73155.7734375
3329.8094067037955,73057.8359375
3329.8107955664395,73153.1953125
3329.8121844293178,73174.4296875
3329.8135732919623,73173.6796875
3329.8149621546067,73273.15625
3329.8163510172512,73201.1796875
3329.8177398798966,73265.609375
3329.8191287427735,73279.1171875
3329.8205176054184,73186.125
3329.821906468063,73117.2265625
3329.8232953307074,73197.4375
3329.824684193352,73238.9609375
3329.826073056229,73197.671875
3329.827461918873,73162.9765625
3329.828850781518,73226.9375
3329.8302396443955,73227.796875
3329.83162850704,73248.2421875
3329.833017369684,73195.125
3329.834406232329,73240.5625
3329.835795095207,73323.171875
3329.837183957851,73196.1796875
3329.8385728204958,73346.0
3329.8399616833735,73269.1484375
3329.841350546018,73262.4765625
3329.8427394088953,73308.65625
3329.8441282715407,73288.0546875
3329.845517134185,73303.6875
3329.8469059970625,73171.1796875
3329.848294859707,73227.4296875
3329.8496837223515,73285.546875
3329.8510725852293,73216.1796875
3329.8524614478742,73215.1015625
3329.8538503107516,73369.0078125
3329.855239173396,73264.796875
3329.856628036274,73251.84375
3329.858016898918,73262.40625
3329.859405761796,73270.96875
3329.8607946244406,73290.0234375
3329.862183487318,73209.3515625
3329.863572349963,73210.328125
3329.8649612128406,73232.890625
3329.8663500754847,73311.8515625
3329.8677389383624,73263.9765625
3329.8691278010074,73248.953125
3329.8705166638842,73289.8046875
3329.871905526762,73170.1328125
3329.873294389407,73238.40625
3329.8746832522843,73240.234375
3329.876072114929,73241.953125
3329.877460977807,73248.0390625
3329.8788498406834,73235.8359375
3329.880238703328,73273.5703125
3329.881627566205,73208.7109375
3329.8830164288493,73261.0546875
3329.884405291726,73222.2109375
3329.8857941546044,73120.109375
3329.887183017249,73186.359375
3329.888571880126,73218.984375
3329.8899607430035,73252.9296875
3329.8913496058817,73251.90625
3329.8927384685257,73142.8203125
3329.8941273314035,73152.390625
3329.895516194281,73194.1640625
3329.896905057158,73162.046875
3329.898293919803,73265.765625
3329.899682782681,73226.9609375
3329.901071645558,73129.46875
3329.9024605084355,73090.1796875
3329.903849371081,73083.796875
3329.9052382339573,73110.609375
3329.9066270968356,73149.796875
3329.908015959713,73131.546875
3329.90940482259,73028.1015625
3329.910793685468,73086.3515625
3329.912182548113,73124.25
3329.91357141099,73111.78125
3329.9149602738676,73068.7734375
3329.9163491367453,73056.7421875
3329.917737999622,73107.703125
3329.9191268625004,73103.421875
3329.9205157253778,73055.6796875
3329.921904588255,73107.609375
3329.9232934511324,73046.984375
3329.9246823140106,73151.4921875
3329.9260711768875,73007.8046875
3329.9274600397653,73037.3984375
3329.9288489026426,73030.21875
3329.93023776552,73039.96875
3329.931626628397,73074.8671875
3329.9330154912745,72997.84375
3329.934404354153,72984.5234375
3329.935793217029,73021.015625
3329.9371820799065,73024.2109375
3329.938570942784,72928.3125
3329.9399598056607,72936.7265625
3329.9413486685385,72941.921875
3329.9427375314162,72991.328125
3329.944126394293,72892.34375
3329.945515257171,72985.5234375
3329.9469041200487,72926.34375
3329.948292982926,72921.9921875
3329.9496818458033,72932.296875
3329.9510707089144,72955.2265625
3329.9524595717908,72925.4609375
3329.953848434669,72899.5703125
3329.9552372975463,72922.8984375
3329.9566261604236,72892.2421875
3329.9580150233014,72809.3046875
3329.959403886412,72853.0234375
3329.9607927492893,72798.078125
3329.9621816121667,72873.796875
3329.9635704750444,72764.859375
3329.964959338154,72823.78125
3329.9663482010324,72859.8125
3329.9677370639097,72781.8828125
3329.969125926787,72781.6484375
3329.970514789897,72802.390625
3329.9719036527754,72740.4765625
3329.9732925156522,72823.59375
3329.97468137853,72736.140625
3329.9760702416406,72741.8203125
3329.9774591045175,72714.5078125
3329.978847967395,72774.34375
3329.980236830505,72718.7890625
3329.981625693383,72768.6484375
3329.983014556493,72719.3125
3329.9844034193707,72693.59375
3329.985792282248,72723.96875
3329.987181145358,72670.9296875
3329.988570008236,72746.75
3329.9899588711137,72683.09375
3329.991347734224,72722.109375
3329.992736597101,72677.40625
3329.9941254602113,72644.453125
3329.9955143230877,72678.5234375
3329.996903186198,72629.46875
3329.998292049076,72683.9140625
3329.999680912186,72666.4921875
3330.0010697750636,72615.5
3330.0024586381737,72570.9921875
3330.003847501051,72602.0234375
3330.0052363641616,72606.328125
3330.0066252270394,72590.7421875
3330.0080140901496,72563.359375
3330.009402953027,72605.328125
3330.0107918161375,72620.046875
3330.012180679247,72536.7109375
3330.0135695421254,72582.7734375
3330.0149584052356,72542.515625
3330.016347268113,72565.5390625
3330.0177361312235,72567.40625
3330.019124994334,72500.8203125
3330.020513857211,72556.5078125
3330.0219027203216,72600.2265625
3330.023291583432,72589.9609375
3330.024680446309,72533.265625
3330.0260693094197,72485.703125
3330.0274581725303,72593.84375
3330.0288470354076,72495.4296875
3330.0302358985173,72545.265625
3330.031624761628,72506.7265625
3330.0330136245057,72428.875
3330.0344024876154,72526.734375
3330.035791350726,72527.296875
3330.0371802138366,72508.3203125
3330.038569076714,72458.1171875
3330.039957939824,72557.2578125
3330.041346802935,72473.9453125
3330.0427356660443,72435.1953125
3330.0441245291554,72523.5390625
3330.0455133920327,72469.3984375
3330.046902255143,72506.7734375
3330.0482911182535,72456.8828125
3330.049679981364,72487.1953125
3330.0510688444733,72471.796875
3330.052457707583,72394.96875
3330.0538465706936,72511.9375
3330.055235433571,72488.3671875
3330.056624296681,72455.6875
3330.058013159792,72494.5859375
3330.0594020229014,72399.0234375
3330.0607908860125,72432.2578125
3330.0621797491226,72336.703125
3330.0635686122328,72450.515625
3330.0649574753434,72415.3515625
3330.066346338454,72433.8203125
3330.0677352015637,72348.3203125
3330.0691240646743,72445.3125
3330.070512927785,72436.25
3330.0719017908946,72494.6171875
3330.0732906540056,72495.3828125
3330.074679517116,72374.78125
3330.076068380226,72368.890625
3330.0774572433356,72442.625
3330.0788461064462,72453.4453125
3330.080234969557,72377.578125
3330.0816238326665,72402.546875
3330.083012695777,72385.40625
3330.0844015588877,72453.1640625
3330.0857904222307,72406.8203125
3330.087179285341,72373.5234375
3330.088568148452,72290.7265625
3330.089957011561,72160.9140625
3330.0913458746722,72039.6953125
3330.0927347377824,71964.2734375
3330.0941236008925,71780.40625
3330.095512464236,71656.921875
3330.0969013273466,71467.7265625
3330.0982901904567,71251.0234375
3330.099679053567,71139.4921875
3330.1010679166775,70872.0625
3330.10245678002,70639.3515625
3330.103845643131,70390.828125
3330.1052345062412,70221.453125
3330.1066233693505,69926.765625
3330.1080122326935,69646.2578125
3330.1094010958036,69324.0859375
3330.1107899589138,69058.3125
3330.112178822257,68808.8125
3330.113567685368,68488.390625
3330.114956548478,68211.0703125
3330.116345411821,67897.9609375
3330.1177342749315,67565.0078125
3330.1191231380412,67254.7578125
3330.120512001385,66924.3671875
3330.1219008644953,66580.359375
3330.1232897276054,66297.640625
3330.124678590948,65906.078125
3330.1260674540586,65526.2578125
3330.127456317402,65259.89453125
3330.1288451805117,64814.515625
3330.1302340438556,64565.5
3330.1316229069657,64110.04296875
3330.133011770076,63819.38671875
3330.134400633419,63468.4921875
3330.13578949653,63130.9140625
3330.1371783598725,62713.0625
3330.138567222983,62453.3359375
3330.139956086326,62041.078125
3330.141344949436,61652.45703125
3330.1427338127796,61414.26171875
3330.1441226758902,60987.7265625
3330.145511539233,60725.8515625
3330.146900402576,60286.22265625
3330.1482892656873,59973.046875
3330.1496781290293,59650.45703125
3330.1510669921404,59334.703125
3330.1524558554834,59080.05078125
3330.1538447188263,58720.07421875
3330.155233581937,58453.85546875
3330.1566224452804,58209.6015625
3330.15801130839,57944.61328125
3330.1594001717335,57655.96484375
3330.160789035077,57483.671875
3330.1621778981867,57213.68359375
3330.1635667615296,57040.93359375
3330.164955624872,56924.12109375
3330.1663444882147,56686.66796875
3330.1677333513258,56550.078125
3330.1691222146687,56524.05859375
3330.1705110780117,56372.6015625
3330.171899941122,56300.51953125
3330.173288804465,56364.2109375
3330.1746776678083,56307.58984375
3330.176066531151,56385.17578125
3330.1774553944947,56457.921875
3330.178844257605,56531.28515625
3330.180233120948,56567.65234375
3330.181621984291,56692.796875
3330.1830108476347,56901.109375
3330.1843997109772,57077.9921875
3330.185788574088,57290.05859375
3330.1871774374313,57507.58203125
3330.188566300774,57660.40625
3330.1899551641172,57969.47265625
3330.1913440274607,58174.90625
3330.1927328908037,58443.90625
3330.1941217541466,58798.64453125
3330.1955106174905,59086.98046875
3330.1968994808326,59383.63671875
3330.1982883441765,59670.265625
3330.1996772075195,60108.67578125
3330.2010660708625,60394.05078125
3330.202454933973,60706.26953125
3330.2038437973165,61063.7734375
3330.2052326606595,61444.828125
3330.2066215240025,61769.27734375
3330.208010387346,62119.98046875
3330.2093992506884,62470.921875
3330.210788114265,62899.8984375
3330.212176977608,63219.5703125
3330.213565840951,63589.3984375
3330.214954704294,63858.27734375
3330.216343567638,64305.71484375
3330.2177324309805,64546.890625
3330.219121294323,64974.65234375
3330.220510157666,65329.15625
3330.2218990210085,65707.359375
3330.223287884351,65977.8046875
3330.224676747695,66292.703125
3330.2260656112708,66755.0625
3330.2274544746138,67042.1796875
3330.228843337957,67325.4296875
3330.2302322013006,67741.171875
3330.231621064643,68014.3828125
3330.2330099279866,68363.4609375
3330.234398791563,68670.2890625
3330.2357876549054,68961.65625
3330.237176518249,69196.015625
3330.2385653815923,69491.6171875
3330.239954245168,69712.4296875
3330.241343108511,69998.0078125
3330.242731971855,70237.703125
3330.2441208351975,70469.53125
3330.2455096987737,70757.9296875
3330.2468985621167,70943.703125
3330.2482874254597,71162.140625
3330.249676289036,71393.3515625
3330.2510651523794,71580.0703125
3330.2524540157224,71802.234375
3330.253842879298,71858.9296875
3330.2552317426416,72140.7109375
3330.256620605984,72186.90625
3330.258009469561,72304.390625
3330.259398332904,72334.0390625
3330.2607871964797,72518.078125
3330.262176059823,72448.078125
3330.2635649231665,72576.328125
3330.264953786742,72562.3515625
3330.2663426500844,72515.6328125
3330.267731513661,72589.734375
3330.269120377004,72545.7578125
3330.27050924058,72498.640625
3330.271898103923,72465.828125
3330.2732869674996,72520.9453125
3330.274675830842,72448.734375
3330.2760646944175,72554.03125
3330.2774535577605,72440.453125
3330.278842421336,72482.3671875
3330.2802312846793,72577.1015625
3330.2816201482556,72585.5234375
3330.283009011831,72501.890625
3330.284397875175,72483.4140625
3330.2857867387506,72592.2578125
3330.2871756020936,72489.5546875
3330.2885644656694,72523.8203125
3330.289953329246,72502.1640625
3330.2913421925887,72497.328125
3330.292731056165,72535.703125
3330.2941199197408,72562.3125
3330.2955087830837,72557.6953125
3330.29689764666,72523.8359375
3330.2982865102363,72469.2421875
3330.2996753735792,72551.0546875
3330.301064237155,72557.234375
3330.302453100732,72536.109375
3330.303841964074,72512.3828125
3330.3052308276506,72550.078125
3330.3066196912264,72599.5703125
3330.308008554802,72530.375
3330.3093974181456,72485.9921875
3330.310786281722,72547.59375
3330.3121751452973,72502.1015625
3330.3135640088726,72553.1640625
3330.3149528724493,72628.0078125
3330.3163417357923,72518.6953125
3330.317730599368,72577.75
3330.319119462944,72577.0859375
3330.3205083265207,72581.703125
3330.321897190096,72524.8828125
3330.3232860536723,72519.5390625
3330.3246749172486,72588.2109375
3330.326063780824,72501.5390625
3330.3274526441674,72512.859375
3330.3288415077436,72498.625
3330.3302303713194,72584.7890625
3330.3316192348952,72556.5703125
3330.333008098471,72530.515625
3330.334396962046,72522.578125
3330.3357858256218,72586.8984375
3330.3371746891985,72626.9140625
3330.338563552774,72567.734375
3330.33995241635,72619.75
3330.3413412799264,72491.46875
3330.3427301435017,72504.09375
3330.344119007078,72570.2265625
3330.3455078706543,72617.3203125
3330.34689673423,72612.609375
3330.348285597806,72510.1875
3330.3496744613826,72528.609375
3330.3510633249575,72535.3515625
3330.352452188767,72637.25
3330.353841052343,72590.34375
3330.3552299159187,72577.2421875
3330.356618779495,72568.96875
3330.3580076430712,72501.6328125
3330.359396506647,72576.8125
3330.360785370222,72596.0859375
3330.3621742340315,72530.625
3330.3635630976073,72585.8203125
3330.364951961183,72575.0390625
3330.3663408247594,72557.34375
3330.3677296883357,72576.921875
3330.369118552144,72543.6953125
3330.37050741572,72559.046875
3330.3718962792964,72572.125
3330.3732851428717,72587.140625
3330.3746740066813,72596.609375
3330.376062870257,72643.859375
3330.377451733833,72611.5703125
3330.3788405974087,72658.3359375
3330.3802294612183,72652.6875
3330.3816183247936,72559.1875
3330.38300718837,72650.3125
3330.3843960521785,72588.890625
3330.3857849157544,72631.0859375
3330.3871737793306,72590.484375
3330.388562643139,72559.125
3330.3899515067137,72634.515625
3330.391340370523,72624.734375
3330.392729234099,72666.2109375
3330.394118097675,72598.28125
3330.3955069614835,72568.15625
3330.3968958250603,72609.0546875
3330.3982846888684,72580.4375
3330.3996735524447,72524.46875
3330.4010624162534,72502.46875
3330.402451279829,72647.703125
3330.4038401436383,72590.7734375
3330.4052290072145,72567.9765625
3330.406617871023,72571.8359375
3330.408006734598,72556.0625
3330.4093955984076,72560.6015625
3330.4107844619834,72618.453125
3330.412173325792,72616.375
3330.4135621893683,72607.96875
3330.4149510531774,72636.828125
3330.4163399167533,72615.25
3330.417728780562,72533.578125
3330.419117644371,72608.4375
3330.4205065079464,72614.5546875
3330.421895371756,72618.453125
3330.4232842353317,72676.0625
3330.4246730991404,72620.5390625
3330.426061962949,72594.9140625
3330.4274508265257,72614.25
3330.428839690334,72600.40625
3330.430228554143,72661.2734375
3330.4316174177193,72603.328125
3330.4330062815275,72669.484375
3330.4343951453366,72648.3671875
3330.4357840091457,72668.8203125
3330.4371728727215,72641.84375
3330.43856173653,72668.0078125
3330.4399506003397,72617.9375
3330.4413394641474,72601.28125
3330.442728327724,72633.2734375
3330.4441171915328,72675.65625
3330.4455060553405,72569.6640625
3330.446894919149,72605.4453125
3330.448283782958,72662.34375
3330.4496726465336,72638.859375
3330.4510615103422,72618.53125
3330.452450374151,72752.7265625
3330.4538392379604,72636.6875
3330.4552281017686,72694.2421875
3330.4566169655777,72649.6015625
3330.4580058293864,72660.375
3330.459394693195,72624.6328125
3330.460783557004,72697.6875
3330.4621724205804,72668.609375
3330.463561284389,72619.125
3330.4649501481977,72584.484375
3330.4663390120068,72646.125
3330.467727875815,72623.0625
3330.4691167396245,72736.6484375
3330.470505603433,72578.125
3330.471894467242,72678.2265625
3330.473283331051,72547.2890625
3330.47467219486,72606.515625
3330.476061058668,72633.03125
3330.4774499224773,72739.3359375
3330.4788387862864,72617.2109375
3330.4802276503274,72664.765625
3330.4816165141365,72723.3671875
3330.4830053779456,72666.6015625
3330.484394241754,72664.4375
3330.485783105563,72613.8046875
3330.4871719693724,72733.8203125
3330.4885608331806,72596.234375
3330.4899496969897,72678.6015625
3330.4913385607983,72682.953125
3330.49272742484,72645.8828125
3330.494116288649,72694.03125
3330.495505152458,72525.015625
3330.4968940162667,72682.7265625
3330.4982828800744,72745.5859375
3330.4996717441168,72720.6015625
3330.501060607925,72697.9296875
3330.5024494717327,72697.8828125
3330.503838335542,72724.671875
3330.5052271995833,72647.359375
3330.506616063392,72687.5703125
3330.508004927201,72636.3125
3330.50939379101,72664.734375
3330.5107826550516,72639.390625
3330.51217151886,72713.875
3330.5135603826698,72727.6015625
3330.5149492467103,72641.0078125
3330.51633811052,72870.125
3330.5177269743285,72573.1328125
3330.51911583837,72649.03125
3330.520504702179,72698.90625
3330.521893566221,72688.3671875
3330.523282430029,72598.609375
3330.5246712938383,72767.5625
3330.5260601578802,72703.9453125
3330.5274490216884,72721.765625
3330.528837885731,72714.1484375
3330.5302267495395,72746.640625
3330.531615613581,72735.3828125
3330.5330044773896,72682.8046875
3330.534393341432,72722.3125
3330.53578220524,72728.765625
3330.537171069282,72692.1796875
3330.5385599330907,72714.890625
3330.539948797132,72678.40625
3330.541337660941,72588.7265625
3330.5427265249823,72772.03125
3330.544115388792,72668.1796875
3330.5455042528324,72731.046875
3330.546893116642,72686.75
3330.5482819806834,72696.6875
3330.549670844725,72810.9453125
3330.551059708534,72675.359375
3330.552448572576,72716.359375
3330.5538374366174,72719.3828125
3330.555226300426,72647.8671875
3330.556615164468,72711.8828125
3330.5580040282757,72618.1640625
3330.5593928923167,72778.5
3330.560781756359,72724.828125
3330.5621706203997,72776.1953125
3330.5635594842092,72789.6640625
3330.5649483482507,72791.0234375
3330.566337212292,72714.296875
3330.5677260761013,72793.4921875
3330.569114940143,72686.953125
3330.5705038041847,72706.9375
3330.571892668226,72763.5859375
3330.573281532268,72699.5859375
3330.5746703960763,72708.109375
3330.5760592601187,72702.1796875
3330.57744812416,72734.75
3330.5788369882016,72734.328125
3330.580225852243,72766.5
3330.5816147160526,72707.5859375
3330.5830035800936,72773.53125
3330.5843924441347,72700.1640625
3330.585781308177,72732.8125
3330.5871701722185,72672.34375
3330.58855903626,72767.6484375
3330.5899479003015,72703.4453125
3330.591336764344,72812.859375
3330.592725628385,72763.0078125
3330.594114492427,72783.6640625
3330.5955033564683,72843.8203125
3330.5968922205097,72635.625
3330.5982810845517,72691.328125
3330.5996699485936,72799.78125
3330.601058812635,72697.9296875
3330.6024476766765,72640.984375
3330.603836540719,72709.140625
3330.6052254047595,72768.9765625
3330.606614268802,72684.609375
3330.6080031328434,72688.0390625
3330.609391996885,72702.9921875
3330.6107808609268,72700.890625
3330.6121697249687,72689.2578125
3330.6135585890097,72677.78125
3330.6149474530507,72768.6953125
3330.616336317092,72660.9609375
3330.6177251811337,72669.28125
3330.619114045408,72761.015625
3330.62050290945,72711.015625
3330.621891773491,72702.0546875
3330.6232806375333,72674.4140625
3330.6246695015748,72608.0703125
3330.6260583656162,72720.0546875
3330.627447229891,72668.234375
3330.628836093933,72748.625
3330.630224957974,72755.96875
3330.631613822015,72712.75
3330.63300268629,72832.6015625
3330.6343915503317,72679.3671875
3330.635780414373,72714.96875
3330.6371692784146,72745.4609375
3330.63855814269,72698.40625
3330.639947006731,72692.71875
3330.6413358707728,72741.0546875
3330.6427247350475,72761.609375
3330.6441135990885,72649.265625
3330.6455024631305,72719.421875
3330.6468913274052,72679.703125
3330.6482801914467,72716.4375
3330.649669055488,72705.890625
3330.6510579197634,72601.1875
3330.652446783804,72652.328125
3330.653835648079,72699.484375
3330.6552245121206,72755.96875
3330.656613376162,72650.1015625
3330.658002240437,72702.734375
3330.659391104479,72760.671875
3330.660779968753,72722.78125
3330.6621688327946,72603.296875
3330.6635576970693,72657.2578125
3330.6649465611104,72707.0234375
3330.6663354253856,72701.4921875
3330.667724289427,72655.09375
3330.6691131537013,72639.6796875
3330.6705020177424,72696.78125
3330.671890882016,72650.8125
3330.6732797462905,72645.796875
3330.674668610332,72708.15625
3330.6760574746063,72702.5546875
3330.677446338648,72623.21875
3330.678835202922,72595.2578125
3330.6802240671973,72728.9375
3330.6816129312388,72603.8828125
3330.683001795513,72780.171875
3330.684390659555,72646.3046875
3330.6857795238298,72641.984375
3330.6871683881036,72724.125
3330.6885572521455,72704.859375
3330.6899461164203,72600.1328125
3330.691334980694,72612.6640625
3330.692723844969,72708.9609375
3330.694112709011,72597.734375
3330.695501573285,72690.6484375
3330.6968904375594,72681.8046875
3330.6982793018346,72670.2109375
3330.6996681658757,72665.5234375
3330.7010570301504,72629.5703125
3330.7024458944247,72743.8359375
3330.703834758699,72715.0234375
3330.705223622741,72665.515625
3330.7066124870157,72661.421875
3330.70800135129,72656.8984375
3330.7093902155643,72682.7734375
3330.710779079839,72645.125
3330.712167944113,72727.921875
3330.713556808388,72623.9375
3330.7149456726625,72643.640625
3330.716334536704,72635.890625
3330.7177234009782,72673.2578125
3330.7191122652525,72693.0625
3330.7205011295273,72649.8046875
3330.721889993801,72645.65625
3330.7232788580764,72694.734375
3330.7246677223507,72640.4609375
3330.726056586625,72639.1171875
3330.727445450899,72702.5390625
3330.7288343151727,72757.6171875
3330.730223179447,72708.3984375
3330.7316120437217,72640.6015625
3330.7330009079965,72670.53125
3330.7343897722703,72660.453125
3330.735778636545,72716.2578125
3330.73716750082,72674.8125
3330.7385563650937,72667.921875
3330.739945229369,72749.4921875
3330.741334093876,72697.3359375
3330.7427229581504,72582.9375
3330.7441118224247,72742.9453125
3330.7455006867,72703.046875
3330.7468895509737,72693.6328125
3330.7482784152485,72607.6328125
3330.749667279523,72720.5859375
3330.751056143797,72715.4296875
3330.7524450083047,72652.140625
3330.7538338725794,72788.4765625
3330.7552227368537,72723.234375
3330.756611601128,72707.671875
3330.758000465636,72739.8984375
3330.7593893299095,72743.96875
3330.760778194184,72739.4140625
3330.7621670584585,72736.4453125
3330.763555922966,72662.875
3330.7649447872404,72733.3125
3330.7663336515147,72541.578125
3330.7677225157895,72680.140625
3330.769111380296,72703.6796875
3330.7705002445714,72681.6640625
3330.7718891088457,72728.9609375
3330.773277973353,72727.859375
3330.774666837627,72645.296875
3330.776055702135,72707.7578125
3330.777444566409,72757.8359375
3330.778833430684,72690.5546875
3330.7802222951914,72692.0390625
3330.7816111594652,72779.2578125
3330.7830000239724,72713.4296875
3330.784388888246,72627.3203125
3330.78577775252,72656.6640625
3330.787166617028,72700.3671875
3330.7885554813024,72717.6953125
3330.7899443458095,72655.8671875
3330.791333210084,72670.8046875
3330.792722074592,72713.8203125
3330.7941109388657,72672.8984375
3330.7954998033733,72685.4296875
3330.796888667648,72697.3515625
3330.7982775321548,72675.921875
3330.7996663966624,72659.21875
3330.801055260937,72588.203125
3330.8024441254443,72673.375
3330.803832989718,72736.3828125
3330.8052218542257,72729.3515625
3330.8066107185,72651.578125
3330.807999583007,72645.7265625
3330.8093884475147,72758.40625
3330.8107773117895,72641.7578125
3330.8121661762966,72721.515625
3330.8135550408037,72736.625
3330.814943905079,72742.8203125
3330.816332769585,72744.453125
3330.8177216340932,72691.6015625
3330.8191104983675,72626.03125
3330.8204993628747,72663.25
3330.8218882273823,72728.9140625
3330.82327709189,72669.515625
3330.8246659561637,72760.9140625
3330.8260548206713,72684.453125
3330.827443685179,72702.234375
3330.8288325496856,72731.6484375
3330.8302214141936,72734.4921875
3330.831610278468,72700.6875
3330.832999142975,72663.890625
3330.834388007482,72692.4921875
3330.83577687199,72749.0859375
3330.837165736497,72732.1171875
3330.8385546010045,72687.0234375
3330.8399434652783,72680.34375
3330.8413323297846,72767.71875
3330.842721194292,72737.0546875
3330.8441100587997,72744.609375
3330.8454989233064,72746.734375
3330.8468877878136,72780.1875
3330.8482766523207,72774.9375
3330.8496655168287,72713.4921875
3330.8510543813354,72758.3359375
3330.852443245843,72793.4609375
3330.8538321103506,72753.5234375
3330.8552209748573,72592.2890625
3330.856609839365,72716.6015625
3330.8579987038725,72713.046875
3330.8593875683796,72733.8203125
3330.8607764328867,72722.6171875
3330.8621652973948,72791.9296875
3330.863554161901,72841.359375
3330.864943026409,72654.625
3330.866331890916,72695.5078125
3330.8677207554233,72710.9609375
3330.869109619931,72719.5
3330.8704984846713,72732.9609375
3330.8718873491785,72674.7265625
3330.8732762136856,72787.5390625
3330.874665078193,72731.1875
3330.8760539427,72770.3671875
3330.877442807208,72666.5
3330.878831671948,72689.5546875
3330.880220536455,72772.109375
3330.881609400962,72730.8984375
3330.88299826547,72768.6015625
3330.884387129977,72694.0625
3330.8857759947173,72744.390625
3330.887164859225,72677.890625
3330.8885537237315,72800.1953125
3330.8899425882387,72707.1875
3330.8913314529786,72772.9921875
3330.8927203174867,72744.984375
3330.8941091819934,72663.0703125
3330.895498046734,72802.5703125
3330.8968869112405,72767.921875
3330.8982757757467,72703.828125
3330.899664640487,72817.484375
3330.9010535049947,72827.640625
3330.9024423695014,72717.2265625
3330.903831234242,72726.1484375
3330.9052200987494,72714.4296875
3330.9066089634894,72765.984375
3330.9079978279965,72731.8515625
3330.9093866925045,72706.09375
3330.910775557244,72678.390625
3330.9121644217516,72696.625
3330.9135532864916,72736.9921875
3330.9149421509987,72724.78125
3330.916331015739,72718.484375
3330.9177198802468,72700.5546875
3330.9191087449867,72708.6484375
3330.920497609494,72748.8828125
3330.9218864742343,72653.125
3330.923275338741,72726.6484375
3330.924664203482,72684.84375
3330.926053067989,72723.28125
3330.927441932729,72651.203125
3330.928830797469,72705.34375
3330.930219661976,72634.2578125
3330.9316085267164,72644.1796875
3330.932997391223,72732.0234375
3330.934386255964,72749.703125
3330.935775120704,72678.328125
3330.937163985211,72701.0078125
3330.938552849951,72643.5
3330.939941714692,72714.5078125
3330.9413305791986,72647.921875
3330.942719443939,72688.4140625
3330.9441083086795,72646.3515625
3330.945497173419,72719.40625
3330.9468860379266,72708.1953125
3330.948274902667,72754.921875
3330.949663767407,72686.5546875
3330.951052631914,72681.1875
3330.952441496654,72687.171875
3330.953830361393,72625.734375
3330.955219226133,72717.0859375
3330.956608090874,72721.59375
3330.9579969553806,72692.4609375
3330.959385820121,72696.0546875
3330.960774684861,72701.109375
3330.962163549601,72680.703125
3330.9635524143414,72716.25
3330.964941279082,72587.71875
3330.966330143822,72762.609375
3330.9677190085617,72740.8046875
3330.96910787307,72723.0078125
3330.970496737809,72747.203125
3330.971885602549,72755.546875
3330.9732744672892,72711.0703125
3330.9746633320296,72762.3203125
3330.9760521967696,72683.078125
3330.9774410615096,72714.296875
3330.97882992625,72724.03125
3330.9802187909895,72707.8828125
3330.9816076557304,72704.46875
3330.9829965204704,72686.0
3330.9843853852103,72630.203125
3330.9857742499507,72731.4609375
3330.987163114691,72719.9921875
3330.9885519794307,72716.0234375
3330.989940844171,72704.7421875
3330.9913297089115,72745.09375
3330.992718573884,72742.046875
3330.9941074386243,72668.25
3330.9954963033647,72653.4140625
3330.9968851681047,72652.1328125
3330.9982740328446,72631.6796875
3330.9996628975855,72715.5234375
3331.0010517623246,72762.0859375
3331.0024406272983,72727.7109375
3331.003829492038,72734.6796875
3331.005218356778,72658.1484375
3331.0066072215186,72659.671875
3331.007996086259,72688.859375
3331.009384951231,72712.65625
3331.0107738159704,72754.375
3331.012162680711,72692.6484375
3331.013551545451,72631.171875
3331.014940410423,72705.2734375
3331.0163292751636,72597.4453125
3331.0177181399035,72668.703125
3331.0191070048763,72780.875
3331.0204958696168,72688.390625
3331.021884734357,72699.6328125
3331.02327359933,72727.3515625
3331.02466246407,72681.96875
3331.026051328811,72705.8046875
3331.0274401937827,72720.5859375
3331.0288290585236,72679.5
3331.0302179232635,72674.8203125
3331.0316067882363,72690.4609375
3331.0329956529768,72638.6328125
3331.03438451795,72682.1484375
3331.0357733826895,72657.5
3331.0371622476628,72721.578125
3331.038551112403,72745.8359375
3331.0399399773755,72659.7265625
3331.0413288421164,72648.375
3331.0427177068564,72736.0234375
3331.044106571829,72703.2578125
3331.045495436802,72642.2109375
3331.046884301543,72759.546875
3331.048273166515,72731.3046875
3331.0496620312556,72699.28125
3331.0510508962284,72673.9765625
3331.0524397609684,72734.2578125
3331.053828625941,72743.015625
3331.055217490681,72717.9140625
3331.056606355655,72662.7578125
3331.0579952206267,72745.1796875
3331.0593840853676,72721.3515625
3331.0607729503404,72733.9609375
3331.062161815313,72771.6796875
3331.0635506800536,72681.703125
3331.064939545027,72711.9375
3331.0663284099987,72708.9453125
3331.0677172747382,72744.7890625
3331.0691061397115,72734.6015625
3331.0704950046843,72726.7109375
3331.071883869657,72812.5546875
3331.073272734398,72731.5859375
3331.07466159937,72758.7421875
3331.0760504643436,72733.3515625
3331.0774393293163,72736.34375
3331.0788281940563,72660.6953125
3331.0802170590296,72625.71875
3331.081605924003,72731.8515625
3331.0829947889756,72676.0390625
3331.0843836539484,72673.5
3331.0857725189217,72750.765625
3331.087161383661,72647.8671875
3331.088550248635,72738.8046875
3331.0899391136077,72582.4921875
3331.0913279785805,72700.15625
3331.0927168435533,72595.6015625
3331.094105708527,72712.1875
3331.0954945734993,72729.359375
3331.0968834384717,72719.515625
3331.0982723034454,72562.75
3331.099661168418,72725.875
3331.101050033391,72716.03125
3331.1024388983637,72707.015625
3331.1038277633374,72663.1171875
3331.10521662831,72740.8828125
3331.106605493283,72765.296875
3331.107994358256,72780.4921875
3331.1093832232286,72820.578125
3331.110772088202,72757.5390625
3331.112160953175,72733.59375
3331.113549818148,72681.4921875
3331.1149386831207,72688.7578125
3331.1163275480944,72810.296875
3331.1177164130663,72763.0703125
3331.11910527804,72731.484375
3331.120494143013,72782.34375
3331.1218830082175,72670.59375
3331.1232718731903,72744.03125
3331.124660738163,72726.3828125
3331.126049603136,72708.375
3331.127438468109,72661.84375
3331.1288273330824,72739.6484375
3331.130216198288,72685.9921875
3331.131605063261,72694.4765625
3331.132993928234,72626.1015625
3331.1343827932064,72709.46875
3331.135771658412,72712.5546875
3331.1371605233853,72731.2109375
3331.1385493883586,72701.8046875
3331.1399382533314,72642.8984375
3331.141327118537,72684.75
3331.1427159835102,72825.0703125
3331.1441048484826,72621.5703125
3331.145493713689,72745.7421875
3331.146882578662,72658.21875
3331.1482714436347,72644.2109375
3331.1496603088403,72751.8203125
3331.151049173814,72667.84375
3331.1524380387864,72682.7578125
3331.1538269039925,72711.4140625
3331.1552157689657,72617.6875
3331.156604634171,72725.546875
3331.157993499144,72671.53125
3331.15938236435,72650.1796875
3331.160771229323,72693.2890625
3331.162160094296,72742.8125
3331.1635489595024,72661.078125
3331.1649378244742,72750.84375
3331.166326689681,72588.7109375
3331.1677155546536,72716.7578125
3331.169104419859,72661.9375
3331.1704932850653,72721.3671875
3331.1718821500385,72697.6953125
3331.173271015244,72616.953125
3331.174659880217,72639.0390625
3331.176048745423,72592.890625
3331.1774376103954,72672.9921875
3331.1788264756,72772.1953125
3331.1802153408057,72708.4296875
3331.1816042057785,72675.921875
3331.182993070984,72625.6875
3331.18438193619,72681.3828125
3331.1857708011635,72671.875
3331.187159666369,72634.7734375
3331.1885485315747,72690.421875
3331.189937396548,72699.4453125
3331.191326261753,72657.2109375
3331.1927151269597,72706.015625
3331.1941039919325,72648.734375
3331.195492857138,72644.0625
3331.196881722344,72706.8671875
3331.1982705875503,72619.984375
3331.1996594525226,72708.15625
3331.2010483177287,72629.984375
3331.202437182935,72652.75
3331.20382604814,72715.2421875
3331.205214913346,72636.7265625
3331.2066037783193,72669.2109375
3331.207992643525,72626.2578125
3331.2093815087305,72623.078125
3331.210770373937,72724.671875
3331.2121592391422,72647.0546875
3331.2135481043483,72714.75
3331.214936969554,72648.28125
3331.2163258347596,72644.0078125
3331.2177146997324,72673.0625
3331.219103564938,72583.9375
3331.2204924301445,72737.5078125
3331.2218812953492,72709.625
3331.223270160556,72699.9296875
3331.2246590257614,72660.2109375
3331.226047890967,72709.921875
3331.227436756173,72689.15625
3331.228825621379,72649.0546875
3331.2302144865844,72691.984375
3331.2316033517905,72647.1953125
3331.2329922169965,72693.0859375
3331.2343810822013,72600.84375
3331.2357699474064,72676.7109375
3331.237158812846,72613.765625
3331.2385476780505,72721.90625
3331.239936543257,72713.203125
3331.2413254084627,72633.09375
3331.2427142736683,72717.4609375
3331.2441031388744,72669.7734375
3331.2454920040805,72670.5625
3331.2468808692856,72688.296875
3331.2482697347245,72643.3515625
3331.2496585999306,72655.1640625
3331.251047465136,72656.6953125
3331.2524363303423,72695.015625
3331.253825195548,72647.671875
3331.2552140609864,72635.75
3331.2566029261916,72691.78125
3331.2579917913977,72714.28125
3331.2593806566038,72652.1796875
3331.2607695220418,72645.2109375
3331.262158387248,72651.75
3331.263547252454,72647.6015625
3331.2649361178924,72677.4296875
3331.266324983098,72645.203125
3331.2677138483045,72614.0625
3331.2691027135093,72737.4140625
3331.2704915789486,72677.921875
3331.2718804441542,72741.7890625
3331.2732693095927,72598.15625
3331.274658174799,72687.4765625
3331.276047040005,72758.0703125
3331.2774359054433,72715.484375
3331.278824770649,72693.453125
3331.280213636088,72610.046875
3331.281602501293,72699.9140625
3331.2829913667324,72614.765625
3331.284380231938,72634.734375
3331.2857690971437,72702.140625
3331.287157962582,72712.140625
3331.2885468277887,72651.7890625
3331.2899356932267,72694.2890625
3331.291324558432,72702.6953125
3331.2927134238703,72602.984375
3331.2941022893087,72738.0625
3331.2954911545135,72619.578125
3331.296880019953,72616.21875
3331.2982688851584,72718.9453125
3331.299657750597,72691.140625
3331.301046615803,72665.703125
3331.302435481242,72653.5390625
3331.30382434668,72637.828125
3331.305213211886,72678.8203125
3331.306602077325,72665.0625
3331.307990942763,72648.609375
3331.3093798079694,72660.5859375
3331.310768673408,72697.3984375
3331.3121575388463,72681.15625
3331.313546404052,72723.140625
3331.3149352694913,72657.71875
3331.3163241349293,72652.7265625
3331.3177130003683,72660.3984375
3331.319101865574,72645.4765625
3331.3204907310123,72525.0234375
3331.3218795964513,72639.78125
3331.32326846189,72718.921875
3331.324657327096,72709.0
3331.3260461925342,72713.53125
3331.3274350579736,72586.5546875
3331.328823923411,72612.109375
3331.3302127888505,72678.390625
3331.331601654289,72661.0390625
3331.3329905194946,72620.796875
3331.334379384933,72613.703125
3331.3357682503715,72624.6875
3331.3371571158104,72695.7421875
3331.3385459812484,72659.2890625
3331.339934846688,72625.625
3331.3413237121263,72598.828125
3331.3427125775647,72615.015625
3331.344101443003,72642.75
3331.3454903084425,72723.5078125
3331.3468791738806,72704.953125
3331.3482680393186,72692.875
3331.349656904757,72698.546875
3331.3510457701955,72666.0078125
3331.352434635634,72668.6640625
3331.353823501073,72579.0078125
3331.355212366511,72626.8828125
3331.35660123195,72681.8515625
3331.3579900973887,72657.546875
3331.359378962827,72702.3828125
3331.3607678282656,72619.640625
3331.362156693705,72679.0390625
3331.363545559143,72635.0546875
3331.3649344248147,72557.46875
3331.3663232902536,72653.1015625
3331.3677121556916,72650.0078125
3331.3691010211305,72566.1484375
3331.3704898865694,72689.2421875
3331.371878752008,72663.9453125
3331.3732676176787,72670.6015625
3331.3746564831176,72633.875
3331.376045348556,72660.5078125
3331.3774342139945,72673.15625
3331.3788230794335,72654.0859375
3331.380211945105,72658.0
3331.3816008105437,72635.4765625
3331.382989675982,72701.7109375
3331.3843785416543,72598.65625
3331.385767407092,72587.7734375
3331.3871562725312,72572.8828125
3331.3885451382025,72607.2109375
3331.389934003641,72639.4453125
3331.39132286908,72607.0078125
3331.3927117347516,72656.453125
3331.3941006001896,72645.8359375
3331.3954894656285,72668.5234375
3331.3968783313003,72668.9921875
3331.3982671967383,72612.484375
3331.39965606241,72682.4140625
3331.401044927849,72527.6328125
3331.4024337932874,72634.34375
3331.4038226589582,72612.296875
3331.4052115243962,72609.0546875
3331.4066003900675,72517.90625
3331.4079892555064,72673.2421875
3331.409378121178,72651.984375
3331.410766986616,72647.2734375
3331.412155852287,72611.9609375
3331.4135447177264,72647.2734375
3331.4149335833977,72617.25
3331.416322448836,72677.0390625
3331.4177113145074,72635.671875
3331.4191001801796,72603.765625
3331.4204890456176,72670.34375
3331.4218779112894,72595.1328125
3331.4232667767283,72588.171875
3331.424655642399,72610.28125
3331.426044508071,72636.265625
3331.4274333735098,72573.125
3331.428822239181,72528.9375
3331.4302111048523,72556.75
3331.4315999702917,72647.9140625
3331.432988835962,72583.625
3331.4343777016343,72591.671875
3331.4357665670727,72628.7109375
3331.437155432744,72544.078125
3331.4385442984158,72570.03125
3331.4399331640875,72641.4453125
3331.441322029526,72613.5546875
3331.4427108951973,72638.78125
3331.444099760869,72591.0078125
3331.44548862654,72626.7578125
3331.446877491979,72684.625
3331.4482663576505,72575.953125
3331.4496552233218,72660.8046875
3331.4510440889926,72617.6328125
3331.4524329546643,72534.0703125
3331.453821820336,72638.5078125
3331.455210686007,72633.7734375
3331.456599551446,72535.75
3331.4579884171176,72582.1015625
3331.459377282789,72631.578125
3331.4607661484597,72663.65625
3331.4621550141305,72508.3671875
3331.463543879802,72584.515625
3331.4649327454736,72539.390625
3331.4663216111453,72585.328125
3331.467710476816,72681.5078125
3331.469099342488,72628.25
3331.4704882081596,72548.8515625
3331.4718770738305,72664.84375
3331.473265939502,72506.484375
3331.474654805174,72621.9140625
3331.4760436708452,72549.7421875
3331.4774325365165,72612.125
3331.4788214021887,72563.171875
3331.4802102678595,72599.9296875
3331.4815991335313,72576.8125
3331.4829879994354,72537.1484375
3331.4843768651067,72622.8203125
3331.4857657307784,72486.71875
3331.48715459645,72642.3984375
3331.4885434621215,72594.421875
3331.489932327792,72645.6953125
3331.491321193464,72631.546875
3331.492710059368,72606.3359375
3331.4940989250395,72630.6328125
3331.495487790711,72563.8359375
3331.496876656383,72613.375
3331.4982655220538,72576.6484375
3331.4996543879583,72566.515625
3331.50104325363,72605.3046875
3331.502432119301,72536.28125
3331.503820984973,72667.9140625
3331.5052098508772,72556.296875
3331.5065987165485,72530.6796875
3331.50798758222,72597.1328125
3331.509376448125,72605.6484375
3331.5107653137957,72586.796875
3331.5121541794674,72639.5546875
3331.5135430453715,72616.7421875
3331.514931911043,72610.2421875
3331.516320776947,72541.5390625
3331.517709642618,72564.4296875
3331.5190985082886,72594.03125
3331.5204873741936,72574.5390625
3331.521876239865,72644.1171875
3331.523265105769,72597.6640625
3331.5246539714403,72522.34375
3331.5260428373454,72572.34375
3331.527431703016,72605.7265625
3331.52882056892,72589.359375
3331.5302094345916,72596.8828125
3331.531598300496,72622.2578125
3331.5329871661675,72662.03125
3331.5343760320716,72597.1640625
3331.535764897744,72647.921875
3331.537153763647,72616.1953125
3331.538542629319,72595.703125
3331.5399314952233,72598.4296875
3331.5413203608946,72544.375
3331.542709226799,72637.453125
3331.5440980927037,72605.1328125
3331.545486958375,72677.03125
3331.546875824279,72586.046875
3331.5482646901837,72567.6171875
3331.5496535558545,72568.3046875
3331.5510424217596,72591.7734375
3331.5524312876637,72594.7421875
3331.553820153335,72607.1640625
3331.555209019239,72616.1484375
3331.556597885144,72621.9453125
3331.557986750815,72544.484375
3331.5593756167195,72591.9140625
3331.560764482624,72679.34375
3331.5621533485278,72621.578125
3331.5635422144323,72576.6015625
3331.564931080104,72632.25
3331.566319946008,72614.0390625
3331.567708811912,72648.3984375
3331.5690976778164,72592.8203125
3331.5704865437206,72576.03125
3331.571875409392,72661.4921875
3331.573264275296,72602.375
3331.5746531411996,72643.34375
3331.5760420071033,72563.390625
3331.5774308730083,72605.1328125
3331.5788197389124,72604.09375
3331.5802086048166,72604.6796875
3331.5815974707207,72545.34375
3331.5829863366257,72590.9453125
3331.5843752025294,72591.71875
3331.585764068434,72641.875
3331.587152934338,72553.5703125
3331.5885418000094,72604.140625
3331.589930665914,72620.484375
3331.5913195320513,72592.75
3331.5927083979554,72593.71875
3331.5940972638596,72596.3984375
3331.5954861297646,72618.75
3331.596874995668,72575.3515625
3331.598263861573,72625.8984375
3331.599652727477,72613.28125
3331.601041593381,72613.0078125
3331.6024304592856,72584.140625
3331.60381932519,72615.6640625
3331.605208191094,72620.3359375
3331.6065970569975,72592.03125
3331.6079859231354,72587.0859375
3331.6093747890395,72606.890625
3331.6107636549436,72621.765625
3331.6121525208478,72576.390625
3331.613541386753,72630.59375
3331.6149302526564,72621.7421875
3331.616319118794,72588.1796875
3331.6177079846984,72592.8671875
3331.619096850602,72606.8203125
3331.6204857165067,72614.6953125
3331.621874582644,72577.8984375
3331.623263448548,72606.2421875
3331.6246523144523,72597.6015625
3331.62604118059,72611.5703125
3331.6274300464934,72538.875
3331.6288189123984,72597.4375
3331.630207778535,72559.2734375
3331.631596644438,72571.3671875
3331.6329855103427,72561.8828125
3331.63437437648,72594.2890625
3331.6357632423837,72593.8046875
3331.6371521082883,72613.1640625
3331.6385409744257,72543.6953125
3331.63992984033,72626.171875
3331.6413187064663,72532.5078125
3331.642707572371,72476.171875
3331.644096438508,72574.609375
3331.645485304412,72578.390625
3331.6468741703166,72437.8203125
3331.648263036454,72548.2265625
3331.649651902358,72566.6484375
3331.651040768495,72579.796875
3331.6524296344,72640.7734375
3331.653818500536,72544.1484375
3331.655207366674,72558.1171875
3331.656596232578,72550.2265625
3331.657985098715,72572.625
3331.6593739646196,72506.34375
3331.660762830757,72556.9609375
3331.6621516966607,72478.71875
3331.663540562798,72525.8046875
3331.6649294289355,72594.4609375
3331.666318294839,72512.5234375
3331.6677071609765,72479.5703125
3331.669096027114,72571.859375
3331.670484893018,72491.96875
3331.671873759155,72533.171875
3331.673262625293,72539.96875
3331.6746514911965,72627.3125
3331.676040357334,72581.7578125
3331.677429223471,72496.8515625
3331.678818089608,72502.40625
3331.680206955512,72528.0390625
3331.681595821649,72560.78125
3331.6829846877868,72623.0390625
3331.684373553923,72482.078125
3331.6857624200597,72558.71875
3331.687151285964,72522.9453125
3331.6885401521004,72529.2109375
3331.6899290182378,72535.765625
3331.691317884375,72539.0234375
3331.6927067505117,72523.25
3331.694095616649,72521.2421875
3331.6954844827865,72454.6953125
3331.6968733486906,72516.8125
3331.6982622148275,72468.96875
3331.6996510809654,72547.671875
3331.7010399471014,72466.078125
3331.7024288132393,72519.5703125
3331.7038176793762,72484.0
3331.705206545513,72586.0390625
3331.7065954116506,72452.46875
3331.707984277788,72461.1796875
3331.709373143925,72528.1171875
3331.710762010062,72487.71875
3331.7121508761993,72468.328125
3331.713539742336,72523.921875
3331.7149286084737,72494.421875
3331.7163174746106,72390.828125
3331.7177063407476,72490.0078125
3331.719095206884,72362.515625
3331.7204840730215,72325.7109375
3331.7218729393917,72104.4609375
3331.723261805528,71948.4375
3331.7246506716656,71809.828125
3331.726039537803,71487.4921875
3331.72742840394,71279.4140625
3331.728817270077,70970.109375
3331.7302061362147,70626.8125
3331.731595002584,70262.515625
3331.7329838687215,69848.171875
3331.7343727348584,69461.546875
3331.7357616009954,69120.28125
3331.7371504673656,68621.9921875
3331.738539333503,68188.828125
3331.73992819964,67778.015625
3331.741317065777,67283.328125
3331.7427059321467,66855.2890625
3331.7440947982827,66261.890625
3331.7454836644197,65809.8828125
3331.7468725305575,65259.95703125
3331.748261396927,64841.8984375
3331.7496502630643,64277.23046875
3331.751039129434,63656.12890625
3331.752427995571,63137.1015625
3331.753816861708,62524.375
3331.7552057280777,62039.34765625
3331.7565945942156,61390.8203125
3331.7579834603516,60801.4453125
3331.7593723267223,60233.71875
3331.7607611928593,59614.19921875
3331.762150059229,58992.3046875
3331.7635389253664,58379.515625
3331.7649277917367,57780.375
3331.7677055242434,56513.65234375
3331.769094390381,55876.92578125
3331.77048325675,55171.25
3331.771872122888,54614.2578125
3331.773260989258,54003.00390625
3331.7746498553947,53403.75
3331.7760387217645,52746.54296875
3331.7774275879024,52073.90625
3331.7788164542717,51460.046875
3331.780205320642,50841.50390625
3331.781594186779,50186.484375
3331.7829830531487,49658.91796875
3331.784371919519,49018.43359375
3331.7857607856563,48469.9609375
3331.788538518396,47276.18359375
3331.7899273845337,46696.46484375
3331.7913162509026,46193.72265625
3331.7927051172724,45691.08984375
3331.7940939834098,45206.28515625
3331.79548284978,44693.3828125
3331.79687171615,44217.8828125
3331.7982605825187,43808.9921875
3331.7996494486556,43383.2265625
3331.8010383150254,42954.1015625
3331.802427181395,42598.640625
3331.803816047766,42241.76171875
3331.805204913902,42031.57421875
3331.8065937802726,41767.8671875
3331.8079826466424,41432.92578125
3331.809371513012,41283.7421875
3331.8107603793824,41140.71875
3331.8121492457526,41046.421875
3331.8135381121224,40945.5078125
3331.814926978492,40933.46875
3331.8163158446296,40918.2265625
3331.817704710999,41040.2734375
3331.8190935773696,41107.80078125
3331.8204824437394,41300.44921875
3331.821871310109,41407.6484375
3331.823260176479,41627.01953125
3331.8246490428496,41932.7578125
3331.826037909219,42249.71484375
3331.8274267755883,42524.9296875
3331.828815641959,42840.71875
3331.8302045083287,43245.20703125
3331.8315933746985,43696.43359375
3331.8329822410683,44148.09375
3331.834371107439,44471.63671875
3331.8357599738083,45091.26171875
3331.8371488401785,45536.22265625
3331.838537706781,46096.84375
3331.839926573151,46609.06640625
3331.841315439521,47157.80859375
3331.8427043058914,47714.87890625
3331.844093172261,48296.8125
3331.845482038631,48850.92578125
3331.8482597716034,50101.640625
3331.849648637974,50642.44140625
3331.8524263707136,51934.6484375
3331.853815237084,52550.8984375
3331.855204103686,53127.35546875
3331.857981836425,54436.20703125
3331.8593707027953,55101.4453125
3331.862148435767,56266.5625
3331.86492616874,57652.8203125
3331.86631503511,58203.109375
3331.86770390148,58767.5078125
3331.870481634453,60003.046875
3331.8718705008228,60648.66015625
3331.873259367426,61232.5859375
3331.874648233795,61800.13671875
3331.8760371003987,62287.44140625
3331.878814833138,63433.953125
3331.880203699741,63979.53125
3331.8815925661115,64581.85546875
3331.8829814327137,65064.84765625
3331.884370299084,65638.0546875
3331.885759165687,66110.578125
3331.8871480320563,66689.90625
3331.8885368986594,67097.78125
3331.8899257650296,67566.90625
3331.891314631632,68097.2890625
3331.892703498002,68462.3671875
3331.8940923646055,68875.9765625
3331.895481231207,69268.484375
3331.896870097578,69685.125
3331.8982589641805,70003.109375
3331.8996478305503,70429.9375
3331.901036697153,70736.25
3331.9024255637555,71001.40625
3331.903814430126,71247.6484375
3331.905203296728,71608.625
3331.9065921633314,71806.7265625
3331.907981029701,71992.0390625
3331.909369896304,72222.3125
3331.910758762907,72360.140625
3331.912147629276,72355.1484375
3331.913536495878,72350.4453125
3331.914925362481,72348.9140625
3331.916314229084,72402.21875
3331.9177030956866,72395.46875
3331.9190919620564,72401.4765625
3331.92048082866,72357.453125
3331.9218696952616,72409.3984375
3331.923258561865,72319.234375
3331.924647428468,72453.8828125
3331.9260362948376,72471.7265625
3331.9274251614406,72431.921875
3331.9288140280437,72422.1875
3331.930202894646,72323.0703125
3331.931591761249,72378.3125
3331.932980627852,72413.609375
3331.934369494454,72401.6484375
3331.9357583610567,72429.890625
3331.9371472276594,72323.9765625
3331.93853609403,72466.921875
3331.939924960632,72402.234375
3331.9413138272353,72462.78125
3331.9427026938383,72429.3125
3331.9440915604405,72407.390625
3331.9454804270435,72473.390625
3331.9468692936466,72458.8515625
3331.948258160249,72449.8984375
3331.949647026852,72418.328125
3331.951035893688,72416.09375
3331.95242476029,72378.796875
3331.9538136268934,72446.7890625
3331.955202493496,72341.515625
3331.9565913600986,72497.21875
3331.9579802267017,72464.7421875
3331.9593690933048,72426.1953125
3331.9607579599074,72389.5234375
3331.96214682651,72330.6328125
3331.963535693346,72477.53125
3331.964924559948,72378.8828125
3331.9663134265516,72419.8671875
3331.9677022931537,72444.8671875
3331.969091159755,72464.8359375
3331.9704800265904,72455.09375
3331.9718688931935,72419.8359375
3331.9732577597965,72423.453125
3331.974646626399,72440.453125
3331.9760354932346,72448.078125
3331.977424359838,72424.6796875
3331.97881322644,72451.5546875
3331.9802020930433,72466.3671875
3331.9815909598788,72451.6171875
3331.9829798264814,72385.9765625
3331.9843686930844,72413.640625
3331.9857575599203,72467.1484375
3331.9871464265225,72496.4375
3331.9885352931256,72418.140625
3331.9899241599614,72413.3359375
3331.9913130265636,72448.3125
3331.9927018933995,72470.6875
3331.9940907600026,72465.3046875
3331.995479626838,72440.1171875
3331.9968684934406,72502.1328125
3331.998257360044,72531.625
3331.999646226879,72493.40625
3332.001035093482,72438.3046875
3332.0024239603176,72492.859375
3332.0038128269202,72512.296875
3332.005201693756,72467.84375
3332.006590560359,72543.25
3332.0079794271946,72404.09375
3332.009368294029,72530.125
3332.0107571606327,72490.71875
3332.012146027468,72453.1640625
3332.0135348940707,72501.609375
3332.0149237609066,72442.2421875
3332.0163126275097,72501.3671875
3332.017701494345,72522.15625
3332.0190903611806,72608.5234375
3332.0204792277837,72516.6484375
3332.0218680946186,72440.671875
3332.023256961455,72476.4375
3332.024645828057,72505.9375
3332.026034694891,72563.296875
3332.0274235617276,72602.6484375
3332.028812428563,72568.4140625
3332.0302012951656,72557.609375
3332.0315901620015,72428.703125
3332.0329790288374,72500.7265625
3332.0343678956724,72547.8515625
3332.0357567622755,72541.5078125
3332.0371456291114,72562.2421875
3332.0385344959464,72583.703125
3332.0399233627827,72537.03125
3332.041312229618,72654.6953125
3332.0427010962208,72635.140625
3332.0440899630557,72530.3828125
3332.0454788298916,72515.484375
3332.0468676967275,72615.3046875
3332.0482565635625,72570.0859375
3332.0496454303984,72620.4453125
3332.0510342972343,72630.46875
3332.0524231640698,72577.375
3332.053812030905,72618.6484375
3332.0552008975087,72632.2890625
3332.0565897643437,72671.6015625
3332.0579786311796,72696.4453125
3332.059367498015,72657.125
3332.0607563648505,72711.9765625
3332.0621452316864,72671.171875
3332.0635340985223,72730.5625
3332.0649229653577,72731.8203125
3332.066311832193,72674.921875
3332.067700699262,72775.71875
3332.069089566097,72726.5703125
3332.070478432933,72710.2578125
3332.0718672997687,72701.046875
3332.073256166604,72720.8046875
3332.07464503344,72813.0859375
3332.076033900276,72799.2578125
3332.077422767111,72818.8203125
3332.078811633946,72775.484375
3332.080200501014,72783.90625
3332.0815893678496,72743.2734375
3332.082978234684,72876.4765625
3332.0843671015205,72844.203125
3332.085755968356,72890.6640625
3332.087144835424,72818.25
3332.08853370226,72781.828125
3332.089922569096,72836.96875
3332.091311435931,72798.0625
3332.0927003029997,72846.5625
3332.0940891698356,72834.578125
3332.0954780366706,72856.90625
3332.096866903507,72909.84375
3332.098255770575,72805.8515625
3332.0996446374106,72820.2109375
3332.101033504246,72895.109375
3332.1024223713152,72858.671875
3332.1038112381502,72851.1640625
3332.105200105219,72966.8828125
3332.1065889720544,72847.6953125
3332.10797783889,72881.3203125
3332.1093667059586,72888.5703125
3332.1107555727945,72891.5859375
3332.1121444398627,72938.6015625
3332.1135333066977,72985.8515625
3332.1149221737664,72948.921875
3332.116311040602,73000.1875
3332.1176999074373,72924.4296875
3332.119088774506,73015.8203125
3332.120477641342,72924.5859375
3332.12186650841,72929.875
3332.1232553754785,73027.0859375
3332.1246442423144,73018.03125
3332.126033109382,73018.6328125
3332.1274219762186,73033.1796875
3332.128810843287,73013.4296875
3332.1301997101223,73002.28125
3332.131588577191,73094.421875
3332.1329774442597,73012.5703125
3332.1343663110947,72971.9453125
3332.1357551781634,72956.34375
3332.1371440452317,73078.4296875
3332.1385329120662,73003.5
3332.1399217791345,73068.921875
3332.1413106462032,73094.7734375
3332.142699513038,73044.8515625
3332.1440883801074,73069.984375
3332.1454772471757,73073.1875
3332.146866114011,73146.59375
3332.148254981079,73112.6171875
3332.1496438481477,73099.4453125
3332.1510327152164,73107.8828125
3332.152421582284,73174.875
3332.1538104491206,73115.7890625
3332.155199316189,73127.25
3332.156588183257,73146.5390625
3332.1579770503254,73188.5078125
3332.1593659173946,73160.046875
3332.1607547842295,73213.765625
3332.1621436512983,73188.2734375
3332.1635325183665,73166.5390625
3332.164921385435,73177.0703125
3332.1663102525035,73134.9140625
3332.1676991195723,73223.5
3332.1690879866405,73241.6640625
3332.170476853709,73203.2421875
3332.171865720778,73098.3671875
3332.1732545878453,73256.8203125
3332.1746434549145,73178.40625
3332.176032321983,73244.3828125
3332.177421189051,73104.96875
3332.17881005612,73280.390625
3332.1801989231885,73225.65625
3332.1815877902563,73211.1328125
3332.182976657324,73168.7421875
3332.1843655243933,73256.5234375
3332.1857543914616,73235.203125
3332.18714325853,73195.78125
3332.1885321255986,73121.921875
3332.1899209926673,73244.09375
3332.191309859735,73262.6171875
3332.1926987270367,73216.0859375
3332.194087594105,73178.7578125
3332.1954764611723,73179.171875
3332.1968653282406,73256.8515625
3332.1982541953093,73253.90625
3332.199643062377,73231.921875
3332.201031929679,73246.8359375
3332.2024207967474,73219.28125
3332.2038096638157,73256.2265625
3332.205198530884,73196.671875
3332.206587398186,73235.09375
3332.207976265254,73197.453125
3332.2093651323225,73289.8515625
3332.2107539993913,73263.6328125
3332.212142866692,73254.1484375
3332.2135317337606,73202.90625
3332.2149206008294,73217.0546875
3332.2163094681305,73183.03125
3332.2176983351983,73271.9453125
3332.219087202267,73248.5390625
3332.220476069568,73209.3828125
3332.2218649366364,73225.484375
3332.223253803938,73210.640625
3332.2246426710067,73175.796875
3332.226031538075,73215.6328125
3332.227420405376,73217.6875
3332.2288092724452,73209.21875
3332.2301981397454,73155.9375
3332.2315870068146,73162.875
3332.2329758741157,73195.3515625
3332.234364741184,73162.65625
3332.2357536084855,73203.171875
3332.2371424755543,73141.4609375
3332.238531342855,73161.1953125
3332.2399202099236,73202.90625
3332.241309077225,73118.3515625
3332.242697944293,73117.015625
3332.244086811595,73112.6171875
3332.245475678896,73177.0390625
3332.2468645459644,73152.46875
3332.2482534132655,73116.1171875
3332.249642280334,73150.9609375
3332.251031147634,73045.78125
3332.252420014935,73109.734375
3332.2538088820033,73143.3671875
3332.255197749305,73101.984375
3332.2565866166055,73097.171875
3332.2579754836747,73102.453125
3332.259364350976,73021.4453125
3332.260753218277,73097.6796875
3332.262142085578,73082.625
3332.263530952647,73061.5078125
3332.264919819948,73067.453125
3332.2663086872494,72994.2578125
3332.267697554551,72994.1015625
3332.269086421619,73053.2421875
3332.2704752889204,73134.3125
3332.271864156222,72925.25
3332.273253023523,72915.6328125
3332.274641890824,72948.640625
3332.276030758126,72940.5234375
3332.2774196251935,73006.203125
3332.2788084924955,72901.9375
3332.2801973597966,72959.0390625
3332.2815862270977,72886.8515625
3332.2829750943993,72823.671875
3332.284363961701,72910.671875
3332.285752829002,72882.140625
3332.287141696302,72858.2734375
3332.288530563604,72914.5
3332.2899194309052,72885.59375
3332.2913082982063,72870.8671875
3332.292697165508,72829.234375
3332.2940860328094,72900.7734375
3332.29547490011,72878.71875
3332.2968637674117,72723.171875
3332.298252634713,72855.34375
3332.299641502014,72861.875
3332.301030369316,72797.21875
3332.302419236617,72845.0703125
3332.303808103918,72817.6171875
3332.305196971219,72839.546875
3332.306585838753,72832.7890625
3332.3079747060533,72736.796875
3332.309363573355,72671.1484375
3332.3107524406564,72755.7109375
3332.312141307957,72674.25
3332.3135301752586,72747.6875
3332.314919042793,72639.6328125
3332.3163079100937,72675.4375
3332.317696777395,72738.109375
3332.3190856446968,72705.6796875
3332.320474511998,72639.5703125
3332.3218633795314,72774.0546875
3332.323252246833,72724.8984375
3332.3246411141345,72648.921875
3332.326029981668,72689.6796875
3332.3274188489695,72640.2265625
3332.328807716271,72610.71875
3332.330196583572,72662.234375
3332.331585451106,72672.8046875
3332.332974318408,72617.1953125
3332.334363185941,72650.9296875
3332.335752053243,72699.6875
3332.3371409205442,72599.5078125
3332.338529788078,72566.0703125
3332.3399186553797,72656.9140625
3332.341307522914,72561.34375
3332.342696390215,72539.84375
3332.3440852575163,72554.1796875
3332.3454741250507,72611.8125
3332.3468629923514,72517.0859375
3332.348251859886,72556.40625
3332.3496407271873,72566.4375
3332.3510295947212,72555.25
3332.352418462022,72604.3515625
3332.3538073295563,72537.6953125
3332.355196196858,72496.4296875
3332.3565850643913,72609.46875
3332.357973931926,72570.34375
3332.3593627992273,72528.140625
3332.360751666761,72558.8515625
3332.362140534062,72482.7734375
3332.3635294015953,72444.3203125
3332.3649182691292,72491.7734375
3332.366307136431,72503.375
3332.367696003965,72478.5859375
3332.3690848714987,72480.9375
3332.3704737388002,72441.375
3332.3718626063346,72576.4453125
3332.373251473868,72499.90625
3332.3746403411697,72485.5078125
3332.376029208704,72429.0
3332.377418076238,72469.7734375
3332.378806943772,72482.6015625
3332.380195811074,72509.21875
3332.3815846786074,72401.0703125
3332.382973546142,72385.7890625
3332.3843624136757,72447.1875
3332.3857512812097,72388.53125
3332.3871401485108,72428.5703125
3332.3885290160447,72424.421875
3332.3899178835795,72464.28125
3332.3913067511126,72468.2265625
3332.3926956186474,72465.984375
3332.3940844861813,72414.109375
3332.3954733537153,72328.71875
3332.3968622212496,72344.2578125
3332.398251088551,72342.3046875
3332.399639956085,72310.375
3332.401028823619,72287.015625
3332.4024176911535,72355.9375
3332.403806558687,72473.421875
3332.405195426222,72357.8671875
3332.4065842937557,72381.390625
3332.4079731612896,72351.25
3332.4093620288236,72409.140625
3332.4107508963584,72381.125
3332.412139763892,72450.890625
3332.4135286314263,72393.7578125
3332.4149174989607,72391.3125
3332.416306366727,72371.2578125
3332.4176952342614,72417.6640625
3332.419084101795,72381.078125
3332.420472969328,72363.90625
3332.421861836862,72316.921875
3332.423250704396,72402.4765625
3332.4246395719306,72383.4453125
3332.426028439464,72368.53125
3332.4274173072313,72392.375
3332.4288061747657,72337.90625
3332.430195042299,72324.078125
3332.4315839098335,72314.15625
3332.4329727776008,72395.7578125
3332.4343616451347,72312.921875
3332.4357505126686,72204.078125
3332.4371393802035,72080.2578125
3332.4385282479698,72019.71875
3332.439917115504,71938.984375
3332.441305983038,71724.4609375
3332.442694850572,71557.6328125
3332.4440837183392,71401.1796875
3332.4454725858736,71194.2421875
3332.4468614534076,70993.5
3332.4482503211743,70862.2421875
3332.4496391887087,70552.8671875
3332.451028056475,70335.0078125
3332.45241692401,70089.0078125
3332.453805791544,69784.71875
3332.4551946593106,69551.2578125
3332.4565835268445,69277.6484375
3332.4579723946113,69001.4609375
3332.4593612621456,68686.515625
3332.460750129912,68464.453125
3332.462138997447,68151.9296875
3332.4635278652136,67867.984375
3332.4649167327475,67500.3359375
3332.4663056005143,67196.1875
3332.467694468049,66906.7734375
3332.4690833358154,66511.265625
3332.47047220335,66188.7109375
3332.4718610711166,65798.2109375
3332.4732499386505,65535.48046875
3332.4746388064177,65170.1875
3332.476027674184,64826.61328125
3332.477416541717,64475.5
3332.4788054094847,64140.91015625
3332.4801942772515,63706.1328125
3332.4815831447854,63410.04296875
3332.482972012552,63076.3828125
3332.48436088032,62704.046875
3332.4857497478533,62422.34375
3332.4871386156196,61979.4296875
3332.488527483387,61630.87109375
3332.4899163509212,61247.38671875
3332.491305218688,60935.33203125
3332.492694086455,60652.81640625
3332.4940829542224,60187.21484375
3332.495471821756,59932.6171875
3332.496860689523,59561.54296875
3332.49824955729,59253.15234375
3332.4996384250567,58909.296875
3332.501027292824,58680.75390625
3332.5024161603583,58440.64453125
3332.503805028125,58107.23046875
3332.505193895892,57785.54296875
3332.506582763659,57611.8046875
3332.5079716314253,57359.43359375
3332.509360499193,57206.16015625
3332.5107493669598,57001.06640625
3332.5121382347265,56855.48046875
3332.5135271024938,56672.7109375
3332.514915970261,56572.15234375
3332.5163048380273,56436.03125
3332.5176937057945,56345.2421875
3332.5190825735617,56303.24609375
3332.520471441328,56353.42578125
3332.521860309095,56308.484375
3332.5232491768616,56397.49609375
3332.5246380446292,56351.55859375
3332.5260269123955,56513.00390625
3332.5274157801628,56603.7890625
3332.5288046479295,56720.890625
3332.5301935156963,56918.74609375
3332.531582383463,57103.2734375
3332.5329712512294,57230.69921875
3332.5343601189957,57463.3515625
3332.5357489867633,57733.98046875
3332.53713785453,57945.98046875
3332.5385267225297,58236.34375
3332.5399155902965,58427.03515625
3332.541304458064,58794.4609375
3332.5426933258304,59051.46875
3332.5440821935977,59448.109375
3332.5454710615973,59693.3671875
3332.546859929364,60075.421875
3332.5482487971312,60374.31640625
3332.5496376648985,60735.87890625
3332.551026532898,61113.8671875
3332.552415400665,61423.8125
3332.5538042684325,61737.5
3332.5551931361983,62153.73046875
3332.556582004198,62449.25390625
3332.557970871965,62849.8046875
3332.5593597397324,63149.96875
3332.560748607732,63530.91796875
3332.5621374754987,63858.6171875
3332.563526343499,64143.11328125
3332.564915211265,64619.91796875
3332.5663040790328,64922.0625
3332.5676929470324,65280.109375
3332.569081814799,65658.7890625
3332.5704706827987,66012.8125
3332.5718595505664,66316.6484375
3332.5732484185655,66721.7578125
3332.5746372863327,66985.09375
3332.5760261541,67248.4375
3332.577415022099,67667.6015625
3332.5788038898663,67913.140625
3332.5801927578664,68341.359375
3332.581581625866,68568.0546875
3332.5829704936327,68938.796875
3332.5843593616332,69183.625
3332.585748229399,69440.4375
3332.5871370973987,69717.3203125
3332.5885259651654,70068.0234375
3332.5899148331646,70339.921875
3332.5913037011637,70577.921875
3332.5926925689314,70694.8359375
3332.594081436931,71025.5390625
3332.5954703049306,71230.625
3332.5968591726974,71333.3515625
3332.598248040698,71487.3671875
3332.599636908697,71795.8984375
3332.601025776464,71874.1796875
3332.602414644464,72056.7890625
3332.6038035124634,72234.3671875
3332.6051923804634,72169.296875
3332.6065812482307,72381.53125
3332.6079701162303,72468.2109375
3332.60935898423,72443.2421875
3332.6107478522304,72374.96875
3332.612136719996,72462.0703125
3332.6135255879967,72494.3046875
3332.6149144559963,72452.0703125
3332.616303323996,72507.4140625
3332.617692191996,72434.671875
3332.619081059996,72433.921875
3332.620469927995,72493.1640625
3332.6218587957615,72465.9609375
3332.623247663762,72411.0703125
3332.6246365317616,72510.9765625
3332.626025399761,72519.046875
3332.6274142677607,72502.515625
3332.6288031357612,72482.71875
3332.6301920037604,72496.015625
3332.6315808717604,72461.53125
3332.6329697397605,72469.0078125
3332.6343586077596,72422.6484375
3332.6357474757597,72439.2109375
3332.6371363437597,72495.8671875
3332.6385252117593,72497.9765625
3332.639914079759,72471.8515625
3332.6413029477594,72529.03125
3332.642691815758,72524.3828125
3332.6440806837577,72546.1796875
3332.64546955199,72463.390625
3332.6468584199893,72490.203125
3332.6482472879893,72476.671875
3332.6496361559894,72526.203125
3332.6510250239885,72384.671875
3332.652413891988,72495.1953125
3332.6538027599877,72509.875
3332.655191628221,72498.6640625
3332.65658049622,72509.5859375
3332.65796936422,72501.84375
3332.65935823222,72599.734375
3332.660747100452,72573.2421875
3332.6621359684523,72484.90625
3332.6635248364523,72505.6328125
3332.664913704452,72483.9609375
3332.6663025726843,72434.4765625
3332.667691440685,72585.59375
3332.6690803086835,72464.328125
3332.670469176917,72535.8828125
3332.6718580449165,72547.484375
3332.673246912916,72555.9765625
3332.674635781149,72600.71875
3332.676024649149,72565.0078125
3332.677413517148,72530.890625
3332.678802385381,72600.0703125
3332.680191253381,72518.046875
3332.681580121613,72533.34375
3332.6829689896135,72509.6015625
3332.684357857613,72495.3984375
3332.6857467258455,72516.3671875
3332.6871355938447,72542.9921875
3332.6885244620776,72535.7734375
3332.6899133300776,72594.03125
3332.6913021983096,72519.8984375
3332.6926910663096,72497.4453125
3332.6940799345425,72595.6484375
3332.695468802775,72592.1796875
3332.6968576707745,72630.953125
3332.698246539008,72533.1796875
3332.6996354070066,72596.71875
3332.701024275239,72603.1171875
3332.7024131432386,72583.03125
3332.7038020114705,72538.109375
3332.7051908797034,72493.03125
3332.7065797477035,72591.8125
3332.7079686159354,72552.28125
3332.7093574841683,72613.734375
3332.7107463521684,72623.359375
3332.712135220401,72600.7421875
3332.713524088633,72580.359375
3332.7149129566337,72559.8984375
3332.7163018248652,72619.40625
3332.7176906930977,72578.7109375
3332.7190795613305,72523.2421875
3332.7204684293306,72600.53125
3332.721857297563,72564.0625
3332.7232461657954,72583.0
3332.724635034029,72620.078125
3332.7260239022603,72579.296875
3332.727412770261,72574.265625
3332.728801638493,72598.6796875
3332.7301905067256,72548.765625
3332.7315793749585,72522.515625
3332.7329682431914,72647.203125
3332.7343571114234,72611.21875
3332.7357459796563,72597.1953125
3332.737134847889,72657.1171875
3332.738523716121,72678.578125
3332.739912584354,72562.3125
3332.741301452354,72633.6796875
3332.7426903205865,72622.609375
3332.744079188819,72566.2109375
3332.745468057052,72536.6875
3332.746856925284,72607.0
3332.748245793516,72588.0546875
3332.749634661749,72616.0859375
3332.7510235302148,72597.90625
3332.752412398447,72609.4921875
3332.7538012666796,72593.8203125
3332.755190134913,72585.8984375
3332.7565790031445,72614.9296875
3332.757967871377,72612.3046875
3332.7593567396093,72531.9765625
3332.7607456078413,72589.71875
3332.762134476074,72583.5546875
3332.763523344307,72649.2578125
3332.764912212772,72621.125
3332.7663010810047,72571.5625
3332.7676899492376,72668.9375
3332.76907881747,72572.265625
3332.7704676857024,72611.828125
3332.7718565541686,72584.0546875
3332.7732454224,72599.8828125
3332.7746342906335,72691.28125
3332.776023158866,72606.1640625
3332.777412027331,72620.03125
3332.778800895564,72629.390625
3332.780189763797,72597.15625
3332.781578632262,72641.3046875
3332.7829675004937,72628.390625
3332.784356368727,72631.484375
3332.7857452371923,72589.328125
3332.7871341054247,72597.21875
3332.7885229736576,72584.8671875
3332.7899118421233,72653.5625
3332.7913007103552,72644.5703125
3332.792689578821,72615.109375
3332.794078447054,72600.21875
3332.795467315286,72592.0546875
3332.7968561837515,72569.8671875
3332.7982450519844,72637.5859375
3332.7996339204497,72693.6953125
3332.801022788682,72583.1171875
3332.8024116571482,72696.4765625
3332.80380052538,72624.109375
3332.805189393846,72651.921875
3332.8065782620783,72712.1328125
3332.8079671305436,72610.734375
3332.8093559987765,72622.765625
3332.810744867242,72618.0859375
3332.8121337357074,72647.8828125
3332.8135226039385,72619.53125
3332.8149114724033,72660.6796875
3332.8163003406366,72639.3203125
3332.8176892091014,72593.59375
3332.819078077567,72581.7265625
3332.8204669458,72656.0703125
3332.821855814265,72640.8984375
3332.8232446827305,72718.2578125
3332.8246335511963,72665.890625
3332.8260224194287,72731.3125
3332.827411287894,72661.765625
3332.82880015636,72568.3203125
3332.8301890245916,72552.1484375
3332.831577893058,72601.7421875
3332.832966761523,72600.03125
3332.8343556299883,72581.5390625
3332.835744498454,72650.453125
3332.837133366687,72534.3671875
3332.8385222351517,72699.859375
3332.8399111036174,72619.53125
3332.841299972083,72664.4609375
3332.842688840548,72605.7421875
3332.844077709013,72568.7109375
3332.845466577479,72522.4921875
3332.8468554457118,72637.15625
3332.8482443141766,72651.6015625
3332.8496331826423,72539.65625
3332.851022051108,72635.1953125
3332.852410919573,72672.3125
3332.8537997880385,72645.0234375
3332.855188656504,72657.59375
3332.8565775249695,72602.75
3332.8579663934347,72594.3046875
3332.859355261901,72655.5859375
3332.8607441303657,72620.7734375
3332.8621329988314,72541.5078125
3332.8635218672966,72506.375
3332.864910735762,72611.640625
3332.8662996042276,72546.9921875
3332.8676884726933,72670.0625
3332.8690773411586,72569.8359375
3332.8704662098557,72573.5546875
3332.871855078321,72570.1484375
3332.8732439467863,72641.375
3332.874632815251,72613.1171875
3332.8760216837168,72601.9375
3332.877410552182,72602.3984375
3332.87879942088,72648.2578125
3332.880188289346,72747.4453125
3332.8815771578115,72644.2578125
3332.882966026277,72652.6171875
3332.884354894742,72631.9609375
3332.885743763441,72580.2421875
3332.8871326319054,72613.6171875
3332.8885215003716,72668.109375
3332.889910368837,72637.25
3332.891299237535,72696.953125
3332.8926881060006,72682.90625
3332.8940769744663,72615.0234375
3332.895465843164,72643.3515625
3332.8968547116297,72617.5625
3332.8982435800954,72709.65625
3332.899632448793,72710.0625
3332.901021317259,72677.5390625
3332.9024101859573,72584.171875
3332.9037990544225,72654.796875
3332.9051879228878,72679.5546875
3332.9065767915868,72711.7421875
3332.9079656600516,72685.3203125
3332.909354528749,72670.6796875
3332.910743397215,72657.1015625
3332.9121322659134,72590.96875
3332.9135211343787,72611.5703125
3332.914910003077,72624.734375
3332.916298871543,72626.0703125
3332.9176877402406,72680.765625
3332.9190766087063,72716.9375
3332.9204654774044,72661.46875
3332.9218543458696,72634.9609375
3332.923243214568,72665.9140625
3332.9246320832667,72659.3125
3332.926020951731,72679.7578125
3332.9274098204287,72647.734375
3332.9287986891272,72566.09375
3332.9301875575925,72676.3046875
3332.9315764262906,72722.1796875
3332.9329652947567,72713.8125
3332.934354163454,72698.3984375
3332.935743032153,72631.828125
3332.937131900851,72687.6015625
3332.9385207693163,72663.8125
3332.9399096380143,72674.6015625
3332.9412985067124,72641.703125
3332.9426873754114,72595.0625
3332.9440762438758,72666.7734375
3333.117684847685,72563.5546875
3333.1190737166166,72458.9140625
3333.1204625855476,72482.9140625
3333.1218514547113,72521.21875
3333.1232403236418,72438.3515625
3333.124629192806,72489.5625
3333.1260180617373,72487.9765625
3333.1274069309006,72464.5546875
3333.1287957998325,72482.203125
3333.1301846687634,72532.0078125
3333.131573537927,72439.0234375
3333.132962406858,72483.3203125
3333.1343512760227,72474.203125
3333.135740144953,72376.375
3333.1371290141174,72484.28125
3333.1385178830483,72461.734375
3333.139906752212,72549.0234375
3333.1412956213762,72454.375
3333.1426844903076,72427.46875
3333.1440733594713,72413.671875
3333.1454622284023,72471.9453125
3333.146851097567,72393.375
3333.1482399667298,72420.3984375
3333.1496288356616,72467.421875
3333.1510177048253,72529.1328125
3333.1524065737553,72561.9765625
3333.153795442918,72469.2890625
3333.1551843120824,72435.3828125
3333.1565731812466,72517.109375
3333.1579620501775,72468.1796875
3333.1593509193413,72494.9296875
3333.160739788506,72513.4140625
3333.162128657436,72455.2421875
3333.1635175266006,72520.59375
3333.1649063957643,72563.7578125
3333.166295264928,72471.328125
3333.1676841340923,72456.6953125
3333.1690730030236,72506.7578125
3333.1704618721874,72615.4375
3333.171850741351,72599.1171875
3333.1732396105153,72513.6640625
3333.1746284796786,72449.96875
3333.1760173488433,72527.234375
3333.177406218007,72609.0390625
3333.178795086938,72547.0859375
3333.1801839561017,72437.296875
3333.1815728252664,72460.4140625
3333.1829616944297,72600.3125
3333.184350563593,72493.890625
3333.1857394327576,72529.1015625
3333.1871283019213,72504.765625
3333.188517171085,72590.140625
3333.189906040249,72474.9140625
3333.1912949094135,72519.1875
3333.192683778577,72503.0078125
3333.194072647741,72434.4453125
3333.1954615169047,72514.84375
3333.1968503860685,72597.8984375
3333.1982392552327,72508.0859375
3333.199628124397,72571.3359375
3333.2010169937935,72565.921875
3333.202405862957,72507.1640625
3333.203794732122,72499.25
3333.2051836012847,72523.9609375
3333.2065724704494,72470.5859375
3333.2079613396127,72522.625
3333.2093502087755,72560.9765625
3333.2107390781725,72533.703125
3333.2121279473363,72515.875
3333.2135168165,72575.015625
3333.214905685664,72496.78125
3333.2162945550604,72545.625
3333.217683424225,72505.7421875
3333.219072293388,72555.984375
3333.2204611625525,72604.4140625
3333.221850031949,72538.5078125
3333.223238901113,72569.15625
3333.224627770277,72516.046875
3333.226016639674,72536.3125
3333.227405508838,72483.6875
3333.2287943780016,72535.8671875
3333.2301832473986,72468.5390625
3333.231572116562,72517.6796875
3333.2329609857265,72446.4921875
3333.234349855123,72532.609375
3333.235738724287,72522.234375
3333.2371275936835,72532.515625
3333.238516462848,72516.96875
3333.2399053322442,72556.484375
3333.2412942014084,72569.40625
3333.2426830708055,72525.140625
3333.2440719399688,72579.171875
3333.2454608093653,72505.9296875
3333.246849678529,72549.6875
3333.2482385479266,72507.8203125
3333.24962741709,72588.5
3333.251016286487,72541.5859375
3333.2524051556506,72505.25
3333.2537940250472,72547.625
3333.2551828942114,72482.3671875
3333.2565717636085,72552.0078125
3333.257960633005,72484.2421875
3333.259349502169,72523.9921875
3333.2607383715663,72495.265625
3333.262127240962,72469.0
3333.2635161101266,72454.8203125
3333.2649049795227,72503.0234375
3333.2662938489184,72469.21875
3333.2676827180826,72541.9765625
3333.269071587479,72493.390625
3333.2704604568758,72481.421875
3333.271849326273,72558.921875
3333.273238195437,72521.078125
3333.2746270648336,72486.203125
3333.2760159342292,72520.59375
3333.2774048036267,72543.4296875
3333.2787936730233,72501.9453125
3333.280182542187,72474.6015625
3333.281571411584,72614.2421875
3333.282960280981,72577.3828125
3333.2843491503777,72531.6484375
3333.2857380197743,72373.8671875
3333.2871268891713,72539.546875
3333.2885157585674,72499.3828125
3333.289904627965,72477.546875
3333.2912934973615,72561.71875
3333.2926823665252,72534.6953125
3333.294071235922,72511.5625
3333.2954601053193,72480.96875
3333.2968489747154,72539.484375
3333.2982378441125,72504.6484375
3333.2996267135095,72516.515625
3333.3010155829056,72514.90625
3333.3024044523027,72432.2734375
3333.3037933216997,72475.0078125
3333.305182191329,72497.9453125
3333.306571060725,72480.53125
3333.3079599301223,72477.5703125
3333.309348799519,72522.375
3333.3107376689154,72502.328125
3333.3121265383124,72484.1328125
3333.3135154077095,72527.6796875
3333.314904277106,72482.484375
3333.3162931465026,72490.3828125
3333.317682016133,72563.328125
3333.3190708855286,72489.234375
3333.320459754926,72531.078125
3333.3218486243222,72477.46875
3333.323237493718,72492.640625
3333.3246263633478,72541.3203125
3333.3260152327443,72507.0
3333.327404102141,72438.78125
3333.328792971538,72544.1953125
3333.330181841168,72552.359375
3333.3315707105644,72497.453125
3333.33295957996,72485.28125
3333.3343484495904,72490.6015625
3333.335737318987,72486.9921875
3333.3371261883835,72471.3828125
3333.3385150580134,72518.1640625
3333.3399039274104,72426.9375
3333.341292796807,72509.1484375
3333.3426816664364,72521.9609375
3333.3440705358335,72498.5390625
3333.3454594054624,72483.9140625
3333.34684827486,72426.4921875
3333.3482371444893,72515.578125
3333.349626013886,72537.515625
3333.3510148835153,72546.6484375
3333.352403752913,72447.5
3333.3537926225417,72459.109375
3333.3551814919388,72480.8671875
3333.3565703615686,72463.15625
3333.3579592309648,72456.1640625
3333.3593481005946,72461.5078125
3333.3607369699916,72419.6640625
3333.362125839621,72502.40625
3333.363514709017,72540.6640625
3333.364903578647,72543.1171875
3333.3662924482765,72412.9296875
3333.367681317673,72476.078125
3333.369070187303,72527.7890625
3333.3704590569328,72497.828125
3333.3718479263293,72417.3828125
3333.3732367959587,72509.9140625
3333.3746256655886,72556.3515625
3333.3760145349847,72503.7421875
3333.377403404614,72457.4453125
3333.3787922742436,72473.5234375
3333.3801811438725,72510.171875
3333.3815700132695,72407.125
3333.382958882899,72481.53125
3333.3843477525284,72443.734375
3333.385736622158,72486.1640625
3333.3871254915553,72464.71875
3333.3885143611847,72463.5390625
3333.389903230814,72490.78125
3333.391292100444,72494.15625
3333.392680970073,72433.859375
3333.3940698397023,72477.9453125
3333.395458709332,72493.9375
3333.396847578962,72471.9765625
3333.3982364483586,72443.65625
3333.399625317988,72422.9453125
3333.401014187618,72471.5859375
3333.402403057247,72559.8671875
3333.403791926877,72471.03125
3333.4051807965066,72447.125
3333.406569666136,72433.953125
3333.4079585357654,72489.71875
3333.4093474053957,72361.5
3333.4107362750246,72507.03125
3333.4121251446545,72485.3359375
3333.413514014284,72435.3671875
3333.4149028839133,72502.8984375
3333.416291753543,72450.6875
3333.417680623406,72481.921875
3333.4190694930353,72475.3125
3333.4204583626647,72444.828125
3333.421847232295,72540.921875
3333.4232361019235,72462.0859375
3333.424624971553,72447.7890625
3333.426013841183,72479.4765625
3333.4274027110455,72455.578125
3333.428791580675,72479.6953125
3333.4301804503043,72534.1875
3333.431569319934,72426.8359375
3333.432958189563,72530.421875
3333.4343470594254,72506.8203125
3333.4357359290548,72436.765625
3333.4371247986837,72468.0
3333.4385136685464,72426.890625
3333.439902538176,72474.6328125
3333.4412914078052,72411.0390625
3333.442680277435,72535.1875
3333.444069147298,72546.515625
3333.445458016927,72497.7578125
3333.4468468865566,72510.2734375
3333.4482357564193,72550.8984375
3333.4496246260483,72482.03125
3333.4510134959105,72421.703125
3333.4524023655404,72530.453125
3333.4537912351702,72514.390625
3333.455180105032,72504.96875
3333.456568974662,72528.40625
3333.4579578445246,72476.1796875
3333.4593467141535,72498.515625
3333.4607355840167,72469.6015625
3333.462124453646,72452.015625
3333.4635133235083,72512.015625
3333.4649021931377,72473.09375
3333.466291063001,72451.1875
3333.46767993263,72466.296875
3333.4690688024925,72503.46875
3333.4704576723548,72557.9296875
3333.471846541984,72484.2578125
3333.473235411847,72493.2421875
3333.4746242814767,72482.53125
3333.476013151339,72450.34375
3333.477402021201,72574.9140625
3333.4787908908315,72529.078125
3333.480179760693,72483.4453125
3333.481568630555,72444.265625
3333.482957500185,72496.1875
3333.4843463700477,72507.28125
3333.48573523991,72528.9375
3333.487124109772,72502.1484375
3333.488512979402,72508.640625
3333.4899018492633,72490.703125
3333.491290719125,72468.8203125
3333.4926795889883,72538.9453125
3333.4940684586168,72486.8046875
3333.49545732848,72504.625
3333.496846198342,72527.40625
3333.4982350682044,72478.7109375
3333.499623938067,72407.4609375
3333.50101280793,72592.890625
3333.502401677792,72549.0546875
3333.5037905474214,72491.046875
3333.505179417284,72522.078125
3333.506568287146,72434.2734375
3333.507957157009,72542.5078125
3333.5093460268713,72439.1484375
3333.5107348967335,72451.765625
3333.5121237665953,72452.75
3333.513512636458,72472.3671875
3333.5149015063207,72405.59375
3333.5162903761825,72423.65625
3333.5176792460456,72393.1640625
3333.519068115908,72533.140625
3333.52045698577,72470.796875
3333.5218458556324,72479.484375
3333.5232347254955,72497.0625
3333.5246235953573,72539.7578125
3333.52601246522,72473.0625
3333.527401335315,72469.7109375
3333.5287902051773,72502.3046875
3333.53017907504,72471.3203125
3333.5315679449027,72500.0390625
3333.532956814765,72472.8359375
3333.534345684627,72418.015625
3333.5357345544903,72534.0859375
3333.5371234245845,72463.5703125
3333.5385122944467,72473.265625
3333.5399011643094,72464.6953125
3333.541290034172,72503.921875
3333.542678904267,72480.7265625
3333.5440677741294,72535.140625
3333.545456643992,72550.3984375
3333.5468455138534,72540.2578125
3333.548234383948,72522.5078125
3333.549623253811,72487.8828125
3333.5510121236725,72389.984375
3333.5524009937685,72500.765625
3333.5537898636308,72507.2890625
3333.555178733493,72462.5703125
3333.5565676035885,72498.3515625
3333.557956473451,72489.2421875
3333.5593453435463,72499.2578125
3333.5607342134085,72544.984375
3333.562123083504,72435.5234375
3333.563511953366,72501.0078125
3333.564900823229,72512.734375
3333.566289693324,72502.2890625
3333.5676785631863,72481.6875
3333.569067433281,72446.078125
3333.5704563031436,72510.171875
3333.571845173239,72476.6796875
3333.573234043101,72522.875
3333.574622913197,72522.3984375
3333.576011783292,72531.96875
3333.577400653154,72465.1953125
3333.5787895232493,72491.1953125
3333.5801783931124,72517.8359375
3333.581567263207,72450.7734375
3333.5829561333026,72458.46875
3333.584345003165,72525.828125
3333.58573387326,72564.2578125
3333.5871227431226,72503.484375
3333.588511613218,72452.296875
3333.589900483313,72539.28125
3333.5912893534082,72438.3125
3333.5926782232714,72454.671875
3333.5940670933655,72486.9140625
3333.5954559634606,72462.4921875
3333.596844833556,72533.859375
3333.598233703419,72570.984375
3333.599622573514,72476.765625
3333.601011443609,72426.21875
3333.6024003137045,72434.8671875
3333.6037891837987,72451.3359375
3333.6051780536604,72459.53125
3333.6065669237564,72523.8515625
3333.6079557938506,72505.8515625
3333.6093446639466,72522.328125
3333.6107335340416,72407.4453125
3333.6121224041367,72457.2890625
3333.613511274232,72471.65625
3333.6149001443277,72497.734375
3333.61628901419,72399.4921875
3333.617677884285,72560.3359375
3333.6190667543806,72496.7421875
3333.620455624475,72474.140625
3333.621844494571,72431.2109375
3333.6232333646662,72454.046875
3333.6246222347613,72401.0390625
3333.626011104856,72492.4765625
3333.6273999749515,72490.1953125
3333.628788845047,72485.140625
3333.6301777153744,72527.6015625
3333.6315665854704,72482.609375
3333.6329554555655,72509.234375
3333.6343443256605,72547.9296875
3333.6357331957556,72432.8515625
3333.6371220658516,72446.1953125
3333.638510935946,72437.4453125
3333.6398998060417,72405.390625
3333.6412886763696,72468.5546875
3333.6426775464647,72365.84375
3333.6440664165602,72407.96875
3333.6454552866558,72415.734375
3333.646844156751,72479.359375
3333.6482330270787,72505.1640625
3333.6496218971747,72453.2421875
3333.651010767269,72432.8359375
3333.652399637365,72418.1640625
3333.6537885076928,72546.1875
3333.655177377788,72609.1015625
3333.656566247883,72667.828125
3333.657955118211,72669.7109375
3333.659343988306,72683.1171875
3333.6607328584,72612.640625
3333.662121728728,72535.9609375
3333.663510598824,72591.8046875
3333.664899468918,72566.7265625
3333.666288339247,72649.0234375
3333.667677209342,72589.703125
3333.66906607967,72548.0
3333.6704549497654,72516.203125
3333.6718438200937,72573.3671875
3333.673232690189,72586.15625
3333.6746215605167,72616.875
3333.676010430612,72502.4453125
3333.6773993009397,72654.6484375
3333.6787881710356,72567.6796875
3333.6801770413635,72562.765625
3333.6815659114586,72503.8515625
3333.682954781786,72515.984375
3333.6843436518816,72488.0234375
3333.68573252221,72494.8359375
3333.6871213925374,72460.109375
3333.6885102626334,72512.5234375
3333.6898991329613,72538.21875
3333.6912880030563,72569.3046875
3333.6926768733842,72481.2265625
3333.694065743713,72533.1015625
3333.6954546138077,72503.890625
3333.696843484136,72486.7421875
3333.698232354464,72468.6953125
3333.699621224792,72470.4140625
3333.7010100948874,72478.6015625
3333.7023989652157,72435.1640625
3333.7037878355436,72462.0546875
3333.7051767058715,72444.8046875
3333.7065655759675,72398.296875
3333.7079544462945,72457.078125
3333.7093433166224,72458.6875
3333.7107321869507,72459.3359375
3333.712121057279,72482.7109375
3333.713509927374,72463.7421875
3333.714898797702,72488.734375
3333.71628766803,72369.0625
3333.717676538357,72516.8984375
3333.719065408685,72414.9921875
3333.7204542790137,72536.15625
3333.7218431493407,72420.8359375
3333.7232320196695,72462.4375
3333.7246208899974,72469.0
3333.7260097603253,72438.78125
3333.7273986306536,72420.8125
3333.728787500982,72445.03125
3333.73017637131,72416.515625
3333.731565241638,72426.1171875
3333.732954111966,72456.984375
3333.7343429822936,72467.4765625
3333.7357318526224,72456.8828125
3333.7371207229503,72401.4765625
3333.738509593278,72452.75
3333.7398984636056,72413.4765625
3333.741287333934,72424.7109375
3333.7426762042624,72389.84375
3333.74406507459,72399.328125
3333.7454539451514,72368.390625
3333.7468428154793,72462.5625
3333.7482316858072,72466.6328125
3333.749620556135,72448.46875
3333.751009426464,72392.9296875
3333.7523982967914,72476.1328125
3333.7537871673526,72429.1171875
3333.7551760376805,72392.140625
3333.7565649080084,72407.7109375
3333.7579537783367,72377.6640625
3333.759342648898,72359.3203125
3333.760731519226,72430.1484375
3333.7621203895537,72392.9375
3333.7635092601154,72443.8203125
3333.7648981304424,72435.140625
3333.7662870007703,72368.4140625
3333.7676758713314,72399.3671875
3333.76906474166,72371.4765625
3333.7704536119877,72365.28125
3333.7718424825475,72426.765625
3333.7732313528754,72391.46875
3333.774620223436,72402.6796875
3333.776009093764,72413.3828125
3333.7773979643257,72400.4765625
3333.7787868346527,72444.2109375
3333.7801757049815,72373.125
3333.7815645755422,72424.09375
3333.78295344587,72423.25
3333.7843423164313,72489.6171875
3333.7857311869925,72429.5078125
3333.7871200573204,72506.4453125
3333.788508927881,72421.625
3333.7898977982095,72408.3203125
3333.7912866687698,72382.2109375
3333.7926755390986,72440.03125
3333.7940644096593,72443.828125
3333.79545328022,72366.3203125
3333.7968421505475,72349.3671875
3333.7982310211087,72442.96875
3333.79961989167,72445.1953125
3333.8010087619973,72388.296875
3333.802397632559,72500.953125
3333.8037865031197,72473.640625
3333.8051753734476,72476.90625
3333.8065642440083,72424.203125
3333.80795311457,72509.328125
3333.8093419848974,72513.5390625
3333.8107308554586,72432.3125
3333.8121197260193,72413.0546875
3333.81350859658,72399.21875
3333.8148974671412,72416.0859375
3333.8162863374696,72408.5625
3333.8176752080303,72414.40625
3333.819064078591,72427.9921875
3333.8204529491527,72465.453125
3333.8218418197125,72368.34375
3333.8232306902732,72455.1328125
3333.8246195608344,72469.4453125
3333.8260084313956,72456.8203125
3333.8273973017235,72431.671875
3333.8287861722833,72494.0390625
3333.830175042844,72472.234375
3333.831563913405,72471.15625
3333.8329527839655,72454.3203125
3333.834341654527,72422.4140625
3333.835730525087,72374.25
3333.8371193956486,72450.9296875
3333.8385082662094,72376.953125
3333.83989713677,72455.3125
3333.8412860073313,72377.921875
3333.8426748778925,72432.5625
3333.844063748686,72440.0234375
3333.8454526192468,72500.21875
3333.846841489808,72377.578125
3333.8482303603682,72409.65625
3333.849619230929,72426.6171875
3333.85100810149,72474.171875
3333.8523969720513,72455.2734375
3333.8537858426116,72411.15625
3333.8551747134056,72409.75
3333.856563583967,72440.1796875
3333.857952454527,72408.6953125
3333.8593413250887,72386.9609375
3333.8607301958823,72467.125
3333.862119066443,72432.2265625
3333.8635079370038,72499.4453125
3333.8648968075654,72400.5859375
3333.8662856783585,72462.21875
3333.8676745489197,72419.25
3333.8690634194804,72489.265625
3333.870452290274,72351.171875
3333.871841160835,72347.8046875
3333.8732300313964,72424.3125
3333.87461890219,72354.8203125
3333.8760077727507,72380.7578125
3333.8773966433123,72373.5546875
3333.878785514105,72468.40625
3333.8801743846657,72451.328125
3333.8815632554597,72446.8828125
3333.882952126021,72446.9140625
3333.8843409968144,72463.640625
3333.8857298673743,72421.8984375
3333.887118738168,72421.8046875
3333.8885076087286,72406.4375
3333.889896479522,72419.390625
3333.8912853500838,72418.3046875
3333.8926742208764,72399.0703125
3333.894063091438,72436.6171875
3333.8954519622316,72415.5703125
3333.8968408327923,72418.8359375
3333.8982297035864,72431.0
3333.8996185741476,72472.1484375
3333.901007444941,72376.40625
3333.9023963157347,72446.7890625
3333.903785186296,72455.7109375
3333.905174057089,72421.984375
3333.9065629278825,72422.125
3333.9079517984437,72442.546875
3333.9093406692377,72419.6484375
3333.910729540031,72509.203125
3333.912118410825,72414.8046875
3333.913507281386,72419.1484375
3333.914896152179,72449.5078125
3333.9162850229736,72441.953125
3333.917673893767,72411.0390625
3333.919062764328,72386.3671875
3333.9204516351215,72419.859375
3333.921840505916,72434.484375
3333.923229376709,72472.2890625
3333.924618247503,72456.203125
3333.926007118064,72404.0546875
3333.9273959888574,72430.1328125
3333.9287848596514,72415.4296875
3333.9301737304454,72422.4921875
3333.931562601239,72411.59375
3333.9329514720316,72442.9609375
3333.934340342826,72430.1015625
3333.9357292136197,72384.671875
3333.937118084413,72388.0546875
3333.9385069552072,72458.3046875
3333.9398958260012,72380.375
3333.941284696794,72451.6875
3333.942673567587,72350.5546875
3333.944062438381,72374.8515625
3333.9454513091746,72383.125
3333.946840179968,72425.4765625
3333.9482290507626,72394.1953125
3333.9496179215553,72389.984375
3333.9510067923497,72387.6640625
3333.9523956631433,72448.0390625
3333.953784533937,72368.515625
3333.955173404731,72419.7734375
3333.9565622757577,72418.28125
3333.9579511465513,72446.2578125
3333.959340017345,72432.0234375
3333.960728888139,72404.5546875
3333.962117758932,72381.8515625
3333.9635066299584,72421.6640625
3333.9648955007524,72406.8359375
3333.9662843715464,72393.7421875
3333.9676732423395,72364.7265625
3333.9690621133664,72406.8203125
3333.9704509841604,72280.359375
3333.9718398549535,72445.3359375
3333.973228725748,72384.3984375
3333.9746175967744,72433.7890625
3333.976006467568,72383.9921875
3333.9773953383615,72442.3359375
3333.978784209389,72381.0546875
3333.980173080182,72338.375
3333.9815619512087,72396.3984375
3333.9829508220023,72452.390625
3333.984339692796,72387.2265625
3333.9857285638227,72400.859375
3333.9871174346167,72325.4140625
3333.988506305643,72393.1796875
3333.9898951764358,72317.7578125
3333.991284047463,72398.84375
3333.9926729182566,72409.0546875
3333.994061789283,72405.5
3333.995450660077,72418.015625
3333.996839531104,72346.6796875
3333.9982284018965,72422.09375
3333.9996172729225,72352.875
3334.0010061437165,72314.6328125
3334.002395014743,72345.953125
3334.0037838855364,72492.3046875
3334.0051727565638,72344.5625
3334.0065616275892,72372.046875
3334.0079504983837,72368.2890625
3334.00933936941,72322.90625
3334.0107282404365,72262.2578125
3334.0121171112305,72342.7578125
3334.0135059822574,72376.796875
3334.0148948532837,72365.59375
3334.0162837240764,72397.3828125
3334.0176725951037,72370.53125
3334.01906146613,72353.1640625
3334.0204503371565,72327.125
3334.0218392079505,72370.84375
3334.0232280789774,72408.984375
3334.0246169500033,72363.5625
3334.02600582103,72312.1875
3334.027394692057,72319.5625
3334.028783563083,72378.1796875
3334.030172433877,72349.828125
3334.031561304904,72339.796875
3334.03295017593,72313.8515625
3334.0343390469566,72367.875
3334.035727917984,72273.7265625
3334.03711678901,72364.8046875
3334.0385056600367,72397.0390625
3334.039894531063,72341.578125
3334.0412834020894,72255.96875
3334.042672273116,72259.859375
3334.0440611441422,72366.84375
3334.0454500151695,72261.5390625
3334.046838886195,72399.4296875
3334.0482277572223,72315.421875
3334.0496166282487,72341.3125
3334.051005499275,72396.8984375
3334.052394370302,72330.3046875
3334.053783241328,72424.953125
3334.0551721123534,72322.9921875
3334.05656098338,72334.015625
3334.057949854407,72326.515625
3334.0593387254335,72323.1015625
3334.06072759646,72280.8046875
3334.06211646772,72375.8359375
3334.0635053387455,72360.0078125
3334.064894209773,72315.6171875
3334.066283080799,72354.390625
3334.0676719518256,72092.8828125
3334.069060823085,71956.109375
3334.070449694111,71830.1484375
3334.071838565138,71493.6640625
3334.073227436164,71260.75
3334.074616307424,70979.375
3334.0760051784505,70737.9765625
3334.077394049477,70380.71875
3334.0787829205037,70071.2578125
3334.0801717917634,69661.125
3334.0815606627893,69235.703125
3334.082949533816,68861.609375
3334.084338405076,68469.546875
3334.085727276102,67995.1171875
3334.0871161473615,67576.328125
3334.0885050183883,67106.265625
3334.0898938894147,66597.625
3334.091282760674,66131.453125
3334.0926716317013,65651.8515625
3334.09406050296,65071.33203125
3334.095449373987,64510.515625
3334.096838245246,64050.18359375
3334.0982271162725,63512.6171875
3334.101004858558,62283.25
3334.1023937298182,61753.53125
3334.1037826008437,61132.75
3334.105171472104,60575.609375
3334.106560343363,60001.8671875
3334.1079492143895,59341.015625
3334.109338085649,58850.28515625
3334.1121158279334,57607.5703125
3334.113504699193,56945.82421875
3334.11489357022,56266.25
3334.116282441479,55660.6796875
3334.1190601837657,54404.59375
3334.121837926284,53093.4765625
3334.1232267975433,52549.30078125
3334.1246156685697,51918.46484375
3334.127393411088,50659.875
3334.128782282348,50079.8203125
3334.130171153374,49390.015625
3334.131560024634,48845.1484375
3334.132948895893,48186.6328125
3334.1343377671524,47687.76953125
3334.135726638412,47115.08984375
3334.1371155096717,46562.6015625
3334.1385043809305,46009.92578125
3334.1398932519573,45566.89453125
3334.141282123217,44942.40234375
3334.142670994476,44441.015625
3334.1440598657355,44082.08984375
3334.145448736995,43553.67578125
3334.1468376082544,43153.94921875
3334.1482264795136,42749.8515625
3334.1496153507737,42379.04296875
3334.1510042220325,42100.1640625
3334.1523930932913,41788.6796875
3334.153781964551,41542.74609375
3334.1551708358106,41290.46484375
3334.15655970707,41189.3984375
3334.157948578329,41057.73046875
3334.159337449822,40864.98046875
3334.1607263210803,40843.2890625
3334.1621151923405,40793.83984375
3334.1635040635997,40823.53515625
3334.164892934859,40942.96875
3334.1662818061186,40960.86328125
3334.1676706773774,41182.6640625
3334.1690595488685,41378.2265625
3334.170448420128,41518.4296875
3334.171837291388,41875.74609375
3334.173226162647,42130.24609375
3334.1746150339063,42429.078125
3334.1760039053993,42738.1015625
3334.1773927766576,43167.5859375
3334.178781647917,43564.8359375
3334.1801705191765,44007.28515625
3334.181559390669,44510.765625
3334.1829482619282,44963.96875
3334.1843371331875,45504.515625
3334.18572600468,45993.8828125
3334.1871148759387,46577.21484375
3334.188503747199,47099.71484375
3334.189892618691,47661.91796875
3334.19128148995,48212.53515625
3334.1926703614427,48766.703125
3334.1940592327023,49385.54296875
3334.1968369754536,50598.23828125
3334.1982258467133,51245.52734375
3334.199614718205,51857.24609375
3334.2010035894646,52490.16796875
3334.202392460957,53115.5625
3334.2037813322163,53718.9921875
3334.2065590752004,54960.62109375
3334.20794794646,55582.125
3334.2107256892114,56918.99609375
3334.212114560704,57494.94921875
3334.213503431963,58112.45703125
3334.216281174948,59355.16796875
3334.2176700462064,59963.6875
3334.2190589176994,60579.51953125
3334.2204477891914,61156.671875
3334.2218366604507,61687.19140625
3334.2232255319427,62324.015625
3334.224614403434,62871.2109375
3334.226003274926,63392.6328125
3334.2273921461856,64019.87109375
3334.228781017678,64516.078125
3334.23016988917,65022.05859375
3334.2315587606618,65552.7734375
3334.2329476319214,66066.359375
3334.2343365034135,66566.375
3334.2357253749055,67032.71875
3334.237114246398,67458.6875
3334.2385031178906,67934.6171875
3334.2398919893826,68317.9140625
3334.241280860642,68750.0546875
3334.2426697321343,69176.578125
3334.244058603626,69554.3515625
3334.245447475119,69948.2578125
3334.246836346611,70257.1171875
3334.248225218103,70565.453125
3334.2496140895955,70931.1484375
3334.251002961088,71179.453125
3334.2523918325796,71496.09375
3334.253780704072,71641.4296875
3334.2551695755647,71958.53125
3334.2565584470562,72066.7734375
3334.2579473185483,72091.8125
3334.2593361900404,72249.421875
3334.2607250615333,72230.7265625
3334.262113933025,72284.9765625
3334.2635028045174,72305.28125
3334.2648916762428,72225.9765625
3334.2662805477344,72252.3125
3334.267669419227,72307.6484375
3334.2690582907194,72271.5546875
3334.2704471622114,72267.1875
3334.2718360337035,72203.9921875
3334.2732249051965,72297.3671875
3334.2746137769204,72264.390625
3334.2760026484134,72238.234375
3334.2773915199054,72251.4296875
3334.2787803913975,72237.765625
3334.2801692631224,72233.53125
3334.2815581346135,72251.3828125
3334.2829470061056,72281.7421875
3334.2843358775976,72247.03125
3334.2857247493225,72272.7265625
3334.2871136208155,72293.59375
3334.288502492307,72244.3359375
3334.2898913640324,72185.7734375
3334.2912802355245,72259.671875
3334.2926691072494,72248.5859375
3334.294057978742,72322.3671875
3334.2954468502344,72229.859375
3334.2968357219593,72315.5546875
3334.2982245934513,72254.7734375
3334.2996134651767,72284.34375
3334.3010023366683,72281.96875
3334.302391208394,72330.7265625
3334.303780079886,72274.8984375
3334.305168951611,72273.140625
3334.3065578231035,72321.5
3334.307946694829,72268.0625
3334.3093355663204,72323.171875
3334.310724438045,72294.46875
3334.312113309538,72337.3984375
3334.3135021812627,72314.0234375
3334.314891052755,72311.9921875
3334.3162799244797,72250.484375
3334.3176687962055,72296.8125
3334.319057667697,72265.09375
3334.3204465394224,72293.671875
3334.3218354111477,72309.078125
3334.3232242826393,72289.9453125
3334.3246131543647,72304.4609375
3334.32600202609,72278.9609375
3334.327390897582,72326.4609375
3334.328779769307,72280.59375
3334.3301686410327,72316.90625
3334.3315575127567,72337.65625
3334.3329463842497,72310.71875
3334.3343352559746,72319.953125
3334.3357241276985,72271.9921875
3334.3371129994225,72335.2109375
3334.338501871148,72353.609375
3334.3398907426404,72288.4921875
3334.3412796143652,72348.9921875
3334.34266848609,72373.421875
3334.344057357816,72438.8515625
3334.3454462295404,72355.046875
3334.3468351012657,72302.6640625
3334.3482239729906,72393.3359375
3334.3496128447155,72347.328125
3334.351001716441,72408.03125
3334.352390588166,72348.078125
3334.353779459891,72316.1953125
3334.355168331616,72356.390625
3334.3565572033413,72333.4375
3334.3579460750657,72378.5703125
3334.3593349467915,72461.3125
3334.3607238185164,72359.25
3334.3621126902412,72461.5390625
3334.363501561966,72393.703125
3334.364890433691,72322.75
3334.3662793054164,72465.296875
3334.367668177141,72421.2421875
3334.3690570488666,72404.2421875
3334.3704459205915,72352.859375
3334.371834792549,72437.0390625
3334.373223664274,72452.8828125
3334.374612536,72345.265625
3334.3760014077243,72392.65625
3334.3773902794496,72381.578125
3334.3787791511745,72449.5546875
3334.3801680231322,72411.3515625
3334.3815568948576,72463.3984375
3334.382945766583,72470.03125
3334.384334638308,72456.4765625
3334.3857235102655,72421.828125
3334.3871123819913,72412.765625
3334.3885012537153,72487.1484375
3334.389890125673,72451.265625
3334.3912789973983,72549.6015625
3334.3926678691228,72464.234375
3334.3940567410796,72567.984375
3334.395445612805,72509.6171875
3334.396834484763,72548.5546875
3334.398223356488,72521.765625
3334.399612228213,72482.9140625
3334.4010011001715,72559.2421875
3334.402389971896,72556.21875
3334.403778843854,72596.3984375
3334.405167715579,72549.828125
3334.4065565875367,72576.3046875
3334.407945459262,72551.6640625
3334.40933433122,72654.40625
3334.410723202945,72514.1953125
3334.412112074903,72580.65625
3334.413500946628,72547.21875
3334.4148898185854,72604.78125
3334.416278690543,72608.640625
3334.4176675622684,72583.7734375
3334.4190564342266,72574.1640625
3334.4204453059515,72575.3984375
3334.421834177909,72595.1171875
3334.4232230498674,72615.921875
3334.424611921592,72579.6328125
3334.4260007935504,72663.0078125
3334.427389665508,72647.9296875
3334.428778537233,72618.296875
3334.4301674091907,72642.875
3334.4315562811494,72669.53125
3334.4329451531066,72693.6640625
3334.434334024832,72634.4765625
3334.4357228967897,72568.1328125
3334.4371117687474,72639.53125
3334.4385006407056,72669.9296875
3334.4398895126637,72659.4765625
3334.4412783843886,72744.796875
3334.442667256346,72760.03125
3334.444056128304,72774.0078125
3334.4454450002618,72747.5234375
3334.4468338722195,72692.359375
3334.4482227441777,72747.1171875
3334.449611616135,72755.5390625
3334.4510004880917,72819.09375
3334.45238936005,72741.328125
3334.4537782317752,72744.8046875
3334.455167103733,72770.96875
3334.4565559756907,72716.6484375
3334.4579448476493,72799.6484375
3334.4593337196065,72744.09375
3334.4607225915647,72715.5625
3334.4621114635224,72763.265625
3334.463500335713,72848.1015625
3334.4648892076707,72792.984375
3334.4662780796284,72784.9921875
3334.467666951587,72872.25
3334.469055823544,72854.453125
3334.4704446955025,72831.578125
3334.47183356746,72769.03125
3334.473222439418,72827.25
3334.474611311376,72788.9453125
3334.476000183567,72890.9140625
3334.4773890555243,72860.125
3334.4787779274825,72841.515625
3334.4801667994407,72873.078125
3334.481555671398,72904.25
3334.4829445435894,72865.921875
3334.484333415547,72898.421875
3334.485722287505,72854.4375
3334.4871111594625,72950.0625
3334.488500031654,72907.3671875
3334.4898889036112,72957.546875
3334.4912777755685,72965.1640625
3334.4926666477595,72980.0546875
3334.4940555197177,72916.5859375
3334.4954443916754,72971.2578125
3334.496833263866,72974.2421875
3334.4982221358246,72942.7578125
3334.4996110080147,72942.46875
3334.500999879973,73034.0703125
3334.5023887519305,73009.5
3334.503777624121,72982.625
3334.505166496079,72934.796875
3334.506555368269,72937.8046875
3334.507944240226,72979.3671875
3334.509333112417,72973.6171875
3334.5107219843753,73016.625
3334.512110856566,73051.65625
3334.5134997285236,73112.1640625
3334.514888600715,73012.3984375
3334.516277472672,73066.6953125
3334.5176663448624,73046.9296875
3334.5190552170534,73007.5703125
3334.5204440890116,73133.5078125
3334.521832961202,73060.2890625
3334.5232218333927,73088.328125
3334.5246107053513,73075.1640625
3334.525999577541,73011.84375
3334.5273884497324,73054.890625
3334.52877732169,73058.578125
3334.5301661938806,73113.125
3334.5315550660716,73129.9140625
3334.53294393803,73127.28125
3334.53433281022,73129.0703125
3334.535721682411,73071.0390625
3334.537110554602,73158.09375
3334.538499426559,73089.28125
3334.5398882987506,73089.6171875
3334.541277170941,73095.0703125
3334.5426660431317,73096.1484375
3334.544054915322,73125.1328125
3334.545443787513,73071.71875
3334.546832659471,73073.2578125
3334.548221531661,73102.90625
3334.549610403852,73086.2109375
3334.550999276043,73104.25
3334.5523881482336,73054.6640625
3334.553777020424,73051.2890625
3334.5551658926156,73117.5859375
3334.5565547648057,73102.9453125
3334.5579436369967,73072.25
3334.5593325091872,73047.171875
3334.560721381378,73049.640625
3334.5621102535683,73077.9375
3334.5634991257584,73077.234375
3334.5648879979485,73051.28125
3334.5662768701395,73117.78125
3334.5676657423305,73119.078125
3334.569054614521,73078.859375
3334.570443486711,73083.359375
3334.571832358902,73008.5703125
3334.5732212313255,73082.390625
3334.574610103516,73069.0625
3334.575998975707,73081.40625
3334.577387847898,73134.5546875
3334.5787767200886,73059.34375
3334.580165592279,73072.046875
3334.5815544647035,73031.5625
3334.582943336893,73027.484375
3334.5843322090846,73086.6796875
3334.585721081275,73034.015625
3334.5871099536985,72970.984375
3334.5884988258895,72982.0859375
3334.5898876980805,73042.8671875
3334.5912765705034,73072.046875
3334.5926654426944,73009.625
3334.5940543148854,73011.640625
3334.5954431873083,72894.8515625
3334.596832059499,73001.4296875
3334.59822093169,72961.828125
3334.5996098041137,72971.3515625
3334.600998676304,72887.328125
3334.602387548495,72995.25
3334.6037764209186,72862.859375
3334.6051652931087,72946.8203125
3334.6065541655325,72873.46875
3334.6079430377235,72949.1640625
3334.609331910147,72940.359375
3334.6107207823375,72868.9140625
3334.6121096547618,72903.0
3334.613498526952,72912.546875
3334.6148873993757,72897.2734375
3334.616276271566,72883.4296875
3334.6176651439887,72976.0390625
3334.619054016411,72895.5234375
3334.6204428886026,72863.3984375
3334.621831761026,72803.078125
3334.6232206332165,72858.546875
3334.62460950564,72849.3359375
3334.625998378064,72800.0625
3334.6273872502543,72740.78125
3334.628776122678,72796.1875
3334.6301649951015,72778.3046875
3334.631553867292,72822.09375
3334.632942739716,72801.2265625
3334.6343316121397,72772.6640625
3334.635720484563,72778.7734375
3334.6371093567536,72770.109375
3334.638498229178,72701.1171875
3334.6398871016004,72693.7265625
3334.6412759740247,72746.3359375
3334.642664846448,72710.0625
3334.6440537186386,72792.359375
3334.645442591062,72658.375
3334.6468314634853,72682.8125
3334.648220335909,72614.3671875
3334.649609208332,72687.328125
3334.6509980807564,72654.7421875
3334.6523869531798,72598.21875
3334.653775825603,72700.75
3334.655164698027,72595.3671875
3334.656553570451,72533.703125
3334.6579424428737,72606.359375
3334.6593313152975,72638.5625
3334.6607201877214,72619.7109375
3334.6621090601443,72580.40625
3334.663497932568,72581.4609375
3334.664886804992,72562.8125
3334.6662756774153,72524.03125
3334.6676645498387,72610.953125
3334.669053422263,72589.90625
3334.670442294686,72620.8671875
3334.671831167109,72591.953125
3334.6732200395327,72473.75
3334.6746089119556,72507.125
3334.675997784378,72538.0
3334.677386657035,72430.015625
3334.6787755294586,72474.421875
3334.680164401882,72470.8046875
3334.6815532743053,72434.578125
3334.6829421467296,72473.3515625
3334.6843310193854,72442.875
3334.685719891809,72506.84375
3334.6871087642326,72426.1640625
3334.688497636656,72521.484375
3334.6898865093126,72466.421875
3334.6912753817364,72425.0703125
3334.69266425416,72439.3515625
3334.6940531268156,72375.71875
3334.6954419992394,72430.2734375
3334.6968308716628,72372.53125
3334.698219744319,72437.765625
3334.699608616743,72416.9375
3334.7009974893995,72443.65625
3334.702386361823,72426.2734375
3334.703775234246,72392.5
3334.705164106903,72371.5625
3334.706552979326,72352.703125
3334.707941851983,72423.234375
3334.7093307244063,72339.5234375
3334.7107195970625,72343.78125
3334.7121084694863,72292.5546875
3334.713497342143,72382.0
3334.714886214566,72331.328125
3334.7162750872226,72233.2421875
3334.7176639596464,72247.2890625
3334.719052832302,72317.5
3334.7204417049584,72346.640625
3334.7218305773818,72296.7109375
3334.723219450039,72303.9765625
3334.724608322462,72335.3125
3334.7259971951185,72301.765625
3334.727386067775,72254.6015625
3334.728774940198,72295.125
3334.7301638128547,72276.4609375
3334.7315526855105,72260.78125
3334.7329415581657,72276.3203125
3334.73433043059,72284.21875
3334.7357193032462,72294.234375
3334.7371081759024,72236.9140625
3334.7384970485587,72238.453125
3334.739885920983,72267.6015625
3334.7412747936387,72307.5
3334.7426636662954,72291.234375
3334.7440525389516,72188.1875
3334.7454414116078,72166.65625
3334.746830284264,72300.1875
3334.7482191566874,72175.28125
3334.7496080293445,72175.265625
3334.750996902,72233.2890625
3334.752385774657,72265.828125
3334.753774647313,72210.203125
3334.7551635199693,72268.1328125
3334.756552392626,72265.0703125
3334.7579412652826,72172.9296875
3334.759330137939,72262.0078125
3334.760719010595,72212.0234375
3334.7621078832517,72232.7578125
3334.7634967559075,72200.921875
3334.7648856285646,72239.3046875
3334.766274501221,72175.109375
3334.767663373877,72201.390625
3334.769052246533,72186.6953125
3334.7704411191894,72177.4375
3334.771829991846,72229.8984375
3334.773218864502,72205.8359375
3334.7746077373918,72144.7890625
3334.775996610048,72203.2265625
3334.777385482704,72172.71875
3334.7787743553604,72219.8046875
3334.7801632280175,72184.171875
3334.7815521006733,72122.4453125
3334.7829409735627,72025.4609375
3334.784329846219,71943.1015625
3334.785718718875,71803.3828125
3334.7871075915314,71755.0234375
3334.78849646442,71616.53125
3334.7898853370757,71487.671875
3334.791274209733,71225.5703125
3334.792663082622,71047.2890625
3334.794051955278,70834.2578125
3334.795440827934,70626.3125
3334.7968297008233,70349.4921875
3334.79821857348,70186.4609375
3334.7996074461357,69953.984375
3334.800996319025,69617.859375
3334.802385191682,69441.3203125
3334.803774064571,69178.4375
3334.805162937227,68880.609375
3334.806551810117,68485.8203125
3334.807940682773,68222.3125
3334.8093295556623,67960.8828125
3334.8107184283185,67634.9140625
3334.8121073012076,67304.859375
3334.813496173864,66965.46875
3334.8148850467537,66783.640625
3334.81627391941,66309.765625
3334.817662792299,65963.3359375
3334.8190516649556,65630.2265625
3334.820440537844,65381.65625
3334.8218294107332,65019.8984375
3334.82321828339,64611.39453125
3334.8246071562794,64287.3515625
3334.825996028935,63909.34765625
3334.8273849018246,63587.578125
3334.828773774714,63223.44140625
3334.8301626476027,62719.19140625
3334.83155152026,62505.1015625
3334.832940393149,62144.61328125
3334.834329266038,61814.1328125
3334.835718138694,61460.25
3334.837107011584,61096.93359375
3334.8384958844726,60775.3046875
3334.839884757362,60409.0546875
3334.841273630251,60086.63671875
3334.8426625029074,59774.859375
3334.8440513757955,59404.5390625
3334.8454402486846,59150.9609375
3334.8468291215736,58771.30859375
3334.8482179944626,58518.24609375
3334.849606867352,58328.015625
3334.8509957402416,57946.66015625
3334.85238461313,57663.98828125
3334.853773485787,57475.8046875
3334.8551623586764,57254.6015625
3334.856551231565,56999.8203125
3334.8579401044544,56808.62890625
3334.859328977344,56707.375
3334.860717850233,56555.28125
3334.862106723122,56426.6875
3334.863495596012,56345.9609375
3334.8648844689,56202.76171875
3334.866273342023,56271.9453125
3334.867662214912,56210.1171875
3334.869051087801,56199.0546875
3334.87043996069,56257.140625
3334.871828833579,56341.91015625
3334.873217706469,56364.421875
3334.874606579357,56496.4609375
3334.875995452247,56652.65625
3334.877384325136,56785.1015625
3334.878773198258,56945.125
3334.8801620711474,57202.59375
3334.881550944037,57390.453125
3334.8829398169255,57639.59375
3334.884328690048,57916.4453125
3334.8857175629373,58171.33984375
3334.887106435826,58446.22265625
3334.888495308716,58746.30078125
3334.8898841818377,58977.55859375
3334.8912730547268,59350.92578125
3334.8926619276153,59648.0390625
3334.8940508007377,60005.87109375
3334.895439673627,60332.296875
3334.8968285465157,60617.15625
3334.898217419638,61002.05859375
3334.8996062925266,61352.95703125
3334.9009951656476,61680.59765625
3334.9023840385375,62031.23828125
3334.9037729114266,62414.2734375
3334.9051617845485,62813.90625
3334.9065506574375,63110.6640625
3334.9079395305603,63532.14453125
3334.909328403449,63882.7421875
3334.910717276571,64215.73046875
3334.9121061494607,64513.640625
3334.913495022582,64979.94921875
3334.9148838954716,65284.08984375
3334.916272768594,65624.5546875
3334.9176616417158,65838.1875
3334.9190505146044,66313.65625
3334.9204393877267,66603.6484375
3334.9218282606157,66970.1875
3334.9232171337376,67254.90625
3334.92460600686,67661.9140625
3334.9259948797494,67908.5703125
3334.9273837528713,68313.3046875
3334.928772625993,68510.8046875
3334.930161498883,68869.3125
3334.931550372004,69136.296875
3334.932939245127,69407.4375
3334.9343281182487,69695.8671875
3334.9357169911377,69944.109375
3334.93710586426,70226.25
3334.9384947373824,70454.4609375
3334.939883610504,70697.953125
3334.941272483626,70907.6484375
3334.9426613565156,71102.8515625
3334.944050229637,71326.5859375
3334.945439102759,71537.0078125
3334.946827975881,71610.109375
3334.9482168490035,71838.0859375
3334.949605722125,72009.6875
3334.9509945952473,72094.484375
3334.9523834683696,72272.9765625
3334.953772341491,72220.296875
3334.9551612146133,72302.765625
3334.9565500877347,72403.59375
3334.9579389608557,72362.6328125
3334.9593278339785,72249.890625
3334.9607167071003,72328.2109375
3334.962105580222,72376.9921875
3334.963494453344,72321.7734375
3334.964883326467,72316.59375
3334.9662721995883,72291.546875
3334.9676610727097,72369.421875
3334.9690499458325,72386.6796875
3334.9704388189543,72375.234375
3334.971827692076,72359.1328125
3334.973216565198,72367.7109375
3334.974605438321,72381.453125
3334.975994311675,72404.1171875
3334.9773831847974,72372.8125
3334.9787720579193,72385.984375
3334.980160931041,72297.75
3334.9815498041635,72401.6484375
3334.9829386775186,72376.203125
3334.9843275506405,72343.3046875
3334.9857164237624,72396.03125
3334.987105297118,72343.78125
3334.988494170239,72445.5390625
3334.9898830433617,72325.0625
3334.9912719164836,72363.4921875
3334.9926607898383,72366.265625
3334.99404966296,72394.140625
3334.995438536315,72373.71875
3334.996827409437,72403.59375
3334.9982162825586,72387.5234375
3334.999605155914,72362.921875
3335.000994029036,72362.640625
3335.0023829023908,72386.359375
3335.003771775513,72407.6015625
3335.0051606488682,72287.65625
3335.0065495219897,72363.2734375
3335.007938395345,72396.6015625
3335.009327268467,72384.90625
3335.0107161418214,72337.203125
3335.0121050149437,72474.046875
3335.013493888298,72414.109375
3335.014882761419,72490.1640625
3335.0162716347736,72369.921875
3335.017660507896,72460.4609375
3335.019049381251,72389.7578125
3335.0204382546053,72405.703125
3335.0218271277276,72377.984375
3335.023216001083,72379.5
3335.024604874437,72346.6015625
3335.02599374756,72414.1953125
3335.0273826209145,72317.2109375
3335.028771494269,72332.8125
3335.030160367391,72440.640625
3335.0315492407467,72387.796875
3335.032938114101,72434.1328125
3335.034326987456,72402.53125
3335.035715860578,72363.3671875
3335.0371047339327,72405.953125
3335.038493607288,72369.640625
3335.039882480643,72394.6171875
3335.0412713539977,72400.3046875
3335.042660227352,72364.28125
3335.0440491004742,72406.21875
3335.045437973829,72399.0703125
3335.0468268471836,72379.8359375
3335.048215720539,72397.9296875
3335.049604593894,72360.1015625
3335.0509934672486,72379.3125
3335.0523823406033,72430.2421875
3335.0537712139585,72380.6171875
3335.0551600873127,72459.296875
3335.0565489606684,72408.2421875
3335.057937834023,72442.546875
3335.0593267073777,72401.3984375
3335.060715580733,72475.546875
3335.062104454088,72485.8984375
3335.0634933274423,72401.640625
3335.0648822007965,72430.2578125
3335.066271074152,72420.03125
3335.067659947507,72408.40625
3335.0690488208606,72404.5390625
3335.070437694448,72419.46875
3335.071826567803,72392.859375
3335.0732154411576,72461.2890625
3335.0746043145127,72435.3046875
3335.075993187868,72399.21875
3335.077382061222,72500.046875
3335.07877093481,72480.84375
3335.0801598081653,72496.921875
3335.0815486815195,72364.2890625
3335.082937554875,72472.1484375
3335.0843264284626,72404.8046875
3335.0857153018173,72428.1796875
3335.0871041751716,72449.3984375
3335.0884930487596,72391.2578125
3335.0898819221147,72466.0546875
3335.091270795469,72394.8984375
3335.092659669057,72418.2265625
3335.094048542412,72363.5078125
3335.095437415767,72407.8984375
3335.0968262893543,72404.21875
3335.09821516271,72503.0390625
3335.099604036297,72412.4609375
3335.100992909652,72452.78125
3335.1023817832397,72483.4140625
3335.1037706565944,72491.1171875
3335.1051595301824,72478.0546875
3335.1065484035375,72471.0234375
3335.107937277125,72462.875
3335.10932615048,72518.3125
3335.1107150240678,72449.6015625
3335.112103897422,72450.140625
3335.1134927710095,72448.96875
3335.1148816443647,72492.3203125
3335.1162705179527,72512.0703125
3335.11765939154,72559.90625
3335.119048264895,72498.6875
3335.120437138483,72545.2109375
3335.12182601207,72506.8046875
3335.1232148854256,72508.0
3335.124603759013,72451.296875
3335.1259926325997,72520.765625
3335.1273815059544,72431.7109375
3335.128770379542,72441.328125
3335.1301592531295,72486.3359375
3335.1315481267175,72468.5625
3335.1329370000726,72469.1875
3335.1343258736597,72570.3515625
3335.1357147472468,72545.171875
3335.137103620835,72486.15625
3335.1384924944227,72525.8984375
3335.1398813680103,72541.9296875
3335.1412702413654,72514.6953125
3335.1426591149534,72500.4921875
3335.1440479885405,72514.375
3335.1454368621285,72468.8046875
3335.1468257357164,72502.3125
3335.1482146093035,72417.734375
3335.1496034828915,72449.8125
3335.1509923564795,72403.890625
3335.152381230067,72518.90625
3335.1537701036546,72469.9375
3335.155158977243,72508.9609375
3335.15654785083,72466.921875
3335.157936724418,72488.9375
3335.1593255980056,72547.0859375
3335.160714471593,72499.1875
3335.1621033451806,72529.8203125
3335.163492218768,72480.0390625
3335.1648810923566,72469.578125
3335.1662699659432,72502.90625
3335.1676588397645,72495.65625
3335.169047713352,72462.46875
3335.1704365869396,72505.1328125
3335.1718254605275,72442.5078125
3335.1732143341155,72508.5859375
3335.1746032077026,72542.4921875
3335.1759920815234,72603.8046875
3335.1773809551114,72510.4296875
3335.1787698286985,72530.6953125
3335.180158702287,72465.6796875
3335.181547576107,72517.390625
3335.182936449693,72490.7265625
3335.1843253232805,72542.0
3335.1857141971013,72594.0390625
3335.1871030706893,72569.03125
3335.188491944277,72516.46875
3335.189880818097,72482.3046875
3335.191269691685,72556.71875
3335.1926585652723,72542.375
3335.1940474390935,72501.90625
3335.195436312681,72579.4765625
3335.1968251865014,72523.5390625
3335.1982140600894,72547.0625
3335.1996029339102,72542.2890625
3335.2009918074973,72524.703125
3335.202380681318,72499.0234375
3335.203769554906,72527.53125
3335.205158428726,72490.78125
3335.2065473023135,72557.6875
3335.207936176134,72553.5859375
3335.2093250497223,72516.421875
3335.2107139235422,72528.484375
3335.2121027971302,72551.71875
3335.2134916709506,72585.84375
3335.214880544771,72520.7265625
3335.216269418359,72492.0234375
3335.2176582921797,72534.9609375
3335.219047166,72565.09375
3335.2204360395876,72590.25
3335.221824913409,72621.78125
3335.2232137872284,72490.9140625
3335.2246026610496,72476.390625
3335.225991534637,72530.203125
3335.2273804084575,72564.4609375
3335.2287692822783,72612.453125
3335.230158156099,72555.578125
3335.231547029686,72513.8359375
3335.232935903506,72552.15625
3335.2343247773274,72567.359375
3335.2357136511478,72543.2734375
3335.237102524968,72493.3359375
3335.2384913987885,72490.7109375
3335.239880272375,72569.8359375
3335.2412691461955,72579.25
3335.2426580200163,72576.0703125
3335.244046893837,72515.4609375
3335.2454357676575,72526.9765625
3335.246824641478,72508.8359375
3335.2482135152986,72623.0
3335.2496023891185,72541.2265625
3335.25099126294,72575.375
3335.25238013676,72505.9140625
3335.2537690105805,72575.6328125
3335.255157884401,72531.65625
3335.2565467582212,72501.84375
3335.257935632042,72541.84375
3335.259324505862,72559.609375
3335.2607133796832,72531.5859375
3335.2621022537364,72558.0546875
3335.263491127557,72550.0234375
3335.264880001377,72481.2578125
3335.2662688751984,72530.96875
3335.2676577490183,72587.6875
3335.269046622839,72513.109375
3335.2704354968923,72499.0546875
3335.2718243707127,72513.5625
3335.2732132445335,72477.453125
3335.2746021183543,72490.390625
3335.2759909924075,72565.8046875
3335.2773798662274,72549.859375
3335.2787687400482,72620.484375
3335.2801576138686,72561.828125
3335.281546487922,72492.1953125
3335.2829353617426,72540.5859375
3335.2843242355634,72537.640625
3335.2857131096166,72525.40625
3335.287101983437,72512.4921875
3335.288490857258,72599.859375
3335.2898797313105,72544.015625
3335.291268605132,72548.640625
3335.292657479185,72481.1953125
3335.2940463530053,72518.03125
3335.2954352270585,72592.2734375
3335.296824100878,72504.90625
3335.298212974931,72527.15625
3335.299601848752,72498.8828125
3335.3009907228056,72516.421875
3335.302379596626,72584.5078125
3335.3037684706783,72535.4140625
3335.3051573444995,72542.5546875
3335.3065462185527,72614.3671875
3335.307935092373,72557.59375
3335.3093239664267,72498.7890625
3335.3107128404804,72551.4765625
3335.3121017143003,72530.421875
3335.313490588354,72560.8046875
3335.3148794624076,72565.265625
3335.3162683362275,72549.6328125
3335.3176572102816,72465.7421875
3335.319046084335,72583.2265625
3335.320434958155,72501.546875
3335.3218238322083,72530.6328125
3335.3232127062624,72555.1953125
3335.324601580315,72505.703125
3335.325990454135,72546.8515625
3335.3273793281887,72516.1484375
3335.3287682022424,72506.515625
3335.3301570762956,72492.578125
3335.3315459503488,72522.5546875
3335.332934824403,72465.859375
3335.3343236982228,72492.703125
3335.3357125722764,72547.2578125
3335.3371014463296,72568.71875
3335.338490320383,72569.6796875
3335.3398791944364,72541.984375
3335.34126806849,72548.4609375
3335.3426569425433,72597.3359375
3335.3440458165965,72473.109375
3335.34543469065,72509.015625
3335.346823564703,72559.234375
3335.348212438756,72566.0078125
3335.3496013128097,72557.0625
3335.3509901868624,72522.9375
3335.3523790609147,72502.6015625
3335.3537679349683,72538.234375
3335.355156809022,72514.5390625
3335.356545683075,72608.5859375
3335.3579345571284,72519.296875
3335.3593234314153,72590.1015625
3335.3607123054676,72619.03125
3335.3621011795217,72550.296875
3335.363490053575,72510.265625
3335.364878927628,72549.578125
3335.3662678016817,72545.7734375
3335.367656675968,72541.390625
3335.369045550021,72602.40625
3335.3704344240737,72504.46875
3335.3718232981278,72599.8671875
3335.373212172414,72566.265625
3335.374601046467,72578.8828125
3335.3759899205206,72587.171875
3335.377378794807,72522.8046875
3335.37876766886,72559.484375
3335.3801565429135,72488.7578125
3335.3815454172,72555.8046875
3335.3829342912527,72542.640625
3335.3843231653063,72520.921875
3335.385712039593,72501.6796875
3335.387100913646,72557.1953125
3335.388489787932,72630.7578125
3335.389878661986,72499.4296875
3335.3912675362717,72553.8828125
3335.3926564103253,72545.09375
3335.3940452846114,72561.84375
3335.3954341586646,72625.4921875
3335.3968230329506,72549.96875
3335.3982119070038,72643.3671875
3335.3996007812907,72591.296875
3335.400989655343,72596.671875
3335.40237852963,72538.015625
3335.403767403683,72565.2734375
3335.405156277969,72560.125
3335.4065451522556,72566.8125
3335.4079340263083,72544.1796875
3335.4093229005935,72580.3359375
3335.41071177488,72525.671875
3335.4121006489336,72578.0859375
3335.4134895232196,72578.1328125
3335.4148783975056,72564.609375
3335.4162672715597,72545.125
3335.417656145845,72577.5703125
3335.419045020131,72570.828125
3335.4204338944173,72548.0703125
3335.421822768704,72594.4140625
3335.423211642757,72627.4140625
3335.424600517043,72529.2734375
3335.4259893913295,72568.46875
3335.427378265615,72586.6796875
3335.428767139902,72529.5625
3335.430156014188,72587.0234375
3335.431544888241,72555.5
3335.4329337625277,72560.8828125
3335.434322636814,72583.9453125
3335.4357115110997,72519.015625
3335.437100385386,72572.75
3335.4384892596727,72567.671875
3335.4398781339582,72575.5546875
3335.4412670082443,72547.75
3335.4426558825303,72582.0546875
3335.444044756817,72541.390625
3335.445433631103,72510.7734375
3335.4468225053893,72519.7734375
3335.4482113796757,72597.046875
3335.4496002539613,72563.8046875
3335.450989128248,72536.828125
3335.452378002767,72590.3203125
3335.453766877053,72604.078125
3335.455155751339,72592.3125
3335.456544625626,72582.96875
3335.457933499911,72576.59375
3335.459322374198,72567.90625
3335.460711248717,72611.453125
3335.462100123003,72537.5234375
3335.463488997288,72606.796875
3335.4648778715737,72644.2734375
3335.46626674586,72616.1171875
3335.467655620379,72560.0
3335.469044494665,72549.1953125
3335.470433368952,72598.734375
3335.4718222434703,72588.0546875
3335.473211117757,72589.3515625
3335.474599992043,72651.0
3335.4759888665617,72545.828125
3335.477377740848,72531.59375
3335.4787666151346,72575.0703125
3335.4801554896535,72588.3984375
3335.4815443639395,72551.03125
3335.482933238459,72611.8828125
3335.4843221127444,72578.90625
3335.485710987264,72536.7109375
3335.48709986155,72594.8125
3335.488488736069,72594.0234375
3335.489877610355,72547.7265625
3335.491266484874,72666.71875
3335.4926553591604,72520.25
3335.494044233679,72600.0390625
3335.4954331079657,72554.2421875
3335.4968219824846,72618.25
3335.4982108567706,72627.3671875
3335.4995997312894,72614.1640625
3335.500988605809,72562.9921875
3335.5023774800948,72512.4765625
3335.503766354614,72629.2734375
3335.5051552291334,72594.9453125
3335.506544103419,72549.4375
3335.5079329779383,72573.8125
3335.5093218524576,72560.21875
3335.5107107267436,72515.0078125
3335.512099601262,72495.515625
3335.5134884757813,72546.2578125
3335.5148773503,72621.015625
3335.516266224586,72597.2109375
3335.5176550991055,72555.4609375
3335.519043973625,72542.8984375
3335.5204328481427,72563.75
3335.521821722661,72587.875
3335.5232105971804,72576.0078125
3335.5245994714664,72548.265625
3335.5259883459853,72514.390625
3335.527377220505,72570.2109375
3335.5287660950235,72583.109375
3335.5301549695428,72618.0
3335.5315438440616,72557.7578125
3335.5329327185805,72595.6328125
3335.5343215930993,72553.0703125
3335.535710467618,72608.5703125
3335.537099342138,72518.421875
3335.538488216656,72639.28125
3335.5398770911756,72529.1796875
3335.5412659656945,72615.6484375
3335.5426548402133,72566.1484375
3335.5440437147327,72581.8203125
3335.545432589252,72589.296875
3335.546821463771,72565.3828125
3335.5482103385225,72603.9453125
3335.549599213042,72501.4609375
3335.55098808756,72585.78125
3335.55237696208,72544.875
3335.553765836599,72483.2890625
3335.5551547111177,72588.8984375
3335.556543585869,72595.8359375
3335.557932460388,72603.9765625
3335.5593213349075,72562.6796875
3335.560710209426,72539.8125
3335.5620990841785,72605.8046875
3335.5634879586974,72561.234375
3335.564876833216,72655.90625
3335.566265707968,72550.3984375
3335.5676545824876,72485.4453125
3335.569043457006,72529.1015625
3335.570432331758,72566.0859375
3335.571821206277,72599.6015625
3335.573210080796,72559.078125
3335.574598955548,72529.7265625
3335.5759878300673,72523.1484375
3335.577376704818,72515.828125
3335.578765579336,72569.4375
3335.5801544540877,72531.671875
3335.5815433286075,72540.8515625
3335.582932203126,72538.484375
3335.584321077878,72478.5390625
3335.58570995263,72534.53125
3335.5870988271486,72612.09375
3335.5884877019007,72573.625
3335.58987657642,72505.5390625
3335.5912654511717,72662.140625
3335.5926543256905,72539.828125
3335.594043200443,72547.25
3335.595432075194,72501.859375
3335.5968209497137,72539.71875
3335.5982098244654,72612.4453125
3335.599598699217,72543.4375
3335.600987573736,72476.609375
3335.6023764484876,72607.2734375
3335.60376532324,72506.4765625
3335.605154197758,72589.1328125
3335.6065430725107,72608.1484375
3335.6079319472624,72548.9765625
3335.609320822014,72527.9609375
3335.610709696766,72531.65625
3335.6120985712855,72607.140625
3335.6134874460367,72498.6875
3335.614876320789,72538.4375
3335.616265195541,72561.1328125
3335.6176540702922,72555.2890625
3335.6190429450444,72521.703125
3335.6204318195637,72574.4140625
3335.6218206943154,72588.6953125
3335.6232095690666,72532.8671875
3335.6245984438187,72611.8984375
3335.625987318571,72581.375
3335.627376193322,72607.578125
3335.6287650680742,72516.4921875
3335.6301539428264,72499.3984375
3335.631542817578,72568.5625
3335.6329316923293,72511.5703125
3335.6343205670805,72571.5
3335.635709441832,72531.4296875
3335.637098316584,72569.6015625
3335.6384871913365,72523.0234375
3335.6398760663205,72627.28125
3335.6412649410727,72568.171875
3335.642653815825,72518.890625
3335.644042690576,72562.4609375
3335.6454315653277,72591.2109375
3335.6468204400794,72530.0625
3335.648209314832,72602.5703125
3335.649598189816,72680.7578125
3335.650987064568,72641.515625
3335.65237593932,72543.1328125
3335.6537648140716,72548.203125
3335.6551536890565,72563.8125
3335.6565425638087,72560.8203125
3335.6579314385604,72610.8984375
3335.659320313545,72491.5859375
3335.660709188297,72553.6796875
3335.6620980630482,72554.03125
3335.6634869380337,72623.625
3335.6648758127853,72567.9140625
3335.666264687537,72540.265625
3335.6676535625215,72583.703125
3335.669042437273,72591.5703125
3335.670431312258,72550.71875
3335.6718201870094,72559.421875
3335.673209061995,72599.21875
3335.6745979367465,72513.15625
3335.675986811498,72570.7421875
3335.6773756864827,72501.65625
3335.678764561468,72594.109375
3335.6801534362194,72595.1875
3335.6815423112043,72513.84375
3335.6829311859565,72571.3515625
3335.6843200609405,72577.6640625
3335.6857089356927,72587.96875
3335.6870978106776,72614.828125
3335.688486685662,72574.5
3335.6898755604134,72614.5859375
3335.6912644353974,72580.7265625
3335.692653310382,72580.84375
3335.694042185133,72597.1015625
3335.695431060118,72579.125
3335.696819935103,72581.7890625
3335.6982088098543,72505.765625
3335.6995976848393,72549.421875
3335.7009865598243,72588.875
3335.702375434809,72630.5078125
3335.7037643095605,72574.34375
3335.705153184546,72565.984375
3335.70654205953,72578.5234375
3335.707930934515,72534.0234375
3335.7093198094994,72574.3984375
3335.710708684484,72522.9140625
3335.712097559469,72569.3359375
3335.713486434221,72577.046875
3335.7148753092056,72563.8125
3335.716264184189,72600.5546875
3335.7176530591746,72536.40625
3335.719041934159,72543.6796875
3335.7204308091436,72504.515625
3335.7218196841286,72557.9453125
3335.7232085591136,72582.5859375
3335.724597434098,72506.203125
3335.7259863090826,72571.8984375
3335.7273751840676,72639.6875
3335.7287640590516,72527.2421875
3335.730152934037,72508.90625
3335.7315418090216,72624.625
3335.732930684239,72599.9609375
3335.7343195592234,72523.7265625
3335.735708434209,72538.796875
3335.737097309193,72555.9609375
3335.738486184177,72575.6796875
3335.7398750591624,72560.9140625
3335.7412639343797,72559.734375
3335.7426528093642,72567.28125
3335.7440416843488,72644.3984375
3335.7454305593333,72521.046875
3335.746819434317,72562.3203125
3335.7482083095347,72579.34375
3335.7495971845196,72504.859375
3335.7509860595037,72538.75
3335.7523749347215,72524.0390625
3335.7537638097065,72543.5078125
3335.7551526846905,72524.1171875
3335.7565415599083,72597.8203125
3335.7579304348933,72614.8828125
3335.759319309878,72625.2109375
3335.7607081850947,72578.8203125
3335.7620970600797,72571.3515625
3335.7634859352975,72608.671875
3335.7648748102815,72541.8125
3335.7662636854993,72516.109375
3335.7676525604843,72600.6015625
3335.7690414357016,72617.1640625
3335.770430310686,72602.7109375
3335.7718191859044,72595.5390625
3335.773208060888,72620.5078125
3335.7745969361063,72566.9375
3335.775985811091,72554.1171875
3335.777374686308,72565.265625
3335.778763561293,72521.8984375
3335.780152436511,72542.1875
3335.7815413117282,72581.2734375
3335.782930186712,72585.5234375
3335.78431906193,72520.984375
3335.7857079371474,72598.859375
3335.787096812132,72530.9296875
3335.7884856873497,72647.9375
3335.7898745625675,72567.4453125
3335.7912634377844,72552.640625
3335.7926523127694,72638.5859375
3335.794041187987,72535.203125
3335.795430063204,72550.671875
3335.7968189384223,72593.25
3335.7982078136397,72516.0390625
3335.799596688624,72557.8125
3335.8009855638416,72549.8359375
3335.802374439059,72593.578125
3335.8037633142753,72601.90625
3335.8051521894927,72577.3125
3335.80654106471,72521.1796875
3335.807929939928,72546.96875
3335.8093188151447,72531.1328125
3335.81070769013,72540.828125
3335.8120965653475,72621.3828125
3335.813485440565,72537.328125
3335.814874315782,72527.203125
3335.8162631910004,72509.671875
3335.8176520662173,72515.5859375
3335.819040941668,72525.84375
3335.8204298168857,72511.3203125
3335.8218186921026,72523.6875
3335.8232075673204,72630.2421875
3335.824596442538,72543.71875
3335.8259853177556,72552.8125
3335.8273741929725,72567.609375
3335.8287630681903,72615.7734375
3335.8301519434076,72502.578125
3335.831540818858,72458.1875
3335.8329296940756,72546.2890625
3335.8343185692934,72554.0078125
3335.8357074445107,72611.015625
3335.837096319728,72533.4296875
3335.838485195179,72537.140625
3335.8398740703956,72626.859375
3335.841262945614,72544.4375
3335.842651821064,72564.875
3335.8440406962814,72547.203125
3335.845429571499,72520.09375
3335.84681844695,72562.2421875
3335.8482073221667,72556.2421875
3335.8495961973836,72576.0234375
3335.8509850728346,72567.7578125
3335.852373948052,72537.4140625
3335.8537628232693,72585.171875
3335.8551516987195,72528.6640625
3335.8565405739378,72566.90625
3335.8579294493875,72545.2421875
3335.8593183246044,72625.0859375
3335.8607072000545,72590.3515625
3335.862096075272,72459.78125
3335.863484950722,72473.046875
3335.86487382594,72570.4921875
3335.8662627013896,72555.875
3335.867651576608,72589.2109375
3335.869040452058,72541.296875
3335.870429327508,72570.359375
3335.871818202725,72547.03125
3335.8732070781757,72532.5625
3335.8745959536263,72541.0078125
3335.8759848288432,72492.6484375
3335.8773737042943,72622.3203125
3335.8787625797445,72549.78125
3335.880151454962,72558.171875
3335.881540330412,72567.453125
3335.882929205863,72600.9765625
3335.88431808108,72547.546875
3335.8857069565306,72538.6875
3335.887095831981,72564.625
3335.888484707431,72496.578125
3335.8898735828816,72604.2265625
3335.8912624580994,72573.421875
3335.8926513335496,72572.3515625
3335.894040208999,72594.796875
3335.89542908445,72637.3984375
3335.8968179599,72569.7265625
3335.8982068353503,72582.1328125
3335.899595710801,72558.59375
3335.9009845862515,72615.1640625
3335.9023734617017,72571.4140625
3335.903762337152,72489.59375
3335.9051512126025,72505.7734375
3335.906540088052,72606.03125
3335.9079289635033,72560.953125
3335.9093178389535,72535.734375
3335.9107067144037,72599.71875
3335.9120955898534,72604.015625
3335.913484465304,72626.578125
3335.914873340754,72642.7265625
3335.9162622162034,72546.3828125
3335.9176510916536,72547.84375
3335.9190399671047,72539.4921875
3335.920428842554,72557.796875
3335.921817718238,72584.453125
3335.923206593688,72554.4921875
3335.9245954691382,72647.46875
3335.925984344589,72572.6796875
3335.9273732200395,72552.0625
3335.928762095722,72536.6484375
3335.9301509711727,72531.265625
3335.9315398466233,72576.046875
3335.932928722073,72563.4921875
3335.934317597756,72496.5390625
3335.935706473206,72530.1953125
3335.9370953486573,72592.890625
3335.93848422434,72624.4921875
3335.9398730997905,72526.3984375
3335.941261975241,72529.7421875
3335.9426508509237,72526.8671875
3335.9440397263743,72523.71875
3335.9454286020577,72535.8515625
3335.946817477508,72569.2421875
3335.948206353191,72608.671875
3335.949595228642,72528.5234375
3335.950984104324,72513.078125
3335.952372979775,72537.0625
3335.953761855458,72507.65625
3335.9551507309084,72550.265625
3335.9565396065914,72548.65625
3335.9579284820416,72589.421875
3335.9593173577255,72550.890625
3335.9607062331747,72536.8828125
3335.9620951088586,72520.2734375
3335.9634839845417,72580.84375
3335.964872859992,72564.984375
3335.9662617356753,72529.6015625
3335.9676506113587,72586.5234375
3335.9690394868085,72547.3359375
3335.970428362492,72556.9765625
3335.971817238175,72569.1328125
3335.973206113624,72605.9375
3335.974594989307,72527.7734375
3335.975983864991,72565.1484375
3335.977372740673,72568.1171875
3335.978761616356,72603.2734375
3335.980150491807,72586.0546875
3335.9815393674903,72559.328125
3335.9829282431733,72576.3984375
3335.9843171188563,72501.3125
3335.98570599454,72560.3984375
3335.9870948702223,72580.9375
3335.9884837456734,72575.3359375
3335.9898726213564,72526.2578125
3335.9912614970394,72505.8515625
3335.9926503727224,72633.1875
3335.9940392484064,72574.0546875
3335.995428124089,72518.2109375
3335.9968169997724,72557.6796875
3335.998205875456,72519.6484375
3335.9995947511384,72479.171875
3336.0009836268214,72616.1796875
3336.0023725025044,72592.421875
3336.0037613781883,72547.09375
3336.005150253871,72514.5546875
3336.006539129787,72568.546875
3336.00792800547,72555.671875
3336.009316881153,72513.796875
3336.0107057568366,72568.8046875
3336.01209463252,72518.125
3336.013483508203,72551.78125
3336.014872384119,72569.0234375
3336.016261259803,72610.7109375
3336.017650135485,72606.984375
3336.019039011169,72537.140625
3336.020427886852,72561.4375
3336.0218167627677,72467.7109375
3336.0232056384507,72491.6484375
3336.0245945141337,72554.7265625
3336.02598339005,72470.1171875
3336.027372265732,72487.234375
3336.0287611414146,72585.9921875
3336.0301500173314,72508.1171875
3336.0315388930135,72496.8828125
3336.0329277686974,72593.078125
3336.034316644613,72578.5390625
3336.0357055202962,72504.1640625
3336.0370943962125,72509.875
3336.038483271896,72515.765625
3336.039872147812,72533.7265625
3336.041261023495,72496.234375
3336.042649899411,72543.09375
3336.0440387750937,72523.8515625
3336.0454276510095,72605.5078125
3336.046816526693,72514.765625
3336.0482054026093,72451.9609375
3336.049594278292,72493.09375
3336.050983154208,72520.7890625
3336.0523720298916,72501.21875
3336.053760905807,72506.8203125
3336.0551497817237,72448.2421875
3336.0565386574067,72520.1015625
3336.0579275333225,72582.3359375
3336.0593164092384,72431.171875
3336.0607052849223,72428.5078125
3336.0620941608377,72499.078125
3336.063483036754,72469.484375
3336.06487191267,72483.3515625
3336.066260788353,72426.9609375
3336.0676496642686,72516.9453125
3336.0690385401845,72460.4921875
3336.070427416101,72473.671875
3336.0718162920166,72572.421875
3336.0732051677,72538.90625
3336.074594043616,72485.0234375
3336.0759829195317,72505.3359375
3336.077371795448,72499.5703125
3336.0787606713643,72395.546875
3336.08014954728,72410.5078125
3336.081538423196,72492.8828125
3336.0829272991123,72525.3984375
3336.084316175027,72519.1484375
3336.0857050509426,72430.5546875
3336.0870939268593,72434.5625
3336.0884828027743,72505.453125
3336.08987167869,72413.9140625
3336.0912605546064,72495.421875
3336.0926494305227,72481.1328125
3336.0940383064385,72501.5390625
3336.0954271823543,72421.125
3336.096816058271,72505.4375
3336.098204934186,72456.8046875
3336.0995938101028,72505.390625
3336.1009826862514,72423.890625
3336.1023715621673,72435.125
3336.1037604380836,72485.859375
3336.105149314,72432.5
3336.106538189915,72528.5390625
3336.1079270660634,72508.4453125
3336.10931594198,72437.84375
3336.110704817896,72536.28125
3336.112093693812,72476.96875
3336.113482569961,72498.3671875
3336.1148714458773,72449.9140625
3336.1162603217927,72446.9296875
3336.117649197942,72500.6328125
3336.119038073858,72475.9765625
3336.1204269497734,72472.8984375
3336.1218158259226,72453.2265625
3336.123204701839,72489.1484375
3336.1245935777547,72518.2890625
3336.1259824539034,72492.25
3336.12737132982,72535.515625
3336.1287602059683,72451.4609375
3336.1301490818837,72441.203125
3336.131537958033,72451.421875
3336.132926833949,72445.296875
3336.134315710098,72389.7890625
3336.1357045860136,72495.8203125
3336.137093462163,72462.296875
3336.138482338078,72525.09375
3336.1398712142277,72520.171875
3336.141260090376,72446.3359375
3336.142648966291,72449.6015625
3336.14403784244,72454.015625
3336.1454267185886,72469.609375
3336.1468155945045,72471.7421875
3336.1482044706536,72465.4765625
3336.1495933468027,72402.6953125
3336.1509822227185,72458.578125
3336.1523710988668,72504.1640625
3336.153759975016,72436.3125
3336.1551488509317,72519.625
3336.1565377270804,72452.828125
3336.1579266032295,72490.8828125
3336.1593154793786,72567.2421875
3336.1607043555273,72511.109375
3336.162093231676,72499.3125
3336.1634821075922,72493.65625
3336.1648709837405,72490.6171875
3336.16625985989,72468.0546875
3336.1676487360387,72489.6640625
3336.1690376121874,72499.9765625
3336.1704264883365,72484.78125
3336.1718153644856,72430.6953125
3336.173204240634,72457.875
3336.174593116782,72446.7109375
3336.1759819929316,72469.8984375
3336.1773708690803,72546.671875
3336.178759745229,72537.8984375
3336.1801486213776,72498.8671875
3336.181537497527,72490.6484375
3336.1829263736754,72410.3828125
3336.1843152498245,72458.9609375
3336.185704125973,72459.0546875
3336.187093002122,72565.796875
3336.188481878271,72473.578125
3336.18987075442,72519.984375
3336.1912596308016,72431.7265625
3336.1926485069503,72501.3515625
3336.1940373831,72475.4765625
3336.1954262592476,72529.90625
3336.1968151353954,72472.21875
3336.198204011777,72541.2265625
3336.199592887926,72502.1875
3336.200981764074,72533.453125
3336.202370640456,72513.3046875
3336.2037595166053,72471.96875
3336.205148392754,72502.8046875
3336.2065372689026,72437.75
3336.207926145285,72478.6171875
3336.209315021433,72456.8359375
3336.210703897815,72483.421875
3336.212092773964,72473.734375
3336.2134816501125,72465.765625
3336.214870526494,72484.5546875
3336.2162594026427,72471.9453125
3336.217648279025,72442.375
3336.219037155173,72415.7109375
3336.2204260315552,72545.375
3336.221814907704,72424.8671875
3336.2232037840854,72510.9921875
3336.2245926602345,72499.3046875
3336.2259815366165,72494.96875
3336.2273704127647,72512.375
3336.2287592891466,72481.2734375
3336.2301481655286,72467.5
3336.231537041677,72504.671875
3336.232925918059,72506.53125
3336.234314794208,72425.9296875
3336.2357036705894,72519.7421875
3336.2370925469704,72528.0390625
3336.2384814231195,72420.234375
3336.2398702995015,72532.515625
3336.2412591758825,72524.3125
3336.2426480522645,72474.21875
3336.2440369284136,72489.6953125
3336.245425804795,72487.9296875
3336.2468146811766,72509.0703125
3336.248203557559,72489.4609375
3336.24959243394,72505.6484375
3336.250981310089,72489.8515625
3336.2523701864707,72495.3359375
3336.2537590628513,72525.703125
3336.2551479392328,72477.25
3336.2565368156147,72496.609375
3336.2579256919958,72463.0078125
3336.2593145683772,72480.8515625
3336.2607034447587,72485.9765625
3336.262092321141,72568.265625
3336.263481197522,72526.1640625
3336.264870073904,72396.03125
3336.2662589502856,72495.5625
3336.267647826667,72512.7109375
3336.269036703049,72410.53125
3336.270425579431,72535.1875
3336.2718144558125,72456.828125
3336.273203332194,72474.28125
3336.2745922085765,72507.7734375
3336.275981084957,72496.921875
3336.2773699613394,72459.578125
3336.278758837954,72515.2109375
3336.2801477143353,72516.9921875
3336.2815365907168,72521.9140625
3336.2829254670983,72511.5234375
3336.28431434348,72458.09375
3336.285703220094,72552.9765625
3336.2870920964765,72546.296875
3336.288480972858,72542.96875
3336.2898698492395,72490.640625
3336.2912587258543,72428.34375
3336.2926476022362,72430.2421875
3336.2940364786173,72389.0859375
3336.295425355232,72386.2578125
3336.296814231614,72491.796875
3336.298203107995,72475.34375
3336.2995919846094,72553.3828125
3336.300980860991,72488.28125
3336.3023697373733,72487.0625
3336.303758613987,72486.46875
3336.305147490369,72480.9140625
3336.306536366984,72456.7109375
3336.307925243365,72444.8515625
3336.3093141199793,72467.953125
3336.3107029963603,72544.953125
3336.312091872974,72476.75
3336.3134807493566,72438.8359375
3336.314869625971,72485.09375
3336.3162585025852,72523.375
3336.3176473789667,72440.921875
3336.319036255582,72462.09375
3336.320425131963,72475.484375
3336.321814008577,72423.5078125
3336.3232028851917,72417.9375
3336.3245917615736,72459.0390625
3336.325980638188,72390.765625
3336.3273695148023,72429.0234375
3336.3287583911847,72385.6875
3336.3301472677986,72479.015625
3336.3315361444133,72382.5859375
3336.3329250210277,72491.359375
3336.334313897642,72457.7421875
3336.335702774024,72518.53125
3336.3370916506387,72413.734375
3336.338480527253,72436.21875
3336.3398694038674,72452.65625
3336.341258280482,72450.3125
3336.342647157096,72433.5390625
3336.3440360334776,72446.34375
3336.3454249100923,72449.5234375
3336.346813786707,72448.4140625
3336.3482026633214,72496.703125
3336.349591539936,72430.8046875
3336.3509804165506,72455.2734375
3336.3523692931644,72417.484375
3336.3537581697797,72436.8046875
3336.355147046394,72446.4609375
3336.3565359230083,72487.84375
3336.3579247996227,72434.109375
3336.359313676238,72429.4140625
3336.3607025528518,72477.78125
3336.3620914296985,72499.3671875
3336.3634803063137,72389.71875
3336.364869182928,72373.640625
3336.3662580595415,72401.1875
3336.367646936156,72477.5078125
3336.36903581277,72376.2734375
3336.3704246896173,72420.671875
3336.371813566232,72431.5390625
3336.373202442847,72388.8359375
3336.3745913194607,72379.7890625
3336.3759801960755,72387.296875
3336.377369072923,72419.2890625
3336.378757949537,72346.59375
3336.3801468261518,72458.4296875
3336.3815357029994,72371.0859375
3336.3829245796137,72438.453125
3336.3843134562276,72409.578125
3336.385702333075,72375.328125
3336.38709120969,72370.7578125
3336.3884800865367,72357.3203125
3336.3898689631515,72386.71875
3336.3912578397662,72347.5625
3336.3926467166134,72442.84375
3336.3940355932277,72351.453125
3336.395424470076,72427.03125
3336.396813346689,72332.9375
3336.3982022235373,72337.5234375
3336.3995911001516,72368.2109375
3336.4009799769988,72430.609375
3336.4023688536136,72440.2578125
3336.403757730461,72339.234375
3336.4051466073083,72312.7265625
3336.4065354839217,72389.8203125
3336.40792436077,72354.5234375
3336.409313237617,72366.546875
3336.4107021142313,72338.34375
3336.412090991079,72362.2265625
3336.4134798679265,72270.6875
3336.4148687445404,72137.0703125
3336.416257621388,71993.4453125
3336.4176464982356,71800.15625
3336.4190353748495,71562.15625
3336.4204242516976,71362.796875
3336.4218131285447,70961.234375
3336.423202005391,70710.46875
3336.424590882237,70364.2578125
3336.425979758852,70058.8046875
3336.4273686356996,69669.0
3336.428757512547,69171.2734375
3336.430146389394,68855.59375
3336.4315352662416,68448.75
3336.4329241430883,67966.140625
3336.4343130199363,67566.515625
3336.4357018967835,67095.7109375
3336.4370907736306,66546.6328125
3336.438479650478,66091.359375
3336.439868527326,65566.59375
3336.4412574041726,65049.2109375
3336.44264628102,64560.28125
3336.444035157868,64030.14453125
3336.4454240347145,63484.14453125
3336.4468129115617,62841.15625
3336.448201788409,62296.48046875
3336.449590665257,61664.87109375
3336.4509795421036,61130.8359375
3336.452368418951,60502.4921875
3336.453757296031,59915.97265625
3336.4551461728784,59334.23828125
3336.456535049726,58749.296875
3336.4593128034207,57488.24609375
3336.4607016805007,56867.703125
3336.462090557349,56209.34375
3336.463479434195,55574.1796875
3336.464868311043,55004.30859375
3336.466257188123,54389.08984375
3336.4690349418174,53078.56640625
3336.4704238188974,52433.93359375
3336.471812695745,51857.62890625
3336.4732015725917,51201.890625
3336.4745904496726,50609.81640625
3336.47597932652,49962.53515625
3336.4773682036,49361.33203125
3336.4787570804465,48754.7578125
3336.480145957526,48185.8359375
3336.481534834373,47628.24609375
3336.482923711221,47025.66796875
3336.4843125883012,46518.51171875
3336.485701465381,45973.2890625
3336.4870903422275,45494.31640625
3336.4884792193084,45008.9609375
3336.4898680961555,44452.45703125
3336.4912569732355,44036.02734375
3336.492645850083,43620.12109375
3336.4940347271636,43225.5390625
3336.495423604243,42764.703125
3336.4968124810907,42447.4140625
3336.498201358171,42149.3828125
3336.4995902352507,41800.67578125
3336.500979112099,41558.90234375
3336.5023679891788,41338.75390625
3336.5037568662588,41199.3671875
3336.5051457433387,41052.3828125
3336.506534620187,40950.6796875
3336.5079234972663,40898.96484375
3336.509312374346,40847.80078125
3336.5107012514263,40915.9609375
3336.5120901285068,41027.9296875
3336.513479005354,40987.48046875
3336.514867882434,41236.55859375
3336.516256759515,41419.8125
3336.517645636594,41637.9375
3336.519034513675,41944.421875
3336.520423390755,42188.85546875
3336.521812267835,42553.31640625
3336.523201144915,42921.66796875
3336.5245900219957,43295.53515625
3336.5259788990757,43705.9921875
3336.5273677761556,44145.5859375
3336.528756653236,44637.671875
3336.5301455303156,45118.59375
3336.5315344073956,45621.09765625
3336.532923284476,46175.28515625
3336.5343121615565,46704.91015625
3336.5357010386356,47220.02734375
3336.537089915715,47832.35546875
3336.5384787927956,48311.359375
3336.5412565471884,49621.49609375
3336.5426454242693,50182.265625
3336.5454231784292,51405.27734375
3336.546812055742,52072.70703125
3336.549589809902,53238.33984375
3336.550978686982,53893.01953125
3336.5523675642953,54508.49609375
3336.5551453184557,55763.41015625
3336.5579230728486,57100.62109375
3336.5593119499285,57647.375
3336.5607008272423,58289.3359375
3336.562089704322,58901.79296875
3336.563478581635,59550.15625
3336.5648674587155,60169.49609375
3336.566256336028,60677.68359375
3336.5676452131083,61293.3828125
3336.5690340904216,61848.69140625
3336.5704229675016,62440.18359375
3336.571811844814,63046.75390625
3336.5732007218944,63622.12109375
3336.5745895992072,64063.25390625
3336.575978476287,64646.9609375
3336.5773673536005,65194.84765625
3336.578756230681,65732.9921875
3336.5801451079938,66192.25
3336.5815339853066,66690.5234375
3336.5829228623875,67103.0078125
3336.5843117396994,67619.828125
3336.585700617013,68120.3671875
3336.587089494093,68482.3203125
3336.588478371406,68908.9765625
3336.5898672487187,69321.8828125
3336.5912561260307,69659.6484375
3336.5926450031106,70041.0546875
3336.5940338804235,70371.9140625
3336.5954227577363,70711.421875
3336.59681163505,70959.6875
3336.598200512362,71316.890625
3336.599589389443,71480.9296875
3336.6009782667556,71845.78125
3336.6023671440685,71911.0703125
3336.6037560213817,72094.9453125
3336.605144898695,72304.6875
3336.606533776008,72237.8046875
3336.6079226533207,72343.1484375
3336.609311530634,72290.1640625
3336.6107004079463,72352.5546875
3336.612089285259,72329.984375
3336.6134781625724,72301.265625
3336.6148670398857,72281.6640625
3336.616255917198,72306.1953125
3336.6176447945113,72342.6171875
3336.6190336718246,72235.234375
3336.620422549137,72263.7109375
3336.6218114264507,72323.84375
3336.6232003037635,72334.03125
3336.624589181309,72243.578125
3336.625978058622,72279.53125
3336.6273669359357,72333.390625
3336.628755813248,72343.1484375
3336.6301446905604,72225.78125
3336.6315335681065,72375.6796875
3336.63292244542,72308.359375
3336.6343113227326,72322.078125
3336.6357002000454,72341.8828125
3336.637089077592,72307.7890625
3336.6384779549044,72360.703125
3336.6398668322176,72356.0859375
3336.6412557097633,72294.6484375
3336.642644587076,72292.9296875
3336.6440334643894,72375.0390625
3336.6454223419355,72357.390625
3336.6468112192483,72342.890625
3336.6482000965602,72268.890625
3336.649588974106,72304.625
3336.6509778514187,72296.015625
3336.652366728964,72351.1015625
3336.653755606277,72348.671875
3336.655144483823,72382.2109375
3336.6565333611356,72316.4375
3336.6579222386817,72252.890625
3336.659311115995,72324.5078125
3336.6606999935407,72276.4296875
3336.6620888710863,72338.4765625
3336.6634777484,72326.1171875
3336.664866625945,72351.8125
3336.6662555032585,72293.828125
3336.667644380804,72322.046875
3336.66903325835,72296.8125
3336.6704221356626,72343.890625
3336.6718110132083,72288.828125
3336.6731998907544,72377.7109375
3336.6745887682996,72372.9453125
3336.6759776456133,72395.890625
3336.677366523159,72344.8671875
3336.6787554007046,72349.0078125
3336.6801442782507,72332.625
3336.681533155564,72327.9765625
3336.682922033109,72328.2578125
3336.6843109106553,72375.484375
3336.6856997882014,72393.6953125
3336.6870886657466,72352.84375
3336.6884775432927,72415.828125
3336.689866420839,72323.671875
3336.6912552983845,72442.140625
3336.6926441759297,72468.203125
3336.694033053476,72353.484375
3336.695421930789,72383.2734375
3336.6968108083342,72345.0625
3336.6981996858804,72395.7421875
3336.6995885636593,72437.078125
3336.700977441205,72341.8046875
3336.7023663187506,72375.671875
3336.703755196297,72393.2890625
3336.7051440738414,72388.4609375
3336.7065329513866,72430.6484375
3336.707921828933,72466.359375
3336.7093107064784,72395.3125
3336.7106995840236,72473.8671875
3336.7120884615697,72455.875
3336.7134773393486,72379.2421875
3336.7148662168943,72464.9375
3336.71625509444,72429.953125
3336.7176439719865,72485.21875
3336.7190328497645,72340.515625
3336.7204217273106,72370.3515625
3336.7218106048563,72455.1328125
3336.723199482402,72388.75
3336.724588360181,72511.234375
3336.725977237727,72511.9609375
3336.7273661152726,72434.8203125
3336.728754993051,72519.1171875
3336.730143870597,72471.3515625
3336.7315327483752,72568.375
3336.732921625921,72495.6015625
3336.734310503467,72539.9296875
3336.735699381246,72586.59375
3336.7370882587916,72477.296875
3336.73847713657,72521.34375
3336.739866014116,72516.421875
3336.741254891894,72546.15625
3336.7426437694407,72600.3984375
3336.7440326472192,72560.796875
3336.7454215249977,72547.1796875
3336.7468104025434,72594.484375
3336.7481992803228,72589.6015625
3336.749588157868,72559.640625
3336.750977035646,72544.1171875
3336.752365913425,72504.25
3336.753754790971,72632.015625
3336.7551436687495,72589.328125
3336.756532546528,72604.828125
3336.7579214240745,72557.4140625
3336.7593103018526,72652.7265625
3336.7606991796306,72598.8359375
3336.762088057409,72662.328125
3336.7634769349543,72632.8671875
3336.764865812733,72708.421875
3336.766254690512,72651.6875
3336.76764356829,72667.3125
3336.769032446069,72630.5625
3336.770421323848,72613.828125
3336.7718102016265,72625.296875
3336.7731990791717,72680.875
3336.7745879569507,72709.578125
3336.7759768347296,72653.765625
3336.7773657125076,72651.9140625
3336.7787545902866,72764.71875
3336.7801434680655,72673.359375
3336.781532345844,72715.2265625
3336.7829212236225,72719.7734375
3336.784310101402,72673.9140625
3336.7856989791794,72753.1171875
3336.787087856959,72719.6796875
3336.7884767347373,72698.53125
3336.7898656125158,72691.3671875
3336.791254490527,72726.9375
3336.7926433683056,72757.6953125
3336.7940322460845,72714.84375
3336.7954211238625,72774.296875
3336.796810001642,72782.6640625
3336.7981988794204,72744.90625
3336.7995877574317,72766.3046875
3336.8009766352106,72803.1640625
3336.8023655129896,72823.109375
3336.8037543907676,72721.3515625
3336.8051432687794,72825.734375
3336.8065321465583,72823.4921875
3336.8079210243363,72896.3125
3336.809309902348,72807.8828125
3336.810698780127,72788.6484375
3336.8120876579055,72823.3359375
3336.8134765359164,72841.8671875
3336.8148654136953,72868.7734375
3336.8162542914743,72877.1875
3336.8176431694847,72909.1484375
3336.8190320472627,72915.3125
3336.8204209252744,72938.90625
3336.8218098030525,72915.890625
3336.8231986810647,72870.2265625
3336.824587558843,73015.0078125
3336.8259764368545,72928.25
3336.827365314633,72957.5234375
3336.828754192645,72998.640625
3336.830143070423,72960.25
3336.831531948434,73000.3125
3336.832920826446,72991.484375
3336.834309704225,72977.3046875
3336.835698582236,72995.3515625
3336.8370874602474,73008.5
3336.838476338027,73065.7109375
3336.8398652160377,73092.71875
3336.8412540940494,72991.7890625
3336.842642971828,73022.6875
3336.844031849839,73036.734375
3336.845420727851,73051.7578125
3336.8468096058627,73029.328125
3336.848198483641,73094.734375
3336.8495873616525,73072.9296875
3336.8509762396643,73115.234375
3336.852365117675,73106.9296875
3336.8537539956865,73127.0859375
3336.8551428736982,73121.015625
3336.85653175171,73040.0
3336.8579206294885,73049.640625
3336.8593095075,73034.4375
3336.8606983855116,73044.546875
3336.8620872635224,73051.359375
3336.8634761415346,73122.4609375
3336.864865019546,73020.7890625
3336.8662538975573,73135.03125
3336.8676427755686,73052.03125
3336.869031653581,73110.0
3336.8704205315917,73158.5390625
3336.8718094096025,73135.4296875
3336.8731982878467,73022.203125
3336.8745871658575,73153.3828125
3336.8759760438684,73072.921875
3336.8773649218806,73127.0234375
3336.878753799892,73180.171875
3336.880142677903,73128.8046875
3336.881531555915,73139.0390625
3336.8829204341596,73171.578125
3336.8843093121704,73106.421875
3336.885698190182,73084.6171875
3336.887087068194,73094.09375
3336.8884759464377,73186.0078125
3336.8898648244494,73109.7890625
3336.891253702461,73186.59375
3336.8926425807053,73144.078125
3336.894031458716,73113.4296875
3336.895420336728,73104.578125
3336.8968092149726,73145.8984375
3336.8981980929834,73089.984375
3336.899586970995,73187.2734375
3336.90097584924,73141.7578125
3336.902364727251,73205.6875
3336.9037536054952,73125.5
3336.9051424835075,73113.3671875
3336.9065313617507,73084.3828125
3336.907920239763,73104.875
3336.909309118007,73074.9296875
3336.9106979960184,73157.59375
3336.9120868742625,73060.9453125
3336.913475752274,73146.4140625
3336.914864630519,73080.0625
3336.916253508762,73052.3515625
3336.9176423867743,73061.8125
3336.9190312650185,73072.8125
3336.9204201432626,73135.5703125
3336.9218090212744,73115.2734375
3336.923197899519,73080.2578125
3336.9245867777627,73019.3125
3336.9259756557744,73089.28125
3336.927364534019,73081.796875
3336.9287534122627,73011.6015625
3336.930142290506,72973.609375
3336.9315311685173,73013.5703125
3336.9329200467614,72992.2578125
3336.9343089250056,73125.5546875
3336.93569780325,73016.2578125
3336.9370866814947,73023.1328125
3336.938475559739,72994.578125
3336.939864437983,72988.296875
3336.941253315995,73088.265625
3336.9426421942385,72992.2890625
3336.9440310724835,73034.8984375
3336.9454199507277,72994.90625
3336.946808828972,73006.9296875
3336.948197707216,72955.296875
3336.949586585461,72984.234375
3336.9509754637047,72939.765625
3336.9523643419484,72926.3671875
3336.9537532201934,72949.53125
3336.9551420986704,72955.953125
3336.9565309769146,72913.6328125
3336.9579198551587,72922.0546875
3336.9593087334038,72895.7265625
3336.9606976116474,73002.90625
3336.962086489892,72922.0
3336.963475368136,72969.5078125
3336.964864246613,72946.3515625
3336.9662531248578,72891.6484375
3336.9676420031024,72846.71875
3336.9690308813465,72895.96875
3336.9704197595897,72864.765625
3336.9718086380676,72848.34375
3336.9731975163118,72821.984375
3336.974586394556,72860.75
3336.9759752730333,72837.359375
3336.977364151278,72841.140625
3336.978753029522,72758.1640625
3336.980141907999,72844.53125
3336.9815307862436,72855.8515625
3336.98291966472,72742.0859375
3336.984308542965,72795.984375
3336.9856974212094,72792.6484375
3336.9870862996854,72771.5234375
3336.9884751779296,72713.875
3336.9898640564065,72724.9921875
3336.9912529346507,72682.2109375
3336.9926418131276,72713.4453125
3336.9940306916046,72710.703125
3336.9954195698497,72659.0234375
3336.9968084483257,72735.84375
3336.998197326571,72694.5625
3336.9995862050478,72656.25
3337.0009750835247,72757.7890625
3337.0023639617693,72692.1328125
3337.0037528402468,72642.9921875
3337.0051417187233,72614.75
3337.006530596968,72606.203125
3337.0079194754453,72611.0
3337.009308353922,72600.5234375
3337.010697232166,72637.8203125
3337.012086110643,72628.5390625
3337.013474989121,72551.875
3337.0148638675973,72639.890625
3337.0162527460748,72645.4765625
3337.0176416243194,72574.3515625
3337.019030502796,72514.3125
3337.0204193812733,72624.5078125
3337.0218082597507,72584.8671875
3337.0231971382277,72520.1875
3337.0245860167047,72568.5859375
3337.0259748951826,72525.0703125
3337.0273637736586,72529.1484375
3337.0287526521356,72602.4296875
3337.030141530613,72475.8046875
3337.0315304090905,72507.65625
3337.0329192875674,72532.7890625
3337.0343081660444,72504.8125
3337.0356970445223,72561.6484375
3337.0370859229984,72499.8359375
3337.0384748014762,72559.6015625
3337.039863679953,72374.6875
3337.04125255843,72466.3671875
3337.042641436907,72424.21875
3337.044030315383,72488.6015625
3337.045419194093,72483.4921875
3337.0468080725705,72507.7421875
3337.048196951048,72471.6875
3337.049585829525,72441.859375
3337.0509747082338,72448.75
3337.0523635867116,72481.1640625
3337.0537524651886,72483.34375
3337.0551413436656,72383.2265625
3337.056530222376,72381.671875
3337.0579191008533,72389.53125
3337.0593079793302,72405.1640625
3337.06069685804,72410.28125
3337.0620857365175,72407.96875
3337.063474614994,72395.53125
3337.0648634937047,72410.7578125
3337.0662523721817,72428.8515625
3337.0676412508915,72369.125
3337.069030129368,72448.0390625
3337.0704190080783,72326.34375
3337.0718078865557,72311.5703125
3337.073196765265,72266.703125
3337.074585643743,72334.578125
3337.0759745224527,72349.09375
3337.0773634009297,72318.703125
3337.0787522796395,72289.578125
3337.0801411581174,72330.921875
3337.0815300368267,72317.40625
3337.082918915537,72270.0234375
3337.084307794014,72278.9375
3337.0856966727238,72321.8203125
3337.0870855514336,72270.5859375
3337.0884744299105,72323.78125
3337.0898633086213,72298.5234375
3337.0912521873306,72346.3203125
3337.092641066041,72336.703125
3337.094029944518,72319.71875
3337.0954188232276,72263.359375
3337.096807701938,72307.265625
3337.098196580648,72270.3125
3337.099585459357,72284.6015625
3337.1009743378336,72308.3203125
3337.102363216544,72298.4609375
3337.1037520952536,72348.2890625
3337.1051409739634,72245.5
3337.106529852674,72254.171875
3337.107918731383,72278.375
3337.109307610093,72333.5078125
3337.110696488803,72317.484375
3337.1120853675134,72223.1328125
3337.113474246223,72231.390625
3337.114863124933,72269.453125
3337.1162520036437,72220.484375
3337.1176408823526,72260.234375
3337.1190297610633,72271.6875
3337.120418639773,72242.359375
3337.121807518483,72176.25
3337.123196397193,72269.2890625
3337.1245852759034,72237.34375
3337.1259741548456,72270.625
3337.127363033555,72219.8359375
3337.1287519122657,72158.0625
3337.1301407909755,72077.328125
3337.1315296696853,71995.3125
3337.1329185486284,71840.796875
3337.1343074273386,71782.2734375
3337.135696306048,71667.1640625
3337.1370851847582,71435.09375
3337.1384740637013,71221.2890625
3337.1398629424107,71129.359375
3337.141251821121,70710.09375
3337.142640700064,70585.015625
3337.144029578774,70395.0
3337.145418457716,70112.4765625
3337.1468073364263,69876.5625
3337.1481962151365,69634.2890625
3337.1495850940787,69412.328125
3337.150973972789,69056.546875
3337.152362851732,68883.125
3337.153751730442,68608.546875
3337.155140609384,68248.3125
3337.1565294880934,67955.953125
3337.157918367036,67628.375
3337.159307245746,67369.921875
3337.1606961246894,66966.375
3337.1620850036315,66626.21875
3337.163473882342,66299.8671875
3337.1648627612844,65983.9453125
3337.166251640227,65696.03125
3337.167640518937,65299.34765625
3337.1690293978795,64913.97265625
3337.170418276823,64626.26953125
3337.1718071555324,64218.01953125
3337.1731960344755,63884.83984375
3337.174584913418,63529.39453125
3337.1759737923608,63176.171875
3337.177362671071,62854.5078125
3337.178751550014,62387.63671875
3337.1801404289567,62130.3984375
3337.1815293078994,61759.31640625
3337.1829181868425,61428.140625
3337.184307065552,61074.62109375
3337.1856959444945,60721.37109375
3337.1870848234375,60384.5546875
3337.1884737023806,60074.22265625
3337.1898625813233,59687.984375
3337.191251460266,59350.9609375
3337.192640339209,59032.46484375
3337.194029218151,58810.48046875
3337.1954180970947,58481.03515625
3337.1968069760374,58179.41015625
3337.19819585498,57933.83203125
3337.1995847339226,57704.37109375
3337.200973612866,57398.2265625
3337.2023624918083,57225.83203125
3337.2037513707505,56984.828125
3337.205140249927,56866.58203125
3337.2065291288695,56607.7421875
3337.207918007812,56569.5234375
3337.209306886755,56372.08203125
3337.2106957656983,56340.66015625
3337.21208464464,56192.95703125
3337.213473523815,56151.19921875
3337.214862402758,56215.171875
3337.2162512817004,56189.12109375
3337.2176401608763,56259.2890625
3337.2190290398194,56359.28515625
3337.2204179187615,56422.5703125
3337.221806797704,56500.83984375
3337.2231956768796,56652.2421875
3337.224584555823,56857.17578125
3337.225973434998,57006.078125
3337.2273623139413,57261.9375
3337.2287511928844,57472.01171875
3337.2301400720594,57686.80078125
3337.2315289510025,57927.76171875
3337.2329178301784,58240.9609375
3337.234306709121,58457.1328125
3337.2356955882965,58811.5
3337.23708446724,59019.4765625
3337.2384733464146,59431.50390625
3337.239862225358,59801.90625
3337.2412511045336,60103.484375
3337.242639983709,60451.82421875
3337.2440288626517,60805.19921875
3337.245417741827,61080.3046875
3337.2468066207707,61391.8359375
3337.2481954999453,61769.21875
3337.2495843791216,62135.02734375
3337.2509732580643,62550.58203125
3337.2523621372397,62841.65234375
3337.2537510164157,63288.52734375
3337.2551398955916,63526.09375
3337.2565287745338,63952.1640625
3337.2579176537097,64326.66796875
3337.2593065328856,64618.3984375
3337.2606954120606,65003.9921875
3337.262084291236,65387.19921875
3337.2634731701787,65724.84375
3337.264862049355,66084.6640625
3337.26625092853,66428.921875
3337.267639807706,66652.9609375
3337.2690286868815,67049.4609375
3337.270417566056,67361.9140625
3337.2718064452315,67657.078125
3337.2731953244074,68047.15625
3337.2745842035824,68270.0546875
3337.275973082759,68681.8984375
3337.2773619619343,68879.2265625
3337.2787508411097,69221.1796875
3337.2801397202848,69443.59375
3337.2815285994607,69673.8046875
3337.2829174786366,70038.0859375
3337.2843063578116,70233.2109375
3337.285695236988,70506.046875
3337.2870841161634,70799.046875
3337.2884729955717,70968.3515625
3337.289861874747,71158.4921875
3337.2912507539236,71380.0859375
3337.2926396330986,71595.21875
3337.2940285122745,71712.2109375
3337.295417391683,71886.703125
3337.2968062708583,72111.828125
3337.2981951500337,72120.6875
3337.299584029209,72211.78125
3337.3009729086184,72324.75
3337.302361787793,72411.078125
3337.3037506669693,72447.4765625
3337.3051395463776,72370.6171875
3337.306528425553,72316.953125
3337.307917304962,72358.2578125
3337.3093061841378,72362.1328125
3337.3106950633132,72347.609375
3337.3120839427215,72412.5546875
3337.3134728218974,72361.6484375
3337.3148617013053,72407.109375
3337.3162505804817,72453.0078125
3337.31763945989,72362.640625
3337.3190283390654,72444.90625
3337.3204172184733,72381.7265625
3337.321806097649,72398.8046875
3337.323194977058,72361.0546875
3337.3245838564653,72347.140625
3337.3259727356403,72359.78125
3337.3273616150495,72470.9609375
3337.328750494457,72386.3359375
3337.3301393736333,72456.1328125
3337.3315282530416,72446.453125
3337.33291713245,72405.1484375
3337.334306011626,72432.2734375
3337.3356948910346,72331.046875
3337.3370837704424,72420.0
3337.3384726498502,72458.03125
3337.3398615290266,72454.4453125
3337.341250408435,72386.0546875
3337.342639287843,72413.5078125
3337.3440281672515,72447.65625
3337.3454170466607,72417.0
3337.3468059260686,72378.359375
3337.3481948054773,72447.25
3337.349583684653,72348.828125
3337.350972564061,72404.2734375
3337.35236144347,72389.0390625
3337.3537503228786,72410.46875
3337.355139202287,72427.4296875
3337.3565280816947,72413.296875
3337.3579169611035,72447.7421875
3337.3593058405118,72384.140625
3337.36069471992,72457.7265625
3337.362083599329,72509.9609375
3337.3634724787375,72435.8203125
3337.3648613583787,72418.2890625
3337.366250237787,72505.953125
3337.367639117196,72414.359375
3337.3690279966036,72419.015625
3337.3704168760128,72392.4296875
3337.371805755421,72459.890625
3337.373194635062,72421.4375
3337.3745835144705,72448.4375
3337.375972393879,72453.375
3337.3773612732875,72477.0625
3337.378750152928,72494.609375
3337.3801390323374,72498.9453125
3337.3815279117453,72500.640625
3337.382916791152,72406.046875
3337.384305670794,72544.359375
3337.3856945502025,72409.421875
3337.3870834298436,72475.3515625
3337.3884723092524,72486.1875
3337.389861188661,72475.6484375
3337.3912500683023,72564.6171875
3337.3926389477106,72465.2421875
3337.394027827352,72396.578125
3337.39541670676,72378.046875
3337.396805586401,72358.453125
3337.39819446581,72446.0
3337.3995833454514,72453.171875
3337.4009722248593,72461.7421875
3337.402361104501,72502.703125
3337.4037499839096,72534.890625
3337.4051388635503,72385.6875
3337.4065277431923,72400.0078125
3337.4079166226006,72405.1640625
3337.4093055022418,72447.8046875
3337.410694381883,72484.390625
3337.412083261292,72523.296875
3337.4134721409328,72444.46875
3337.4148610205734,72523.9765625
3337.416249900215,72436.4765625
3337.4176387796238,72398.9609375
3337.419027659265,72401.46875
3337.420416538906,72430.046875
3337.421805418548,72496.09375
3337.423194297956,72435.7734375
3337.4245831775975,72452.078125
3337.4259720572386,72481.8671875
3337.4273609368797,72476.3046875
3337.4287498165213,72431.390625
3337.430138696163,72530.875
3337.431527575804,72466.359375
3337.4329164554442,72460.140625
3337.4343053350863,72457.1171875
3337.4356942147274,72498.9921875
3337.4370830943676,72493.6484375
3337.4384719740087,72562.0859375
3337.43986085365,72460.7109375
3337.441249733291,72514.0703125
3337.4426386129326,72436.046875
3337.444027492574,72467.5625
3337.4454163722153,72422.84375
3337.4468052518564,72482.8828125
3337.4481941314984,72487.125
3337.4495830111387,72492.75
3337.4509718910126,72452.7578125
3337.452360770654,72471.0390625
3337.453749650296,72467.9453125
3337.455138529937,72462.8046875
3337.456527409811,72440.6796875
3337.4579162894524,72535.09375
3337.459305169093,72527.2265625
3337.460694048735,72525.1875
3337.462082928609,72546.703125
3337.4634718082502,72506.484375
3337.464860687892,72504.6171875
3337.466249567766,72505.7734375
3337.467638447407,72627.3125
3337.4690273270476,72492.59375
3337.4704162069224,72449.53125
3337.4718050865636,72475.9609375
3337.4731939664375,72551.3125
3337.4745828460786,72508.8046875
3337.4759717259535,72509.5390625
3337.477360605594,72551.421875
3337.4787494854686,72569.75
3337.4801383651097,72537.9921875
3337.4815272449837,72372.96875
3337.4829161246253,72532.8046875
3337.4843050044997,72478.2734375
3337.4856938843736,72519.28125
3337.4870827640143,72478.6953125
3337.4884716438887,72566.7734375
3337.4898605237627,72569.9453125
3337.491249403404,72580.0546875
3337.492638283278,72477.3671875
3337.4940271631517,72536.703125
3337.495416042792,72534.640625
3337.4968049226663,72554.859375
3337.4981938025408,72528.9765625
3337.4995826824147,72518.7890625
3337.500971562056,72495.2421875
3337.5023604419307,72516.296875
3337.503749321804,72501.71875
3337.5051382016786,72523.4609375
3337.5065270815526,72528.8125
3337.5079159614265,72499.859375
3337.5093048413005,72563.8359375
3337.5106937209416,72550.2578125
3337.5120826008165,72609.3515625
3337.5134714806895,72549.0625
3337.5148603605644,72553.515625
3337.5162492404384,72558.3671875
3337.5176381203123,72603.9140625
3337.5190270001867,72553.2421875
3337.520415880061,72573.984375
3337.521804759935,72509.1953125
3337.523193640042,72599.734375
3337.5245825199163,72506.6953125
3337.52597139979,72567.546875
3337.5273602796638,72560.9609375
3337.528749159538,72546.15625
3337.5301380394126,72584.2265625
3337.531526919286,72574.578125
3337.5329157993933,72521.3203125
3337.5343046792677,72573.5546875
3337.5356935591412,72590.609375
3337.5370824390156,72540.9453125
3337.538471319123,72496.859375
3337.539860198997,72508.9765625
3337.541249078871,72530.71875
3337.5426379587457,72549.671875
3337.544026838852,72536.9921875
3337.5454157187255,72560.609375
3337.5468045986,72576.1484375
3337.548193478707,72553.0703125
3337.549582358581,72580.828125
3337.5509712386875,72590.03125
3337.552360118561,72598.734375
3337.5537489986677,72566.453125
3337.5551378785417,72577.609375
3337.5565267586494,72629.6484375
3337.557915638523,72528.15625
3337.55930451863,72527.1875
3337.5606933985046,72577.0703125
3337.562082278611,72563.515625
3337.563471158485,72539.6015625
3337.5648600385916,72524.84375
3337.5662489184665,72590.5078125
3337.567637798573,72524.9375
3337.56902667868,72554.90625
3337.570415558554,72530.4375
3337.571804438661,72502.6171875
3337.573193318768,72590.25
3337.5745821988753,72490.7109375
3337.5759710787493,72544.65625
3337.577359958856,72574.4140625
3337.5787488389633,72566.5625
3337.5801377190696,72605.1328125
3337.5815265989436,72573.96875
3337.582915479051,72573.140625
3337.584304359158,72572.3828125
3337.585693239265,72610.3125
3337.5870821193716,72572.640625
3337.588470999479,72512.90625
3337.589859879585,72531.8359375
3337.59124875946,72558.203125
3337.592637639567,72588.0859375
3337.5940265196737,72593.7734375
3337.5954153997804,72546.296875
3337.596804279888,72493.5703125
3337.5981931599945,72584.171875
3337.599582040101,72532.9296875
3337.6009709202085,72552.03125
3337.6023598003153,72506.3359375
3337.603748680655,72605.0234375
3337.6051375607617,72587.9765625
3337.6065264408685,72591.859375
3337.6079153209744,72570.1484375
3337.6093042010816,72549.1640625
3337.610693081189,72552.6484375
3337.612081961295,72521.8671875
3337.6134708416353,72584.328125
3337.6148597217425,72567.0859375
3337.616248601849,72556.59375
3337.6176374819556,72616.6484375
3337.6190263622952,72612.7734375
3337.620415242403,72549.890625
3337.6218041225093,72597.296875
3337.6231930028493,72462.3515625
3337.6245818829566,72582.7265625
3337.625970763063,72561.375
3337.627359643403,72578.6953125
3337.6287485235102,72584.1796875
3337.630137403617,72587.0234375
3337.6315262839566,72518.609375
3337.6329151640643,72508.0546875
3337.634304044403,72563.65625
3337.63569292451,72548.15625
3337.63708180485,72592.890625
3337.638470684957,72581.6875
3337.639859565297,72640.9296875
3337.6412484454036,72474.875
3337.642637325744,72572.3515625
3337.64402620585,72615.8984375
3337.6454150861905,72488.8125
3337.64680396653,72612.4453125
3337.648192846637,72571.6875
3337.649581726977,72554.6953125
3337.650970607317,72563.65625
3337.6523594874234,72575.7734375
3337.6537483677625,72540.8671875
3337.655137248103,72543.1328125
3337.6565261284427,72616.1171875
3337.6579150085495,72617.5
3337.659303888889,72588.2109375
3337.6606927692296,72573.03125
3337.662081649569,72579.0546875
3337.663470529675,72572.765625
3337.6648594100147,72575.390625
3337.6662482903544,72551.203125
3337.667637170694,72501.03125
3337.669026051034,72546.9609375
3337.670414931373,72551.5625
3337.671803811713,72597.3359375
3337.673192692053,72498.0625
3337.674581572393,72610.265625
3337.675970452732,72600.7109375
3337.677359333072,72579.390625
3337.6787482134123,72502.0546875
3337.6801370937515,72607.8203125
3337.681525974092,72593.9609375
3337.6829148544316,72521.890625
3337.684303734771,72592.2890625
3337.685692615111,72523.6875
3337.6870814954514,72552.4375
3337.6884703757905,72641.5546875
3337.6898592563634,72535.3203125
3337.691248136703,72551.265625
3337.6926370170427,72652.3046875
3337.6940258973823,72451.765625
3337.695414777722,72566.2109375
3337.6968036582953,72537.0078125
3337.698192538634,72567.1015625
3337.6995814189745,72574.25
3337.700970299314,72554.453125
3337.7023591798866,72496.3046875
3337.7037480602266,72571.3828125
3337.7051369405667,72596.9921875
3337.706525821139,72625.59375
3337.707914701479,72597.109375
3337.7093035820517,72609.25
3337.710692462391,72570.2109375
3337.7120813427305,72531.7890625
3337.7134702233034,72646.515625
3337.7148591036434,72522.3828125
3337.7162479842154,72563.203125
3337.7176368645555,72576.78125
3337.719025745128,72499.390625
3337.7204146254667,72596.796875
3337.721803506039,72556.1484375
3337.7231923863797,72538.484375
3337.724581266951,72548.5546875
3337.7259701475245,72573.421875
3337.727359027864,72562.3203125
3337.7287479084366,72560.15625
3337.730136789009,72526.4453125
3337.7315256693487,72549.046875
3337.7329145499216,72541.671875
3337.7343034304936,72576.546875
3337.735692310834,72522.984375
3337.7370811914066,72572.8125
3337.738470071979,72579.9765625
3337.7398589525515,72564.2578125
3337.741247833125,72488.7734375
3337.742636713464,72561.3203125
3337.744025594037,72533.765625
3337.74541447461,72546.359375
3337.746803355182,72595.9453125
3337.7481922357542,72606.46875
3337.7495811163267,72579.484375
3337.7509699969,72598.1171875
3337.752358877472,72514.9140625
3337.753747757812,72604.9921875
3337.7551366383846,72583.671875
3337.756525518957,72525.6875
3337.75791439953,72564.046875
3337.759303280103,72551.3671875
3337.760692160908,72575.34375
3337.7620810414805,72536.1796875
3337.763469922054,72572.265625
3337.7648588026254,72551.609375
3337.766247683198,72572.5859375
3337.767636563771,72592.890625
3337.7690254443437,72565.0234375
3337.770414324916,72520.65625
3337.7718032054886,72584.4609375
3337.7731920862943,72535.1328125
3337.7745809668663,72585.4765625
3337.775969847439,72563.4453125
3337.777358728011,72544.09375
3337.7787476088156,72557.7421875
3337.780136489389,72576.265625
3337.7815253699614,72574.609375
3337.7829142507667,72633.765625
3337.784303131339,72548.3359375
3337.7856920119116,72580.1796875
3337.7870808927178,72498.640625
3337.7884697732893,72574.0859375
3337.7898586538627,72629.2265625
3337.791247534668,72654.5859375
3337.7926364152404,72491.203125
3337.794025296046,72577.5859375
3337.795414176619,72509.8984375
3337.796803057424,72547.1328125
3337.7981919379968,72614.8671875
3337.7995808188025,72569.8984375
3337.8009696993745,72626.1484375
3337.8023585801798,72579.59375
3337.8037474607527,72576.53125
3337.8051363415584,72626.6484375
3337.8065252223632,72586.1875
3337.807914102936,72628.0703125
3337.809302983742,72551.8671875
3337.8106918645467,72576.34375
3337.8120807451196,72551.546875
3337.8134696259253,72595.75
3337.8148585067306,72623.8828125
3337.816247387303,72557.46875
3337.8176362681093,72540.6796875
3337.819025148914,72559.2734375
3337.820414029719,72531.6484375
3337.821802910292,72613.78125
3337.8231917910975,72499.21875
3337.824580671903,72634.3515625
3337.825969552708,72544.78125
3337.8273584335143,72563.125
3337.8287473143187,72522.0234375
3337.830136195125,72558.5859375
3337.83152507593,72596.734375
3337.8329139565017,72560.3203125
3337.834302837307,72619.90625
3337.8356917181122,72569.640625
3337.8370805989175,72554.3359375
3337.838469479723,72546.03125
3337.839858360528,72582.4375
3337.8412472413343,72606.671875
3337.842636122372,72584.3515625
3337.8440250031776,72572.8671875
3337.845413883983,72565.3125
3337.846802764788,72578.09375
3337.848191645594,72541.2734375
3337.8495805263997,72592.515625
3337.850969407205,72612.875
3337.8523582880102,72647.234375
3337.853747169049,72634.1015625
3337.8551360498536,72585.0859375
3337.856524930659,72637.3359375
3337.8579138114646,72610.078125
3337.859302692503,72599.7265625
3337.8606915733085,72633.0859375
3337.8620804541138,72608.2265625
3337.8634693349195,72541.0234375
3337.864858215957,72591.4765625
3337.8662470967633,72534.1875
3337.8676359778015,72641.265625
3337.8690248586067,72638.7734375
3337.870413739412,72602.875
3337.871802620451,72541.078125
3337.873191501256,72599.5
3337.8745803822935,72542.3828125
3337.8759692630997,72621.5390625
3337.877358144138,72686.9140625
3337.878747024943,72630.6953125
3337.880135905981,72592.421875
3337.8815247867874,72629.5859375
3337.882913667825,72586.7109375
3337.884302548631,72634.9453125
3337.885691429669,72514.640625
3337.887080310707,72697.109375
3337.8884691915123,72677.4375
3337.88985807255,72584.3515625
3337.8912469533548,72550.5
3337.892635834393,72596.125
3337.894024715431,72594.3515625
3337.89541359647,72533.6875
3337.896802477275,72647.59375
3337.8981913583134,72580.546875
3337.899580239352,72661.96875
3337.9009691203896,72618.09375
3337.9023580011954,72674.5703125
3337.903746882234,72635.8671875
3337.905135763272,72609.9921875
3337.90652464431,72640.953125
3337.907913525349,72636.28125
3337.9093024063864,72556.53125
3337.9106912874245,72623.8203125
3337.91208016823,72590.1328125
3337.9134690492688,72580.4765625
3337.914857930307,72579.0625
3337.916246811345,72604.546875
3337.917635692384,72626.015625
3337.919024573421,72582.9765625
3337.9204134544602,72624.671875
3337.9218023354983,72558.8046875
3337.9231912165365,72589.4921875
3337.924580097575,72609.640625
3337.9259689788464,72613.84375
3337.927357859884,72617.6640625
3337.9287467409217,72657.1015625
3337.9301356219607,72614.796875
3337.931524502999,72656.8515625
3337.932913384037,72667.625
3337.934302265075,72649.3046875
3337.935691146347,72592.7109375
3337.9370800273846,72608.9921875
3337.938468908423,72568.375
3337.9398577894617,72551.1015625
3337.941246670732,72644.4609375
3337.9426355517708,72607.2109375
3337.9440244328093,72614.171875
3337.9454133140794,72523.5234375
3337.9468021951166,72600.390625
3337.948191076155,72634.84375
3337.9495799574265,72601.6171875
3337.950968838464,72521.4140625
3337.9523577197356,72656.3828125
3337.953746600774,72599.9296875
3337.955135481812,72575.4375
3337.9565243630836,72631.9296875
3337.9579132441218,72601.40625
3337.9593021253927,72565.3671875
3337.960691006431,72652.8125
3337.9620798877027,72594.171875
3337.9634687687403,72597.78125
3337.964857650011,72647.9921875
3337.966246531282,72540.6796875
3337.9676354123208,72606.09375
3337.9690242935917,72672.8671875
3337.97041317463,72588.1171875
3337.9718020559017,72538.375
3337.9731909371717,72609.265625
3337.9745798182107,72595.609375
3337.9759686994817,72616.7578125
3337.9773575807526,72627.1953125
3337.978746462024,72618.1328125
3337.9801353430626,72635.6640625
3337.9815242243335,72615.890625
3337.9829131056035,72638.59375
3337.9843019868754,72530.6015625
3337.9856908681463,72677.6484375
3337.9870797491844,72632.2890625
3337.988468630456,72555.296875
3337.989857511727,72536.3125
3337.9912463929977,72611.796875
3337.992635274269,72578.09375
3337.9940241555405,72593.09375
3337.995413036811,72649.3359375
3337.996801918082,72598.2265625
3337.9981907993533,72486.796875
3337.9995796806247,72546.0859375
3338.0009685618948,72511.546875
3338.0023574431652,72528.0078125
3338.0037463244366,72574.296875
3338.0051352057076,72640.8984375
3338.0065240869785,72565.4609375
3338.00791296825,72524.90625
3338.0093018495204,72622.5625
3338.0106907307922,72603.1953125
3338.012079612063,72578.9765625
3338.013468493567,72539.1796875
3338.0148573748374,72616.0546875
3338.016246256109,72589.234375
3338.0176351373802,72645.984375
3338.0190240186507,72564.953125
3338.0204129001554,72585.828125
3338.0218017814263,72588.6953125
3338.0231906626973,72550.046875
3338.0245795439682,72644.2734375
3338.025968425473,72624.8046875
3338.0273573067434,72565.6640625
3338.028746188015,72632.484375
3338.0301350695186,72584.953125
3338.0315239507895,72584.8515625
3338.0329128322933,72625.6484375
3338.034301713564,72629.84375
3338.035690594836,72629.359375
3338.0370794763394,72583.7265625
3338.038468357611,72606.640625
3338.0398572391146,72578.203125
3338.0412461203855,72628.1015625
3338.0426350018897,72579.0546875
3338.044023883161,72615.4765625
3338.045412764665,72564.15625
3338.046801645936,72572.9765625
3338.04819052744,72600.2734375
3338.0495794089434,72533.3515625
3338.0509682902143,72565.375
3338.0523571717185,72601.0703125
3338.0537460532228,72532.671875
3338.0551349344937,72560.6171875
3338.0565238159975,72648.3671875
3338.0579126975013,72534.7734375
3338.0593015787713,72558.2109375
3338.060690460275,72586.109375
3338.0620793417797,72600.3046875
3338.0634682232826,72629.2890625
3338.0648571045544,72657.8203125
3338.066245986058,72634.546875
3338.067634867562,72558.3046875
3338.0690237490658,72615.375
3338.0704126305695,72610.9609375
3338.071801511841,72619.0390625
3338.0731903933442,72583.9296875
3338.074579274849,72614.5078125
3338.0759681563527,72566.8515625
3338.0773570378565,72573.6328125
3338.0787459193607,72529.6328125
3338.080134800865,72555.46875
3338.0815236823682,72620.5390625
3338.0829125638725,72607.625
3338.0843014453767,72541.6640625
3338.08569032688,72590.8125
3338.087079208384,72635.5390625
3338.0884680898876,72599.765625
3338.0898569713922,72642.109375
3338.0912458528956,72529.7421875
3338.0926347344,72637.921875
3338.094023616137,72647.1484375
3338.09541249764,72574.8984375
3338.0968013791444,72645.7890625
3338.0981902606486,72552.6796875
3338.0995791421524,72565.28125
3338.100968023889,72521.8046875
3338.1023569053937,72552.921875
3338.1037457868965,72562.6015625
3338.1051346684003,72589.265625
3338.1065235501374,72498.8515625
3338.1079124316416,72647.3515625
3338.1093013131454,72591.6953125
3338.110690194649,72565.203125
3338.1120790763866,72583.625
3338.1134679578895,72587.15625
3338.114856839626,72578.828125
3338.11624572113,72691.8125
3338.117634602633,72629.5859375
3338.1190234843702,72582.4375
3338.120412365874,72610.625
3338.1218012476106,72591.75
3338.1231901291144,72584.2578125
3338.124579010851,72597.6875
3338.1259678923557,72569.7578125
3338.1273567740914,72571.640625
3338.128745655596,72665.828125
3338.1301345373327,72670.078125
3338.1315234188364,72574.1875
3338.1329123005735,72541.8359375
3338.1343011823105,72574.125
3338.1356900638143,72527.828125
3338.137078945551,72611.234375
3338.138467827288,72596.296875
3338.1398567087913,72633.625
3338.141245590528,72622.25
3338.142634472265,72555.578125
3338.144023353769,72596.0546875
3338.1454122355053,72564.8359375
3338.1468011172424,72604.7734375
3338.1481899989794,72605.171875
3338.1495788804827,72653.6953125
3338.1509677622203,72602.5546875
3338.152356643957,72544.8046875
3338.1537455256935,72549.0625
3338.15513440743,72578.3515625
3338.1565232891676,72565.28125
3338.1579121709037,72567.6796875
3338.15930105264,72562.21875
3338.160689934144,72587.671875
3338.162078815881,72631.234375
3338.1634676976178,72621.1171875
3338.1648565793544,72537.90625
3338.166245461092,72603.2109375
3338.1676343428276,72566.984375
3338.169023224565,72593.875
3338.1704121063012,72534.6328125
3338.171800988037,72614.5625
3338.173189869773,72618.2734375
3338.1745787517434,72581.2109375
3338.17596763348,72523.40625
3338.1773565152166,72606.6328125
3338.178745396953,72606.0234375
3338.1801342786907,72626.265625
3338.181523160427,72594.59375
3338.182912042164,72626.4453125
3338.1843009241334,72623.7578125
3338.18568980587,72588.46875
3338.187078687607,72619.703125
3338.188467569344,72671.3125
3338.1898564513135,72623.265625
3338.191245333049,72618.75
3338.1926342147867,72613.6015625
3338.194023096756,72603.859375
3338.1954119784928,72615.1953125
3338.19680086023,72596.671875
3338.1981897421997,72559.0390625
3338.1995786239363,72584.078125
3338.200967505673,72565.34375
3338.202356387643,72618.046875
3338.203745269379,72588.4921875
3338.2051341513493,72631.859375
3338.206523033086,72616.8515625
3338.2079119150553,72592.7890625
3338.2093007967915,72641.78125
3338.2106896787614,72640.4296875
3338.2120785604984,72684.4921875
3338.2134674424674,72594.03125
3338.214856324205,72597.9140625
3338.2162452061743,72568.1640625
3338.217634087911,72615.8984375
3338.2190229698804,72598.078125
3338.2204118518507,72600.75
3338.221800733587,72602.328125
3338.2231896155567,72632.3515625
3338.224578497526,72614.875
3338.225967379263,72624.03125
3338.2273562612313,72611.078125
3338.2287451432007,72581.4609375
3338.2301340249373,72669.25
3338.231522906907,72570.3515625
3338.232911788876,72554.53125
3338.2343006708466,72594.59375
3338.2356895525827,72659.4921875
3338.2370784345526,72621.2265625
3338.2384673165225,72635.40625
3338.2398561984915,72660.4609375
3338.2412450804613,72642.296875
3338.2426339624312,72551.4453125
3338.2440228444007,72655.453125
3338.2454117263696,72601.9921875
3338.2468006081067,72572.6953125
3338.248189490076,72539.234375
3338.2495783720456,72561.0703125
3338.2509672540154,72619.2578125
3338.2523561359853,72573.0234375
3338.2537450179548,72565.3984375
3338.255133899924,72588.875
3338.2565227818945,72560.171875
3338.257911663863,72589.3828125
3338.2593005458334,72595.078125
3338.2606894280357,72564.765625
3338.262078310005,72613.8984375
3338.2634671919745,72584.0078125
3338.264856073944,72615.5234375
3338.266244955914,72601.4375
3338.267633837883,72616.3046875
3338.269022719853,72557.921875
3338.2704116020554,72612.4765625
3338.271800484025,72647.5625
3338.2731893659948,72582.171875
3338.2745782479647,72576.828125
3338.2759671301665,72600.8515625
3338.2773560121364,72579.46875
3338.2787448941062,72623.65625
3338.280133776075,72536.3359375
3338.2815226582775,72634.78125
3338.2829115402465,72586.3984375
3338.2843004222154,72609.8203125
3338.2856893044177,72552.984375
3338.2870781863876,72642.53125
3338.2884670685903,72601.5390625
3338.2898559505593,72572.703125
3338.291244832529,72524.2734375
3338.292633714732,72592.9921875
3338.294022596701,72554.2578125
3338.295411478903,72627.484375
3338.296800360873,72555.984375
3338.2981892430757,72608.046875
3338.2995781250447,72606.8203125
3338.3009670072474,72591.6953125
3338.3023558892173,72538.109375
3338.303744771419,72633.171875
3338.305133653622,72551.5546875
3338.3065225355917,72550.1796875
3338.307911417794,72588.0703125
3338.3093002997634,72592.875
3338.3106891819666,72581.453125
3338.3120780641684,72531.5078125
3338.31346694637,72572.734375
3338.31485582834,72585.875
3338.316244710543,72603.7109375
3338.317633592745,72639.1015625
3338.3190224747145,72594.859375
3338.3204113569177,72607.3359375
3338.321800239119,72672.9921875
3338.3231891213222,72604.265625
3338.3245780035245,72589.2109375
3338.325966885494,72579.5
3338.3273557676966,72571.390625
3338.3287446498994,72522.6875
3338.3301335321016,72554.953125
3338.331522414303,72501.84375
3338.332911296506,72534.9453125
3338.3343001787084,72599.1015625
3338.3356890609107,72608.8671875
3338.3370779428806,72527.6328125
3338.3384668250833,72581.796875
3338.3398557072846,72620.078125
3338.3412445894865,72543.484375
3338.342633471689,72613.5859375
3338.3440223538914,72584.09375
3338.3454112360937,72568.953125
3338.3468001185292,72624.3828125
3338.348189000731,72549.2265625
3338.3495778829333,72619.5625
3338.350966765136,72576.5390625
3338.3523556473388,72533.015625
3338.353744529541,72558.8046875
3338.3551334117433,72561.640625
3338.356522293946,72594.140625
3338.357911176148,72577.8046875
3338.359300058584,72499.25
3338.360688940786,72587.6796875
3338.3620778229883,72566.6953125
3338.3634667051906,72527.8203125
3338.3648555876266,72547.8671875
3338.3662444698284,72548.6640625
3338.36763335203,72615.7265625
3338.3690222342334,72572.390625
3338.3704111166685,72607.7109375
3338.3717999988708,72568.8359375
3338.373188881073,72553.625
3338.374577763509,72599.71875
3338.375966645711,72564.6640625
3338.3773555279136,72592.546875
3338.3787444103486,72578.3984375
3338.380133292551,72534.2578125
3338.381522174986,72586.921875
3338.3829110571883,72571.0078125
3338.3842999396243,72585.5546875
3338.3856888218256,72567.0859375
3338.3870777042616,72525.6328125
3338.388466586464,72546.1484375
3338.389855468899,72539.265625
3338.3912443511017,72543.2578125
3338.3926332335373,72540.953125
3338.3940221157395,72613.3984375
3338.3954109981746,72554.203125
3338.396799880377,72546.125
3338.398188762811,72587.9375
3338.3995776452457,72593.6953125
3338.4009665274484,72480.96875
3338.4023554098835,72528.65625
3338.4037442923186,72577.984375
3338.4051331745213,72537.734375
3338.406522056957,72525.234375
3338.407910939392,72560.765625
3338.409299821827,72509.203125
3338.4106887040302,72474.671875
3338.4120775864644,72603.7265625
3338.4134664689004,72501.3984375
3338.4148553513355,72534.546875
3338.416244233538,72585.921875
3338.417633115973,72526.953125
3338.419021998408,72521.71875
3338.4204108808435,72545.8515625
3338.421799763278,72498.3046875
3338.423188645714,72521.8515625
3338.4245775281493,72522.2109375
3338.4259664103515,72507.46875
3338.4273552927866,72545.1953125
3338.4287441752226,72569.703125
3338.4301330576573,72592.890625
3338.431521940093,72534.6171875
3338.4329108225284,72539.28125
3338.434299704963,72464.140625
3338.435688587398,72498.25
3338.437077469833,72536.140625
3338.438466352269,72534.234375
3338.439855234704,72488.859375
3338.4412441171394,72495.359375
3338.4426329995745,72488.203125
3338.4440218822424,72459.578125
3338.445410764678,72573.9921875
3338.4467996471135,72644.3046875
3338.4481885295486,72530.0234375
3338.4495774119832,72464.59375
3338.450966294419,72593.8984375
3338.4523551768534,72503.8203125
3338.4537440595204,72553.9296875
3338.455132941956,72513.6328125
3338.4565218243915,72542.6953125
3338.457910706826,72531.453125
3338.4592995894945,72626.6875
3338.46068847193,72482.8984375
3338.462077354365,72540.7109375
3338.4634662368003,72551.9609375
3338.464855119469,72496.015625
3338.4662440019033,72567.2890625
3338.4676328843384,72483.0234375
3338.469021767007,72547.7109375
3338.4704106494423,72521.8828125
3338.4717995318774,72492.6875
3338.4731884145453,72501.9296875
3338.4745772969814,72587.125
3338.4759661796484,72550.4453125
3338.4773550620844,72565.2578125
3338.4787439447523,72472.9296875
3338.4801328271874,72520.9921875
3338.4815217098558,72467.1484375
3338.4829105922913,72550.828125
3338.484299474959,72531.90625
3338.4856883573934,72534.9609375
3338.4870772400623,72516.0
3338.4884661224974,72527.453125
3338.4898550051653,72523.4140625
3338.491243887601,72469.765625
3338.492632770269,72486.7109375
3338.4940216529367,72512.71875
3338.4954105353722,72572.5078125
3338.4967994180406,72532.40625
3338.4981883004752,72484.8359375
3338.4995771831436,72489.875
3338.500966065812,72420.8359375
3338.50235494848,72522.390625
3338.5037438309146,72498.0859375
3338.505132713583,72514.6875
3338.5065215962513,72492.390625
3338.507910478686,72446.2734375
3338.509299361354,72466.7578125
3338.5106882440214,72493.6640625
3338.512077126689,72547.15625
3338.5134660093577,72536.765625
3338.5148548917928,72496.1953125
3338.5162437744607,72521.5625
3338.517632657128,72435.890625
3338.5190215397965,72470.140625
3338.520410422465,72545.7890625
3338.5217993051324,72587.5546875
3338.5231881878008,72448.78125
3338.5245770702363,72535.5078125
3338.5259659529042,72551.734375
3338.527354835572,72505.6953125
3338.528743718241,72546.3359375
3338.5301326009085,72542.9296875
3338.531521483577,72536.0234375
3338.532910366245,72540.578125
3338.5342992489127,72427.5390625
3338.5356881315806,72570.2421875
3338.5370770142486,72539.96875
3338.5384658969174,72516.1171875
3338.5398547795844,72511.0078125
3338.541243662486,72522.703125
3338.542632545154,72512.0
3338.544021427822,72499.390625
3338.5454103104903,72508.2734375
3338.5467991931587,72457.2109375
3338.5481880758266,72467.21875
3338.5495769584945,72481.8671875
3338.550965841163,72527.9375
3338.552354724063,72394.0
3338.553743606731,72517.53125
3338.5551324893995,72549.8046875
3338.556521372068,72496.8828125
3338.557910254968,72460.65625
3338.5592991376366,72523.1328125
3338.560688020305,72521.8046875
3338.5620769029724,72516.8125
3338.5634657858736,72449.15625
3338.564854668541,72486.203125
3338.566243551208,72533.46875
3338.56763243411,72456.515625
3338.5690213167777,72497.3515625
3338.5704101994456,72526.984375
3338.5717990823464,72483.796875
3338.5731879650143,72491.828125
3338.5745768479155,72413.6484375
3338.575965730583,72440.7734375
3338.577354613252,72418.703125
3338.5787434961526,72523.21875
3338.5801323788205,72477.1015625
3338.5815212617213,72464.078125
3338.58291014439,72532.8828125
3338.5842990272904,72498.6015625
3338.585687909958,72523.5078125
3338.5870767928595,72492.75
3338.5884656755275,72516.1328125
3338.589854558428,72542.4921875
3338.591243441096,72521.6796875
3338.592632323998,72527.4765625
3338.5940212066653,72481.6171875
3338.5954100895665,72459.671875
3338.5967989724672,72547.078125
3338.598187855135,72486.5234375
3338.5995767380364,72518.9921875
3338.6009656209376,72541.8125
3338.6023545036055,72542.953125
3338.6037433865054,72565.1953125
3338.605132269407,72519.96875
3338.606521152075,72483.265625
3338.6079100349757,72510.5703125
3338.609298917877,72527.40625
3338.6106878005453,72495.6953125
3338.612076683446,72512.0859375
3338.613465566347,72410.640625
3338.614854449248,72493.2890625
3338.6162433321483,72491.8515625
3338.617632214817,72500.484375
3338.619021097718,72434.578125
3338.6204099806187,72474.0
3338.6217988635185,72454.8359375
3338.623187746419,72566.1171875
3338.62457662932,72533.828125
3338.625965511988,72528.78125
3338.6273543948887,72525.96875
3338.6287432777904,72522.0546875
3338.63013216069,72493.53125
3338.631521043592,72483.265625
3338.6329099264926,72453.4375
3338.6342988093934,72463.0859375
3338.635687692294,72402.125
3338.637076575195,72547.671875
3338.638465458096,72468.21875
3338.6398543409964,72519.7265625
3338.641243223898,72474.4296875
3338.642632106799,72414.234375
3338.6440209896996,72403.765625
3338.6454098726003,72525.578125
3338.646798755502,72533.3984375
3338.6481876384023,72543.390625
3338.6495765213035,72514.875
3338.6509654042047,72511.15625
3338.652354287105,72489.0546875
3338.6537431702386,72503.84375
3338.6551320531394,72479.6328125
3338.656520936041,72546.203125
3338.6579098189413,72529.6875
3338.6592987018425,72499.5625
3338.6606875847433,72449.9296875
3338.662076467877,72543.9296875
3338.663465350778,72561.9140625
3338.6648542336793,72512.5703125
3338.66624311658,72504.0546875
3338.667631999481,72557.4453125
3338.6690208826153,72523.78125
3338.670409765515,72502.953125
3338.671798648416,72477.6953125
3338.67318753155,72508.171875
3338.674576414451,72477.1171875
3338.675965297352,72556.8046875
3338.6773541804855,72549.4296875
3338.6787430633863,72444.703125
3338.680131946286,72537.0625
3338.6815208294197,72468.9375
3338.6829097123214,72482.2265625
3338.684298595221,72511.7109375
3338.685687478355,72482.5
3338.687076361256,72381.65625
3338.68846524439,72477.1484375
3338.689854127291,72497.6171875
3338.6912430101916,72495.453125
3338.692631893326,72465.90625
3338.694020776226,72518.2578125
3338.6954096593604,72494.0390625
3338.696798542261,72455.84375
3338.6981874253947,72521.8046875
3338.699576308296,72442.1015625
3338.70096519143,72414.40625
3338.7023540743303,72492.796875
3338.7037429574634,72480.0546875
3338.705131840598,72489.6640625
3338.7065207234987,72443.609375
3338.7079096066323,72494.9765625
3338.7092984895335,72549.0546875
3338.7106873726675,72376.9609375
3338.7120762558006,72399.15625
3338.713465138702,72434.21875
3338.714854021836,72426.5625
3338.716242904736,72468.171875
3338.7176317878702,72423.3203125
3338.7190206710043,72456.953125
3338.720409553905,72391.8828125
3338.721798437038,72474.546875
3338.723187320172,72500.171875
3338.7245762033062,72502.265625
3338.7259650862065,72435.9609375
3338.7273539693406,72505.0078125
3338.7287428524746,72448.8359375
3338.730131735608,72391.09375
3338.731520618509,72421.4765625
3338.7329095016435,72438.9140625
3338.7342983847757,72470.7265625
3338.7356872679084,72438.7421875
3338.7370761510424,72515.5234375
3338.7384650339436,72507.5
3338.7398539170767,72435.328125
3338.741242800211,72485.5546875
3338.742631683345,72468.25
3338.7440205664784,72421.4921875
3338.745409449612,72509.0
3338.7467983327465,72394.484375
3338.7481872158796,72402.7265625
3338.749576098781,72417.875
3338.7509649819144,72459.203125
3338.752353865048,72453.078125
3338.7537427481816,72432.8046875
3338.755131631315,72370.9453125
3338.7565205144497,72472.40625
3338.7579093975824,72374.2265625
3338.759298280717,72431.2109375
3338.7606871638504,72289.90625
3338.762076046984,72163.28125
3338.763464930118,72007.8359375
3338.764853813252,71770.125
3338.7662426963857,71564.0078125
3338.7676315795193,71231.9140625
3338.7690204626533,71008.546875
3338.7704093460193,70662.2890625
3338.771798229153,70276.921875
3338.773187112287,70020.15625
3338.774575995421,69614.5234375
3338.775964878554,69234.65625
3338.777353761688,68774.3828125
3338.778742644822,68392.5234375
3338.7801315279553,67937.1171875
3338.781520411322,67477.890625
3338.782909294456,67078.078125
3338.78429817759,66582.0
3338.785687060723,65997.90625
3338.787075943857,65538.2734375
3338.788464826991,65009.94921875
3338.789853710357,64513.97265625
3338.7912425934906,63928.3046875
3338.7926314766237,63348.94140625
3338.794020359757,62792.26171875
3338.795409243124,62141.69140625
3338.7967981262577,61617.09375
3338.7981870093913,61124.46484375
3338.800964775892,59839.71875
3338.8023536590254,59300.875
3338.8037425421585,58638.46875
3338.805131425526,58050.8515625
3338.807909191793,56747.5625
3338.8092980751594,56156.234375
3338.810686958294,55507.3828125
3338.81207584166,54916.515625
3338.813464724794,54247.13671875
3338.816242491294,52966.74609375
3338.819020257795,51738.59765625
3338.8204091409284,51129.625
3338.821798024294,50490.32421875
3338.8231869074284,49936.43359375
3338.8259646739284,48706.9609375
3338.8273535570625,48093.41796875
3338.8287424404293,47495.90625
3338.830131323563,46989.36328125
3338.8315202069293,46411.875
3338.8329090900634,45910.07421875
3338.8342979734293,45353.87109375
3338.8356868567957,44891.9140625
3338.83707573993,44408.1953125
3338.8384646232967,43896.65234375
3338.83985350643,43532.16015625
3338.8412423897967,43084.296875
3338.8426312729307,42714.03515625
3338.8440201562967,42401.8203125
3338.845409039664,42094.21875
3338.846797922797,41831.94921875
3338.848186806162,41559.66796875
3338.8495756895295,41320.34765625
3338.850964572663,41165.296875
3338.8523534560295,41018.95703125
3338.853742339163,40929.5390625
3338.8551312225295,40908.65234375
3338.8565201058964,40888.6875
3338.8579089892623,40970.09375
3338.859297872397,41018.3125
3338.8606867557633,41142.08984375
3338.8620756391297,41251.0234375
3338.8634645222633,41455.76953125
3338.8648534056306,41735.546875
3338.8662422889965,42012.63671875
3338.8676311723625,42253.01171875
3338.869020055497,42545.9140625
3338.8704089388634,43030.05078125
3338.87179782223,43403.41015625
3338.8731867055963,43825.71875
3338.8745755887307,44211.0859375
3338.8759644720967,44731.1875
3338.8773533554636,45236.73828125
3338.87874223883,45671.89453125
3338.8801311221964,46251.8359375
3338.8815200055633,46821.0546875
3338.8829088886973,47351.01171875
3338.8842977720637,47964.94140625
3338.8856866554297,48539.53125
3338.8870755387966,49073.26953125
3338.8898533055294,50353.109375
3338.8912421888963,50927.89453125
3338.8940199556296,52148.84375
3338.895408838763,52799.65234375
3338.89679772213,53378.33984375
3338.898186605496,54007.4296875
3338.9009643722297,55290.87109375
3338.902353255596,55949.46484375
3338.9037421389617,56485.70703125
3338.9051310223276,57144.91796875
3338.9065199056945,57746.30859375
3338.907908789061,58333.55078125
3338.9092976724273,59025.80078125
3338.9106865557947,59655.14453125
3338.91207543916,60226.453125
3338.9134643225275,60762.84375
3338.914853205894,61333.83203125
3338.9176309726267,62558.76953125
3338.919019855993,63130.68359375
3338.92040873936,63716.00390625
3338.921797622959,64136.0625
3338.923186506326,64778.26171875
3338.9245753896926,65234.40234375
3338.925964273059,65831.25
3338.927353156426,66239.265625
3338.9287420397927,66749.9296875
3338.9301309231587,67259.7890625
3338.9315198065256,67743.5
3338.9329086898924,68194.9296875
3338.934297573491,68569.2890625
3338.9356864568576,68992.171875
3338.937075340224,69442.1640625
3338.9384642235914,69771.5
3338.9398531069573,70136.984375
3338.941241990324,70455.6171875
3338.9426308739235,70826.59375
3338.94401975729,71085.3828125
3338.9454086406568,71442.6015625
3338.9467975240236,71653.5703125
3338.94818640739,71816.109375
3338.949575290989,71978.6796875
3338.9509641743557,72232.9453125
3338.952353057722,72252.7109375
3338.9537419410885,72301.703125
3338.9551308246882,72346.109375
3338.956519708055,72374.6875
3338.9579085914215,72320.3046875
3338.959297474788,72317.921875
3338.960686358387,72430.890625
3338.9620752417527,72350.546875
3338.963464125119,72328.40625
3338.9648530087193,72416.921875
3338.9662418920852,72339.3671875
3338.967630775451,72316.59375
3338.969019658818,72323.71875
3338.9704085424178,72365.75
3338.971797425784,72319.234375
3338.9731863091506,72287.7265625
3338.9745751927508,72318.7578125
3338.9759640761163,72343.3125
3338.9773529597164,72318.0390625
3338.978741843083,72352.65625
3338.9801307264493,72329.546875
3338.981519610049,72331.3359375
3338.982908493416,72323.7421875
3338.9842973767823,72366.5546875
3338.9856862603806,72374.15625
3338.987075143748,72385.75
3338.988464027347,72346.8671875
3338.9898529107136,72317.1484375
3338.9912417943133,72350.0390625
3338.99263067768,72365.0546875
3338.994019561046,72332.375
3338.995408444646,72372.671875
3338.9967973280127,72393.8125
3338.9981862116115,72283.71875
3338.999575094978,72347.6484375
3339.000963978577,72361.671875
3339.0023528619445,72394.3515625
3339.0037417455433,72351.6484375
3339.00513062891,72363.125
3339.00651951251,72360.3515625
3339.007908395876,72459.703125
3339.0092972794755,72363.984375
3339.0106861628424,72452.40625
3339.0120750464416,72383.3125
3339.013463929808,72426.2578125
3339.014852813408,72405.6640625
3339.0162416967732,72353.5703125
3339.0176305803716,72350.6953125
3339.0190194637385,72338.78125
3339.020408347338,72385.109375
3339.021797230704,72454.1171875
3339.0231861143043,72351.34375
3339.0245749979035,72411.3125
3339.02596388127,72379.0703125
3339.027352764869,72421.9296875
3339.0287416482365,72415.9375
3339.0301305318353,72351.09375
3339.031519415434,72427.5078125
3339.032908298801,72372.359375
3339.0342971824007,72414.984375
3339.035686065767,72472.5546875
3339.0370749493663,72454.6015625
3339.0384638329665,72402.96875
3339.039852716332,72421.9765625
3339.041241599932,72395.1328125
3339.0426304835314,72419.0703125
3339.044019366898,72413.4140625
3339.0454082504975,72476.1953125
3339.0467971338644,72497.140625
3339.0481860174636,72405.21875
3339.049574901062,72500.6015625
3339.0509637844293,72428.3046875
3339.0523526680286,72457.09375
3339.053741551628,72434.8359375
3339.0551304352275,72342.7890625
3339.0565193185944,72469.2890625
3339.057908202193,72456.1796875
3339.059297085793,72462.984375
3339.0606859691597,72448.796875
3339.0620748527585,72423.9296875
3339.063463736358,72457.8046875
3339.0648526197247,72479.6953125
3339.0662415033244,72431.8046875
3339.067630386923,72455.78125
3339.069019270523,72468.0703125
3339.0704081538897,72501.28125
3339.0717970374885,72489.3046875
3339.0731859210878,72567.2734375
3339.0745748046866,72494.7265625
3339.0759636880525,72536.578125
3339.0773525716527,72436.6171875
3339.078741455252,72629.2578125
3339.080130338851,72538.9609375
3339.08151922245,72511.9609375
3339.082908105817,72569.0390625
3339.0842969894165,72488.0703125
3339.0856858730153,72435.140625
3339.0870747566155,72586.4921875
3339.088463639982,72533.78125
3339.089852523581,72561.9921875
3339.0912414071804,72505.1328125
3339.0926302907806,72541.7265625
3339.0940191743794,72583.8203125
3339.0954080577453,72588.0390625
3339.096796941345,72600.703125
3339.0981858249447,72571.703125
3339.099574708544,72568.09375
3339.100963592143,72556.96875
3339.1023524757434,72573.25
3339.1037413591093,72658.1875
3339.105130242709,72618.5
3339.1065191263083,72661.203125
3339.1079080099075,72624.2734375
3339.1092968935072,72589.5234375
3339.110685777107,72642.96875
3339.112074660706,72620.953125
3339.1134635440717,72717.15625
3339.114852427672,72638.734375
3339.116241311271,72645.53125
3339.1176301948703,72741.9609375
3339.11901907847,72724.7265625
3339.1204079620697,72658.7734375
3339.1217968456685,72703.4453125
3339.1231857292682,72691.6875
3339.124574612868,72747.8515625
3339.125963496234,72735.0078125
3339.127352379833,72746.9609375
3339.1287412634324,72718.09375
3339.1301301470307,72745.8828125
3339.13151903063,72715.84375
3339.1329079142297,72764.4375
3339.1342967978294,72730.8359375
3339.1356856814286,72764.7109375
3339.137074565028,72815.96875
3339.1384634486276,72780.3515625
3339.1398523322264,72781.1171875
3339.1412412158265,72817.6015625
3339.142630099426,72884.8828125
3339.144018982792,72840.0703125
3339.1454078663915,72805.953125
3339.1467967499907,72897.9140625
3339.1481856335904,72883.203125
3339.149574517189,72790.84375
3339.1509634007894,72921.8984375
3339.1523522843886,72865.8828125
3339.153741167988,72844.6171875
3339.155130051587,72865.515625
3339.1565189351873,72917.4375
3339.157907818786,72932.2578125
3339.159296702385,72971.0234375
3339.1606855859845,72885.5234375
3339.1620744695842,72977.453125
3339.1634633531835,72916.90625
3339.1648522367827,72909.9296875
3339.166241120383,72982.625
3339.1676300039817,72942.0
3339.1690188875814,72992.7421875
3339.1704077711806,72942.765625
3339.17179665478,73013.4609375
3339.1731855383796,73008.9140625
3339.1745744219793,73023.625
3339.1759633055785,73001.65625
3339.177352189177,73032.203125
3339.178741072777,72958.3828125
3339.1801299563763,73005.8828125
3339.1815188399755,73029.4375
3339.182907723575,73066.84375
3339.184296607175,73079.734375
3339.1856854907733,73065.0078125
3339.187074374372,72951.3984375
3339.1884632579718,73103.5234375
3339.189852141571,73068.03125
3339.19124102517,73038.265625
3339.1926299087695,73050.640625
3339.1940187923688,73130.2890625
3339.195407675968,73078.4375
3339.1967965595677,73038.3359375
3339.1981854431674,73101.234375
3339.1995743267667,73071.9140625
3339.200963210366,73111.015625
3339.2023520939656,73073.4140625
3339.2037409775644,73137.4765625
3339.2051298611646,73121.3828125
3339.206518744764,73161.203125
3339.207907628363,73114.546875
3339.2092965119623,73211.3515625
3339.2106853955615,73094.09375
3339.2120742791612,73127.5078125
3339.213463162993,73163.3515625
3339.214852046593,73144.484375
3339.2162409301923,73196.515625
3339.2176298137915,73160.4921875
3339.2190186973908,73168.8515625
3339.220407580991,73129.34375
3339.2217964645897,73226.6640625
3339.2231853481885,73151.4765625
3339.2245742317887,73211.5390625
3339.225963115388,73188.015625
3339.227351998987,73183.3046875
3339.2287408825864,73181.3515625
3339.2301297661866,73194.7734375
3339.2315186497854,73266.6953125
3339.232907533385,73147.40625
3339.2342964169843,73173.609375
3339.2356853005836,73220.3984375
3339.2370741841833,73204.5234375
3339.238463068016,73204.40625
3339.239851951615,73154.2421875
3339.2412408352134,73217.53125
3339.2426297188126,73182.0859375
3339.244018602412,73162.78125
3339.2454074860107,73161.125
3339.2467963696104,73177.7890625
3339.24818525321,73186.59375
3339.249574136809,73204.7109375
3339.2509630204086,73136.8125
3339.2523519040083,73129.484375
3339.2537407876075,73131.1484375
3339.2551296712063,73135.859375
3339.256518554806,73083.9609375
3339.2579074384053,73128.578125
3339.2592963222373,73196.296875
3339.260685205837,73204.2265625
3339.2620740894367,73115.984375
3339.263462973036,73219.71875
3339.2648518566352,73142.453125
3339.2662407402354,73201.6640625
3339.2676296238337,73088.796875
3339.269018507434,73086.6484375
3339.270407391033,73134.71875
3339.2717962746324,73095.9140625
3339.2731851582316,73103.8984375
3339.274574041831,73144.6171875
3339.2759629254306,73149.7734375
3339.2773518090294,73122.734375
3339.2787406928624,73121.0546875
3339.2801295764616,73054.5078125
3339.281518460061,73157.7421875
3339.2829073436606,73077.28125
3339.2842962272603,73084.9609375
3339.285685110859,73048.1171875
3339.287073994458,73038.4140625
3339.288462878058,73071.4140625
3339.2898517616572,73061.03125
3339.2912406452565,73079.4453125
3339.2926295288557,72957.234375
3339.294018412456,72979.2578125
3339.2954072960547,73037.4921875
3339.2967961796544,73088.6640625
3339.298185063253,73007.3203125
3339.2995739470844,72996.4140625
3339.300962830684,72968.3984375
3339.3023517142838,72985.078125
3339.3037405978826,73034.3359375
3339.305129481482,72971.3671875
3339.3065183650815,73071.71875
3339.307907248681,72977.2578125
3339.30929613228,72903.1171875
3339.3106850158797,72889.6796875
3339.3120738994794,72905.9375
3339.313462783078,72928.890625
3339.314851666678,72869.40625
3339.3162405502776,72906.3671875
3339.317629433877,72874.515625
3339.3190183174756,72879.1796875
3339.3204072010753,72844.8046875
3339.321796084675,72885.765625
3339.323184968274,72905.875
3339.3245738518735,72852.5
3339.3259627354732,72893.7578125
3339.3273516193053,72879.90625
3339.3287405029046,72782.6015625
3339.3301293865047,72821.296875
3339.331518270103,72802.421875
3339.332907153703,72858.9765625
3339.3342960373025,72820.59375
3339.3356849209017,72815.8125
3339.337073804501,72863.421875
3339.3384626881,72652.6015625
3339.3398515717,72695.90625
3339.3412404552987,72808.3046875
3339.342629338899,72794.8515625
3339.344018222498,72721.625
3339.3454071060974,72755.1796875
3339.346795989697,72755.578125
3339.3481848732968,72729.359375
3339.3495737568956,72735.1875
3339.3509626404943,72758.7734375
3339.3523515240945,72656.578125
3339.3537404076937,72720.7890625
3339.355129291292,72722.296875
3339.3565181748913,72745.53125
3339.3579070584906,72638.3671875
3339.35929594209,72639.3359375
3339.3606848256895,72633.3515625
3339.3620737092892,72639.5078125
3339.3634625928885,72659.9296875
3339.3648514764877,72616.453125
3339.3662403600874,72635.0078125
3339.367629243686,72620.6953125
3339.3690181272855,72631.640625
3339.370407010885,72545.734375
3339.371795894485,72600.1953125
3339.3731847780837,72603.3515625
3339.3745736616834,72525.40625
3339.375962545283,72561.8125
3339.377351428882,72568.3984375
3339.3787403124816,72621.0
3339.3801291960813,72518.78125
3339.3815180796805,72573.765625
3339.3829069632793,72572.9453125
3339.384295846879,72459.484375
3339.385684730246,72490.6171875
3339.3870736138447,72587.875
3339.3884624974444,72422.4140625
3339.389851381044,72484.2734375
3339.3912402646433,72564.734375
3339.3926291482426,72391.09375
3339.3940180318427,72452.359375
3339.395406915441,72493.0546875
3339.3967957990403,72489.0859375
3339.39818468264,72382.140625
3339.3995735662397,72439.9765625
3339.400962449839,72424.9140625
3339.402351333438,72436.7421875
3339.4037402170384,72519.2421875
3339.405129100404,72481.3203125
3339.406517984004,72492.40625
3339.4079068676033,72468.8671875
3339.4092957512025,72439.25
3339.410684634802,72377.6953125
3339.4120735184,72359.046875
3339.4134624019994,72361.765625
3339.4148512855986,72424.4765625
3339.416240169198,72412.5234375
3339.417629052565,72368.9140625
3339.4190179361635,72414.21875
3339.4204068197637,72347.53125
3339.421795703363,72398.25
3339.423184586962,72374.828125
3339.424573470562,72376.0234375
3339.4259623541616,72442.6640625
3339.427351237761,72395.640625
3339.4287401211263,72379.5
3339.4301290047265,72365.78125
3339.4315178883257,72349.5546875
3339.432906771925,72239.0625
3339.4342956555247,72306.578125
3339.4356845391244,72353.40625
3339.4370734224904,72449.15625
3339.43846230609,72366.4375
3339.4398511896898,72312.6015625
3339.4412400732886,72293.8671875
3339.4426289568887,72330.6796875
3339.444017840255,72308.34375
3339.4454067238544,72318.4140625
3339.446795607453,72287.125
3339.448184491053,72379.5703125
3339.4495733746526,72302.75
3339.4509622580185,72309.2890625
3339.4523511416182,72296.09375
3339.453740025218,72223.703125
3339.455128908817,72307.984375
3339.4565177921836,72306.671875
3339.4579066757838,72353.3359375
3339.459295559382,72253.921875
3339.4606844429813,72298.8203125
3339.462073326348,72296.8671875
3339.463462209948,72333.8046875
3339.464851093547,72225.9140625
3339.4662399771464,72324.4609375
3339.467628860513,72212.328125
3339.469017744111,72223.25
3339.4704066277104,72307.34375
3339.4717955113106,72213.4609375
3339.4731843946765,72333.5625
3339.4745732782753,72340.484375
3339.475962161875,72195.296875
3339.477351045242,72152.0546875
3339.478739928841,72044.3046875
3339.4801288124404,71924.921875
3339.4815176958077,71792.7265625
3339.4829065794065,71603.8125
3339.484295463006,71422.3046875
3339.4856843463726,71359.125
3339.487073229972,71071.7734375
3339.4884621135716,70868.7734375
3339.4898509969385,70677.0546875
3339.4912398805377,70416.96875
3339.492628764136,70157.9296875
3339.4940176475034,69913.21875
3339.4954065311026,69728.265625
3339.496795414702,69380.1796875
3339.4981842980687,69089.5546875
3339.4995731816684,68829.828125
3339.5009620650344,68474.578125
3339.502350948634,68207.7109375
3339.503739832234,67906.1640625
3339.5051287155998,67641.546875
3339.506517599199,67288.34375
3339.507906482566,66951.234375
3339.5092953661656,66703.0546875
3339.5106842497644,66312.34375
3339.5120731331313,65904.8203125
3339.513462016731,65656.3515625
3339.514850900097,65310.8671875
3339.5162397836966,64957.0703125
3339.5176286670635,64499.84765625
3339.5190175506627,64224.609375
3339.520406434029,63849.3046875
3339.5217953176293,63509.34375
3339.5231842009953,63226.96875
3339.5245730845936,62859.91796875
3339.5259619679596,62449.60546875
3339.5273508515593,62053.67578125
3339.5287397349252,61765.12109375
3339.5301286185254,61418.98046875
3339.531517501892,61045.6328125
3339.532906385491,60676.26953125
3339.5342952688575,60394.15625
3339.5356841524576,60077.94140625
3339.5370730358236,59758.2109375
3339.5384619194224,59389.80078125
3339.5398508027893,59057.08984375
3339.541239686156,58844.625
3339.5426285697554,58515.4453125
3339.544017453122,58172.578125
3339.545406336722,57935.0625
3339.546795220088,57669.9140625
3339.5481841036876,57431.00390625
3339.549572987054,57181.875
3339.5509618704205,57049.95703125
3339.5523507540197,56843.14453125
3339.553739637386,56699.57421875
3339.5551285209863,56520.6953125
3339.556517404352,56415.7265625
3339.557906287719,56374.98046875
3339.5592951713184,56235.265625
3339.5606840546848,56257.99609375
3339.5620729380516,56255.99609375
3339.5634618216513,56342.359375
3339.5648507050178,56254.7578125
